Folder,Number,Vy,Tram,Linh,Final
chill/lofi,1,chill/lofi,chill/lofi,chill/lofi,chill/lofi
chill/lofi,2,chill/lofi,chill/lofi,chill/lofi,chill/lofi
chill/lofi,3,chill/lofi,cinematic/epic,chill/lofi,DISCARD_TIE
chill/lofi,4,chill/lofi,chill/lofi,chill/lofi,chill/lofi
chill/lofi,5,chill/lofi,chill/lofi,chill/lofi,chill/lofi
chill/lofi,6,chill/lofi,chill/lofi,chill/lofi,chill/lofi
chill/lofi,7,chill/lofi,chill/lofi,chill/lofi,chill/lofi
chill/lofi,8,chill/lofi,cinematic/epic,chill/lofi,DISCARD_TIE
chill/lofi,9,chill/lofi,chill/lofi,chill/lofi,chill/lofi
chill/lofi,10,chill/lofi,chill/lofi,chill/lofi,chill/lofi
chill/lofi,11,chill/lofi,chill/lofi,chill/lofi,chill/lofi
chill/lofi,12,chill/lofi,chill/lofi,chill/lofi,chill/lofi
chill/lofi,13,soft/gentle,chill/lofi,chill/lofi,DISCARD_TIE
chill/lofi,14,chill/lofi,chill/lofi,chill/lofi,chill/lofi
chill/lofi,15,chill/lofi,chill/lofi,chill/lofi,chill/lofi
chill/lofi,16,chill/lofi,chill/lofi,chill/lofi,chill/lofi
chill/lofi,17,chill/lofi,chill/lofi,chill/lofi,chill/lofi
chill/lofi,18,chill/lofi,chill/lofi,chill/lofi,chill/lofi
chill/lofi,19,chill/lofi,chill/lofi,chill/lofi,chill/lofi
chill/lofi,20,chill/lofi,chill/lofi,chill/lofi,chill/lofi
chill/lofi,21,chill/lofi,chill/lofi,chill/lofi,chill/lofi
chill/lofi,22,chill/lofi,chill/lofi,chill/lofi,chill/lofi
chill/lofi,23,chill/lofi,chill/lofi,chill/lofi,chill/lofi
chill/lofi,24,chill/lofi,chill/lofi,chill/lofi,chill/lofi
chill/lofi,25,chill/lofi,chill/lofi,chill/lofi,chill/lofi
chill/lofi,26,chill/lofi,chill/lofi,chill/lofi,chill/lofi
chill/lofi,27,chill/lofi,chill/lofi,chill/lofi,chill/lofi
chill/lofi,29,chill/lofi,chill/lofi,chill/lofi,chill/lofi
chill/lofi,30,chill/lofi,chill/lofi,chill/lofi,chill/lofi
chill/lofi,31,chill/lofi,chill/lofi,chill/lofi,chill/lofi
chill/lofi,32,chill/lofi,chill/lofi,chill/lofi,chill/lofi
chill/lofi,33,chill/lofi,chill/lofi,chill/lofi,chill/lofi
chill/lofi,34,chill/lofi,chill/lofi,chill/lofi,chill/lofi
chill/lofi,35,chill/lofi,chill/lofi,chill/lofi,chill/lofi
chill/lofi,36,chill/lofi,chill/lofi,chill/lofi,chill/lofi
chill/lofi,37,chill/lofi,chill/lofi,chill/lofi,chill/lofi
chill/lofi,38,chill/lofi,chill/lofi,chill/lofi,chill/lofi
chill/lofi,39,chill/lofi,chill/lofi,chill/lofi,chill/lofi
chill/lofi,40,chill/lofi,chill/lofi,chill/lofi,chill/lofi
chill/lofi,41,chill/lofi,chill/lofi,chill/lofi,chill/lofi
chill/lofi,42,chill/lofi,chill/lofi,chill/lofi,chill/lofi
chill/lofi,43,chill/lofi,chill/lofi,chill/lofi,chill/lofi
chill/lofi,44,chill/lofi,chill/lofi,chill/lofi,chill/lofi
chill/lofi,45,chill/lofi,chill/lofi,chill/lofi,chill/lofi
chill/lofi,46,chill/lofi,chill/lofi,chill/lofi,chill/lofi
chill/lofi,47,soft/gentle,chill/lofi,soft/gentle,DISCARD_TIE
chill/lofi,48,chill/lofi,chill/lofi,chill/lofi,chill/lofi
chill/lofi,49,chill/lofi,chill/lofi,chill/lofi,chill/lofi
chill/lofi,50,chill/lofi,chill/lofi,melancholic/sad,chill/lofi
chill/lofi,51,chill/lofi,chill/lofi,melancholic/sad,chill/lofi
chill/lofi,52,chill/lofi,chill/lofi,melancholic/sad,chill/lofi
chill/lofi,55,chill/lofi,chill/lofi,melancholic/sad,chill/lofi
chill/lofi,56,chill/lofi,chill/lofi,chill/lofi,chill/lofi
chill/lofi,57,chill/lofi,chill/lofi,chill/lofi,chill/lofi
chill/lofi,58,chill/lofi,chill/lofi,melancholic/sad,chill/lofi
chill/lofi,59,chill/lofi,chill/lofi,melancholic/sad,chill/lofi
chill/lofi,60,chill/lofi,chill/lofi,chill/lofi,chill/lofi
chill/lofi,61,chill/lofi,chill/lofi,chill/lofi,chill/lofi
chill/lofi,62,chill/lofi,chill/lofi,chill/lofi,chill/lofi
chill/lofi,63,chill/lofi,chill/lofi,chill/lofi,chill/lofi
chill/lofi,64,chill/lofi,chill/lofi,chill/lofi,chill/lofi
chill/lofi,65,hype/energetic,hype/energetic,chill/lofi,hype/energetic
chill/lofi,66,chill/lofi,chill/lofi,chill/lofi,chill/lofi
chill/lofi,67,chill/lofi,chill/lofi,chill/lofi,chill/lofi
chill/lofi,68,chill/lofi,chill/lofi,chill/lofi,chill/lofi
chill/lofi,69,chill/lofi,chill/lofi,chill/lofi,chill/lofi
chill/lofi,70,chill/lofi,chill/lofi,chill/lofi,chill/lofi
chill/lofi,71,chill/lofi,chill/lofi,chill/lofi,chill/lofi
chill/lofi,72,chill/lofi,chill/lofi,chill/lofi,chill/lofi
chill/lofi,73,chill/lofi,chill/lofi,chill/lofi,chill/lofi
chill/lofi,74,chill/lofi,chill/lofi,chill/lofi,chill/lofi
chill/lofi,75,chill/lofi,chill/lofi,chill/lofi,chill/lofi
chill/lofi,77,chill/lofi,chill/lofi,chill/lofi,chill/lofi
chill/lofi,78,chill/lofi,chill/lofi,chill/lofi,chill/lofi
chill/lofi,79,chill/lofi,chill/lofi,chill/lofi,chill/lofi
chill/lofi,80,chill/lofi,chill/lofi,chill/lofi,chill/lofi
chill/lofi,81,melancholic/sad,melancholic/sad,melancholic/sad,melancholic/sad
chill/lofi,82,cinematic/epic,cinematic/epic,cinematic/epic,cinematic/epic
chill/lofi,83,chill/lofi,chill/lofi,chill/lofi,chill/lofi
chill/lofi,89,cinematic/epic,cinematic/epic,cinematic/epic,cinematic/epic
chill/lofi,90,cinematic/epic,cinematic/epic,cinematic/epic,cinematic/epic
chill/lofi,93,cinematic/epic,cinematic/epic,cinematic/epic,cinematic/epic
chill/lofi,94,cinematic/epic,cinematic/epic,cinematic/epic,cinematic/epic
chill/lofi,95,cinematic/epic,cinematic/epic,cinematic/epic,cinematic/epic
chill/lofi,96,cinematic/epic,cinematic/epic,cinematic/epic,cinematic/epic
chill/lofi,98,cinematic/epic,cinematic/epic,cinematic/epic,cinematic/epic
chill/lofi,100,cinematic/epic,cinematic/epic,cinematic/epic,cinematic/epic
chill/lofi,101,chill/lofi,chill/lofi,chill/lofi,chill/lofi
chill/lofi,102,chill/lofi,chill/lofi,chill/lofi,chill/lofi
chill/lofi,103,chill/lofi,chill/lofi,chill/lofi,chill/lofi
chill/lofi,104,chill/lofi,chill/lofi,chill/lofi,chill/lofi
chill/lofi,105,chill/lofi,chill/lofi,chill/lofi,chill/lofi
chill/lofi,106,chill/lofi,chill/lofi,chill/lofi,chill/lofi
chill/lofi,107,chill/lofi,hype/energetic,chill/lofi,DISCARD_TIE
chill/lofi,108,chill/lofi,chill/lofi,chill/lofi,chill/lofi
chill/lofi,109,chill/lofi,hype/energetic,chill/lofi,DISCARD_TIE
chill/lofi,110,chill/lofi,chill/lofi,chill/lofi,chill/lofi
chill/lofi,111,chill/lofi,chill/lofi,chill/lofi,chill/lofi
chill/lofi,112,chill/lofi,chill/lofi,chill/lofi,chill/lofi
chill/lofi,113,chill/lofi,chill/lofi,chill/lofi,chill/lofi
chill/lofi,114,chill/lofi,chill/lofi,chill/lofi,chill/lofi
chill/lofi,115,chill/lofi,chill/lofi,chill/lofi,chill/lofi
chill/lofi,116,chill/lofi,chill/lofi,chill/lofi,chill/lofi
chill/lofi,117,chill/lofi,chill/lofi,chill/lofi,chill/lofi
chill/lofi,118,chill/lofi,chill/lofi,chill/lofi,chill/lofi
chill/lofi,119,chill/lofi,chill/lofi,chill/lofi,chill/lofi
chill/lofi,120,chill/lofi,chill/lofi,chill/lofi,chill/lofi
chill/lofi,121,melancholic/sad,melancholic/sad,melancholic/sad,melancholic/sad
chill/lofi,123,melancholic/sad,melancholic/sad,melancholic/sad,melancholic/sad
chill/lofi,124,melancholic/sad,melancholic/sad,melancholic/sad,melancholic/sad
chill/lofi,125,melancholic/sad,melancholic/sad,chill/lofi,melancholic/sad
chill/lofi,127,melancholic/sad,melancholic/sad,chill/lofi,melancholic/sad
chill/lofi,130,melancholic/sad,melancholic/sad,chill/lofi,melancholic/sad
chill/lofi,131,melancholic/sad,chill/lofi,chill/lofi,DISCARD_TIE
chill/lofi,132,melancholic/sad,melancholic/sad,melancholic/sad,melancholic/sad
chill/lofi,133,melancholic/sad,melancholic/sad,chill/lofi,melancholic/sad
chill/lofi,134,melancholic/sad,melancholic/sad,melancholic/sad,melancholic/sad
chill/lofi,135,melancholic/sad,melancholic/sad,chill/lofi,melancholic/sad
chill/lofi,136,melancholic/sad,melancholic/sad,chill/lofi,melancholic/sad
chill/lofi,137,melancholic/sad,melancholic/sad,melancholic/sad,melancholic/sad
chill/lofi,138,melancholic/sad,chill/lofi,chill/lofi,DISCARD_TIE
chill/lofi,139,melancholic/sad,melancholic/sad,melancholic/sad,melancholic/sad
chill/lofi,140,melancholic/sad,melancholic/sad,melancholic/sad,melancholic/sad
chill/lofi,141,chill/lofi,chill/lofi,chill/lofi,chill/lofi
chill/lofi,142,chill/lofi,chill/lofi,chill/lofi,chill/lofi
chill/lofi,143,chill/lofi,chill/lofi,chill/lofi,chill/lofi
chill/lofi,145,chill/lofi,chill/lofi,chill/lofi,chill/lofi
chill/lofi,146,chill/lofi,chill/lofi,chill/lofi,chill/lofi
chill/lofi,147,chill/lofi,chill/lofi,chill/lofi,chill/lofi
chill/lofi,152,chill/lofi,chill/lofi,chill/lofi,chill/lofi
chill/lofi,153,chill/lofi,chill/lofi,chill/lofi,chill/lofi
chill/lofi,154,chill/lofi,chill/lofi,chill/lofi,chill/lofi
chill/lofi,155,chill/lofi,chill/lofi,chill/lofi,chill/lofi
chill/lofi,156,chill/lofi,chill/lofi,chill/lofi,chill/lofi
chill/lofi,157,chill/lofi,chill/lofi,chill/lofi,chill/lofi
chill/lofi,158,chill/lofi,chill/lofi,chill/lofi,chill/lofi
chill/lofi,161,chill/lofi,chill/lofi,chill/lofi,chill/lofi
chill/lofi,164,chill/lofi,cinematic/epic,chill/lofi,DISCARD_TIE
chill/lofi,165,chill/lofi,chill/lofi,chill/lofi,chill/lofi
chill/lofi,166,chill/lofi,chill/lofi,chill/lofi,chill/lofi
chill/lofi,168,cinematic/epic,cinematic/epic,cinematic/epic,cinematic/epic
chill/lofi,169,cinematic/epic,chill/lofi,chill/lofi,DISCARD_TIE
chill/lofi,170,cinematic/epic,chill/lofi,chill/lofi,DISCARD_TIE
chill/lofi,171,chill/lofi,chill/lofi,chill/lofi,chill/lofi
chill/lofi,172,chill/lofi,chill/lofi,chill/lofi,chill/lofi
chill/lofi,173,soft/gentle,chill/lofi,chill/lofi,DISCARD_TIE
chill/lofi,174,chill/lofi,chill/lofi,chill/lofi,chill/lofi
chill/lofi,175,chill/lofi,chill/lofi,chill/lofi,chill/lofi
chill/lofi,176,chill/lofi,chill/lofi,chill/lofi,chill/lofi
chill/lofi,177,cinematic/epic,chill/lofi,chill/lofi,DISCARD_TIE
chill/lofi,178,cinematic/epic,chill/lofi,chill/lofi,DISCARD_TIE
chill/lofi,179,chill/lofi,chill/lofi,chill/lofi,chill/lofi
chill/lofi,180,cinematic/epic,chill/lofi,chill/lofi,DISCARD_TIE
chill/lofi,182,chill/lofi,chill/lofi,chill/lofi,chill/lofi
chill/lofi,183,cinematic/epic,cinematic/epic,cinematic/epic,cinematic/epic
chill/lofi,184,chill/lofi,chill/lofi,chill/lofi,chill/lofi
chill/lofi,185,chill/lofi,hype/energetic,chill/lofi,DISCARD_TIE
chill/lofi,186,chill/lofi,chill/lofi,chill/lofi,chill/lofi
chill/lofi,187,chill/lofi,chill/lofi,chill/lofi,chill/lofi
chill/lofi,188,edgy/individualistic,chill/lofi,chill/lofi,DISCARD_TIE
chill/lofi,189,edgy/individualistic,chill/lofi,chill/lofi,DISCARD_TIE
chill/lofi,191,cinematic/epic,cinematic/epic,cinematic/epic,cinematic/epic
chill/lofi,192,edgy/individualistic,chill/lofi,chill/lofi,DISCARD_TIE
chill/lofi,193,chill/lofi,chill/lofi,chill/lofi,chill/lofi
chill/lofi,194,chill/lofi,chill/lofi,chill/lofi,chill/lofi
chill/lofi,195,chill/lofi,cinematic/epic,chill/lofi,DISCARD_TIE
chill/lofi,196,chill/lofi,chill/lofi,chill/lofi,chill/lofi
chill/lofi,197,chill/lofi,cinematic/epic,chill/lofi,DISCARD_TIE
chill/lofi,198,chill/lofi,chill/lofi,chill/lofi,DISCARD_TIE
chill/lofi,199,chill/lofi,chill/lofi,cinematic/epic,DISCARD_TIE
chill/lofi,200,chill/lofi,cinematic/epic,cinematic/epic,cinematic/epic
cinematic/epic,1,cinematic/epic,cinematic/epic,cinematic/epic,cinematic/epic
cinematic/epic,2,cinematic/epic,cinematic/epic,cinematic/epic,cinematic/epic
cinematic/epic,3,cinematic/epic,cinematic/epic,cinematic/epic,cinematic/epic
cinematic/epic,4,cinematic/epic,cinematic/epic,cinematic/epic,cinematic/epic
cinematic/epic,5,cinematic/epic,cinematic/epic,cinematic/epic,cinematic/epic
cinematic/epic,6,cinematic/epic,cinematic/epic,cinematic/epic,cinematic/epic
cinematic/epic,7,cinematic/epic,cinematic/epic,cinematic/epic,cinematic/epic
cinematic/epic,8,cinematic/epic,cinematic/epic,cinematic/epic,cinematic/epic
cinematic/epic,9,cinematic/epic,cinematic/epic,cinematic/epic,cinematic/epic
cinematic/epic,10,cinematic/epic,cinematic/epic,cinematic/epic,cinematic/epic
cinematic/epic,11,cinematic/epic,cinematic/epic,cinematic/epic,cinematic/epic
cinematic/epic,12,cinematic/epic,cinematic/epic,cinematic/epic,cinematic/epic
cinematic/epic,13,cinematic/epic,cinematic/epic,cinematic/epic,cinematic/epic
cinematic/epic,14,cinematic/epic,cinematic/epic,cinematic/epic,cinematic/epic
cinematic/epic,15,cinematic/epic,cinematic/epic,cinematic/epic,cinematic/epic
cinematic/epic,16,cinematic/epic,cinematic/epic,cinematic/epic,cinematic/epic
cinematic/epic,17,cinematic/epic,cinematic/epic,cinematic/epic,cinematic/epic
cinematic/epic,18,cinematic/epic,cinematic/epic,cinematic/epic,cinematic/epic
cinematic/epic,19,cinematic/epic,cinematic/epic,cinematic/epic,cinematic/epic
cinematic/epic,20,cinematic/epic,cinematic/epic,cinematic/epic,cinematic/epic
cinematic/epic,21,cinematic/epic,cinematic/epic,cinematic/epic,cinematic/epic
cinematic/epic,22,chill/lofi,chill/lofi,cinematic/epic,chill/lofi
cinematic/epic,23,melancholic/sad,chill/lofi,cinematic/epic,DISCARD_TIE
cinematic/epic,24,melancholic/sad,melancholic/sad,cinematic/epic,melancholic/sad
cinematic/epic,25,cinematic/epic,soft/gentle,cinematic/epic,DISCARD_TIE
cinematic/epic,26,cinematic/epic,soft/gentle,cinematic/epic,DISCARD_TIE
cinematic/epic,27,chill/lofi,soft/gentle,cinematic/epic,DISCARD_TIE
cinematic/epic,28,chill/lofi,soft/gentle,cinematic/epic,DISCARD_TIE
cinematic/epic,29,cinematic/epic,soft/gentle,cinematic/epic,DISCARD_TIE
cinematic/epic,30,cinematic/epic,soft/gentle,cinematic/epic,DISCARD_TIE
cinematic/epic,31,cinematic/epic,soft/gentle,cinematic/epic,DISCARD_TIE
cinematic/epic,32,cinematic/epic,soft/gentle,cinematic/epic,DISCARD_TIE
cinematic/epic,33,cinematic/epic,soft/gentle,cinematic/epic,DISCARD_TIE
cinematic/epic,34,cinematic/epic,soft/gentle,cinematic/epic,DISCARD_TIE
cinematic/epic,35,cinematic/epic,soft/gentle,cinematic/epic,DISCARD_TIE
cinematic/epic,36,cinematic/epic,soft/gentle,cinematic/epic,DISCARD_TIE
cinematic/epic,37,cinematic/epic,soft/gentle,cinematic/epic,DISCARD_TIE
cinematic/epic,38,chill/lofi,soft/gentle,cinematic/epic,DISCARD_TIE
cinematic/epic,39,chill/lofi,soft/gentle,cinematic/epic,DISCARD_TIE
cinematic/epic,40,melancholic/sad,soft/gentle,cinematic/epic,DISCARD_TIE
cinematic/epic,41,chill/lofi,chill/lofi,cinematic/epic,chill/lofi
cinematic/epic,42,cinematic/epic,cinematic/epic,cinematic/epic,cinematic/epic
cinematic/epic,43,cinematic/epic,cinematic/epic,cinematic/epic,cinematic/epic
cinematic/epic,44,cinematic/epic,cinematic/epic,cinematic/epic,cinematic/epic
cinematic/epic,45,cinematic/epic,cinematic/epic,cinematic/epic,cinematic/epic
cinematic/epic,46,cinematic/epic,cinematic/epic,cinematic/epic,cinematic/epic
cinematic/epic,47,cinematic/epic,cinematic/epic,cinematic/epic,cinematic/epic
cinematic/epic,48,cinematic/epic,cinematic/epic,cinematic/epic,cinematic/epic
cinematic/epic,49,cinematic/epic,cinematic/epic,cinematic/epic,cinematic/epic
cinematic/epic,50,cinematic/epic,cinematic/epic,cinematic/epic,cinematic/epic
cinematic/epic,51,cinematic/epic,cinematic/epic,cinematic/epic,cinematic/epic
cinematic/epic,52,cinematic/epic,cinematic/epic,cinematic/epic,cinematic/epic
cinematic/epic,53,cinematic/epic,cinematic/epic,cinematic/epic,cinematic/epic
cinematic/epic,54,cinematic/epic,cinematic/epic,cinematic/epic,cinematic/epic
cinematic/epic,55,cinematic/epic,cinematic/epic,cinematic/epic,cinematic/epic
cinematic/epic,56,cinematic/epic,cinematic/epic,cinematic/epic,cinematic/epic
cinematic/epic,57,cinematic/epic,cinematic/epic,cinematic/epic,cinematic/epic
cinematic/epic,58,cinematic/epic,cinematic/epic,cinematic/epic,cinematic/epic
cinematic/epic,59,cinematic/epic,cinematic/epic,cinematic/epic,cinematic/epic
cinematic/epic,60,cinematic/epic,cinematic/epic,cinematic/epic,cinematic/epic
cinematic/epic,61,cinematic/epic,cinematic/epic,cinematic/epic,cinematic/epic
cinematic/epic,62,cinematic/epic,cinematic/epic,cinematic/epic,cinematic/epic
cinematic/epic,63,cinematic/epic,cinematic/epic,cinematic/epic,cinematic/epic
cinematic/epic,64,cinematic/epic,cinematic/epic,cinematic/epic,cinematic/epic
cinematic/epic,65,cinematic/epic,cinematic/epic,cinematic/epic,cinematic/epic
cinematic/epic,66,cinematic/epic,cinematic/epic,cinematic/epic,cinematic/epic
cinematic/epic,67,cinematic/epic,cinematic/epic,cinematic/epic,cinematic/epic
cinematic/epic,68,cinematic/epic,cinematic/epic,cinematic/epic,cinematic/epic
cinematic/epic,69,cinematic/epic,cinematic/epic,cinematic/epic,cinematic/epic
cinematic/epic,70,cinematic/epic,cinematic/epic,cinematic/epic,cinematic/epic
cinematic/epic,71,cinematic/epic,cinematic/epic,cinematic/epic,cinematic/epic
cinematic/epic,72,cinematic/epic,cinematic/epic,melancholic/sad,cinematic/epic
cinematic/epic,73,cinematic/epic,cinematic/epic,cinematic/epic,cinematic/epic
cinematic/epic,74,cinematic/epic,cinematic/epic,cinematic/epic,cinematic/epic
cinematic/epic,75,cinematic/epic,cinematic/epic,cinematic/epic,cinematic/epic
cinematic/epic,76,cinematic/epic,cinematic/epic,cinematic/epic,cinematic/epic
cinematic/epic,77,cinematic/epic,cinematic/epic,cinematic/epic,cinematic/epic
cinematic/epic,78,cinematic/epic,cinematic/epic,cinematic/epic,cinematic/epic
cinematic/epic,79,cinematic/epic,cinematic/epic,cinematic/epic,cinematic/epic
cinematic/epic,80,cinematic/epic,cinematic/epic,cinematic/epic,cinematic/epic
cinematic/epic,81,cinematic/epic,cinematic/epic,cinematic/epic,cinematic/epic
cinematic/epic,82,cinematic/epic,cinematic/epic,cinematic/epic,cinematic/epic
cinematic/epic,83,cinematic/epic,cinematic/epic,cinematic/epic,cinematic/epic
cinematic/epic,84,cinematic/epic,cinematic/epic,cinematic/epic,cinematic/epic
cinematic/epic,85,cinematic/epic,cinematic/epic,cinematic/epic,cinematic/epic
cinematic/epic,86,cinematic/epic,cinematic/epic,cinematic/epic,cinematic/epic
cinematic/epic,87,cinematic/epic,cinematic/epic,cinematic/epic,cinematic/epic
cinematic/epic,88,cinematic/epic,cinematic/epic,cinematic/epic,cinematic/epic
cinematic/epic,89,cinematic/epic,cinematic/epic,cinematic/epic,cinematic/epic
cinematic/epic,90,cinematic/epic,cinematic/epic,cinematic/epic,cinematic/epic
cinematic/epic,91,cinematic/epic,cinematic/epic,cinematic/epic,cinematic/epic
cinematic/epic,92,cinematic/epic,cinematic/epic,cinematic/epic,cinematic/epic
cinematic/epic,93,cinematic/epic,cinematic/epic,cinematic/epic,cinematic/epic
cinematic/epic,94,cinematic/epic,cinematic/epic,cinematic/epic,cinematic/epic
cinematic/epic,95,cinematic/epic,cinematic/epic,cinematic/epic,cinematic/epic
cinematic/epic,96,cinematic/epic,cinematic/epic,cinematic/epic,cinematic/epic
cinematic/epic,97,cinematic/epic,cinematic/epic,cinematic/epic,cinematic/epic
cinematic/epic,98,cinematic/epic,cinematic/epic,cinematic/epic,cinematic/epic
cinematic/epic,99,cinematic/epic,cinematic/epic,cinematic/epic,cinematic/epic
cinematic/epic,100,cinematic/epic,cinematic/epic,cinematic/epic,cinematic/epic
cinematic/epic,101,cinematic/epic,cinematic/epic,cinematic/epic,cinematic/epic
cinematic/epic,102,cinematic/epic,cinematic/epic,cinematic/epic,cinematic/epic
cinematic/epic,103,cinematic/epic,cinematic/epic,cinematic/epic,cinematic/epic
cinematic/epic,104,cinematic/epic,cinematic/epic,cinematic/epic,cinematic/epic
cinematic/epic,105,cinematic/epic,cinematic/epic,cinematic/epic,cinematic/epic
cinematic/epic,106,cinematic/epic,cinematic/epic,cinematic/epic,cinematic/epic
cinematic/epic,107,cinematic/epic,cinematic/epic,cinematic/epic,cinematic/epic
cinematic/epic,108,cinematic/epic,cinematic/epic,cinematic/epic,cinematic/epic
cinematic/epic,110,cinematic/epic,cinematic/epic,cinematic/epic,cinematic/epic
cinematic/epic,111,cinematic/epic,cinematic/epic,cinematic/epic,cinematic/epic
cinematic/epic,112,cinematic/epic,cinematic/epic,cinematic/epic,cinematic/epic
cinematic/epic,113,cinematic/epic,cinematic/epic,cinematic/epic,cinematic/epic
cinematic/epic,114,cinematic/epic,cinematic/epic,cinematic/epic,cinematic/epic
cinematic/epic,115,cinematic/epic,cinematic/epic,cinematic/epic,cinematic/epic
cinematic/epic,116,cinematic/epic,cinematic/epic,cinematic/epic,cinematic/epic
cinematic/epic,117,cinematic/epic,cinematic/epic,cinematic/epic,cinematic/epic
cinematic/epic,118,cinematic/epic,cinematic/epic,cinematic/epic,cinematic/epic
cinematic/epic,119,cinematic/epic,cinematic/epic,cinematic/epic,cinematic/epic
cinematic/epic,120,cinematic/epic,cinematic/epic,cinematic/epic,cinematic/epic
cinematic/epic,121,cinematic/epic,cinematic/epic,cinematic/epic,cinematic/epic
cinematic/epic,122,cinematic/epic,cinematic/epic,cinematic/epic,cinematic/epic
cinematic/epic,123,cinematic/epic,cinematic/epic,chill/lofi,cinematic/epic
cinematic/epic,124,cinematic/epic,cinematic/epic,hype/energetic,cinematic/epic
cinematic/epic,125,cinematic/epic,cinematic/epic,cinematic/epic,cinematic/epic
cinematic/epic,126,cinematic/epic,cinematic/epic,cinematic/epic,cinematic/epic
cinematic/epic,127,cinematic/epic,cinematic/epic,cinematic/epic,cinematic/epic
cinematic/epic,128,cinematic/epic,cinematic/epic,cinematic/epic,cinematic/epic
cinematic/epic,129,cinematic/epic,cinematic/epic,cinematic/epic,cinematic/epic
cinematic/epic,130,cinematic/epic,cinematic/epic,cinematic/epic,cinematic/epic
cinematic/epic,131,cinematic/epic,cinematic/epic,cinematic/epic,cinematic/epic
cinematic/epic,132,cinematic/epic,cinematic/epic,cinematic/epic,cinematic/epic
cinematic/epic,133,cinematic/epic,cinematic/epic,cinematic/epic,cinematic/epic
cinematic/epic,134,cinematic/epic,cinematic/epic,cinematic/epic,cinematic/epic
cinematic/epic,135,cinematic/epic,cinematic/epic,chill/lofi,cinematic/epic
cinematic/epic,136,cinematic/epic,cinematic/epic,cinematic/epic,cinematic/epic
cinematic/epic,137,cinematic/epic,cinematic/epic,cinematic/epic,cinematic/epic
cinematic/epic,138,cinematic/epic,cinematic/epic,cinematic/epic,cinematic/epic
cinematic/epic,139,cinematic/epic,cinematic/epic,cinematic/epic,cinematic/epic
cinematic/epic,140,cinematic/epic,cinematic/epic,cinematic/epic,cinematic/epic
cinematic/epic,141,cinematic/epic,cinematic/epic,melancholic/sad,cinematic/epic
cinematic/epic,145,cinematic/epic,cinematic/epic,cinematic/epic,cinematic/epic
cinematic/epic,146,cinematic/epic,cinematic/epic,cinematic/epic,cinematic/epic
cinematic/epic,147,cinematic/epic,cinematic/epic,cinematic/epic,cinematic/epic
cinematic/epic,148,cinematic/epic,cinematic/epic,cinematic/epic,cinematic/epic
cinematic/epic,150,cinematic/epic,cinematic/epic,cinematic/epic,cinematic/epic
cinematic/epic,151,cinematic/epic,cinematic/epic,cinematic/epic,cinematic/epic
cinematic/epic,152,cinematic/epic,cinematic/epic,cinematic/epic,cinematic/epic
cinematic/epic,153,cinematic/epic,cinematic/epic,cinematic/epic,cinematic/epic
cinematic/epic,158,cinematic/epic,cinematic/epic,cinematic/epic,cinematic/epic
cinematic/epic,159,cinematic/epic,cinematic/epic,cinematic/epic,cinematic/epic
cinematic/epic,161,cinematic/epic,cinematic/epic,cinematic/epic,cinematic/epic
cinematic/epic,162,cinematic/epic,cinematic/epic,cinematic/epic,cinematic/epic
cinematic/epic,163,cinematic/epic,cinematic/epic,cinematic/epic,cinematic/epic
cinematic/epic,164,cinematic/epic,cinematic/epic,cinematic/epic,cinematic/epic
cinematic/epic,165,cinematic/epic,cinematic/epic,cinematic/epic,cinematic/epic
cinematic/epic,166,cinematic/epic,cinematic/epic,cinematic/epic,cinematic/epic
cinematic/epic,167,cinematic/epic,cinematic/epic,cinematic/epic,cinematic/epic
cinematic/epic,168,cinematic/epic,cinematic/epic,cinematic/epic,cinematic/epic
cinematic/epic,169,cinematic/epic,cinematic/epic,cinematic/epic,cinematic/epic
cinematic/epic,170,cinematic/epic,cinematic/epic,cinematic/epic,cinematic/epic
cinematic/epic,171,cinematic/epic,cinematic/epic,cinematic/epic,cinematic/epic
cinematic/epic,172,cinematic/epic,cinematic/epic,cinematic/epic,cinematic/epic
cinematic/epic,173,cinematic/epic,cinematic/epic,cinematic/epic,cinematic/epic
cinematic/epic,174,cinematic/epic,cinematic/epic,cinematic/epic,cinematic/epic
cinematic/epic,175,cinematic/epic,cinematic/epic,cinematic/epic,cinematic/epic
cinematic/epic,176,cinematic/epic,cinematic/epic,cinematic/epic,cinematic/epic
cinematic/epic,177,cinematic/epic,cinematic/epic,cinematic/epic,cinematic/epic
cinematic/epic,178,cinematic/epic,cinematic/epic,cinematic/epic,cinematic/epic
cinematic/epic,179,cinematic/epic,cinematic/epic,cinematic/epic,cinematic/epic
cinematic/epic,180,cinematic/epic,cinematic/epic,cinematic/epic,cinematic/epic
cinematic/epic,187,cinematic/epic,romantic/inlove,romantic/inlove,DISCARD_TIE
cinematic/epic,188,cinematic/epic,romantic/inlove,romantic/inlove,DISCARD_TIE
cinematic/epic,191,cinematic/epic,cinematic/epic,cinematic/epic,cinematic/epic
cinematic/epic,192,cinematic/epic,cinematic/epic,cinematic/epic,cinematic/epic
cinematic/epic,194,cinematic/epic,cinematic/epic,cinematic/epic,cinematic/epic
cinematic/epic,197,cinematic/epic,cinematic/epic,cinematic/epic,cinematic/epic
edgy/individualistic,1,edgy/individualistic,edgy/individualistic,edgy/individualistic,edgy/individualistic
edgy/individualistic,2,edgy/individualistic,edgy/individualistic,edgy/individualistic,edgy/individualistic
edgy/individualistic,3,edgy/individualistic,edgy/individualistic,edgy/individualistic,edgy/individualistic
edgy/individualistic,4,edgy/individualistic,edgy/individualistic,edgy/individualistic,edgy/individualistic
edgy/individualistic,5,edgy/individualistic,edgy/individualistic,edgy/individualistic,edgy/individualistic
edgy/individualistic,6,edgy/individualistic,edgy/individualistic,edgy/individualistic,edgy/individualistic
edgy/individualistic,7,edgy/individualistic,edgy/individualistic,edgy/individualistic,edgy/individualistic
edgy/individualistic,8,edgy/individualistic,edgy/individualistic,edgy/individualistic,edgy/individualistic
edgy/individualistic,9,edgy/individualistic,edgy/individualistic,edgy/individualistic,edgy/individualistic
edgy/individualistic,10,edgy/individualistic,edgy/individualistic,edgy/individualistic,edgy/individualistic
edgy/individualistic,11,edgy/individualistic,edgy/individualistic,edgy/individualistic,edgy/individualistic
edgy/individualistic,12,edgy/individualistic,edgy/individualistic,edgy/individualistic,edgy/individualistic
edgy/individualistic,13,edgy/individualistic,edgy/individualistic,edgy/individualistic,edgy/individualistic
edgy/individualistic,14,edgy/individualistic,edgy/individualistic,edgy/individualistic,edgy/individualistic
edgy/individualistic,15,edgy/individualistic,edgy/individualistic,edgy/individualistic,edgy/individualistic
edgy/individualistic,17,edgy/individualistic,edgy/individualistic,edgy/individualistic,edgy/individualistic
edgy/individualistic,18,edgy/individualistic,edgy/individualistic,edgy/individualistic,edgy/individualistic
edgy/individualistic,19,edgy/individualistic,edgy/individualistic,edgy/individualistic,edgy/individualistic
edgy/individualistic,20,edgy/individualistic,edgy/individualistic,edgy/individualistic,edgy/individualistic
edgy/individualistic,21,edgy/individualistic,edgy/individualistic,edgy/individualistic,edgy/individualistic
edgy/individualistic,22,edgy/individualistic,edgy/individualistic,edgy/individualistic,edgy/individualistic
edgy/individualistic,23,edgy/individualistic,edgy/individualistic,edgy/individualistic,edgy/individualistic
edgy/individualistic,24,edgy/individualistic,edgy/individualistic,edgy/individualistic,edgy/individualistic
edgy/individualistic,25,edgy/individualistic,edgy/individualistic,edgy/individualistic,edgy/individualistic
edgy/individualistic,26,edgy/individualistic,edgy/individualistic,edgy/individualistic,edgy/individualistic
edgy/individualistic,27,edgy/individualistic,edgy/individualistic,edgy/individualistic,edgy/individualistic
edgy/individualistic,28,edgy/individualistic,edgy/individualistic,edgy/individualistic,edgy/individualistic
edgy/individualistic,29,edgy/individualistic,edgy/individualistic,edgy/individualistic,edgy/individualistic
edgy/individualistic,30,edgy/individualistic,edgy/individualistic,edgy/individualistic,edgy/individualistic
edgy/individualistic,31,edgy/individualistic,edgy/individualistic,edgy/individualistic,edgy/individualistic
edgy/individualistic,32,edgy/individualistic,edgy/individualistic,edgy/individualistic,edgy/individualistic
edgy/individualistic,33,edgy/individualistic,edgy/individualistic,edgy/individualistic,edgy/individualistic
edgy/individualistic,34,edgy/individualistic,edgy/individualistic,edgy/individualistic,edgy/individualistic
edgy/individualistic,35,edgy/individualistic,edgy/individualistic,edgy/individualistic,edgy/individualistic
edgy/individualistic,36,edgy/individualistic,edgy/individualistic,edgy/individualistic,edgy/individualistic
edgy/individualistic,37,edgy/individualistic,edgy/individualistic,edgy/individualistic,edgy/individualistic
edgy/individualistic,38,edgy/individualistic,edgy/individualistic,edgy/individualistic,edgy/individualistic
edgy/individualistic,39,edgy/individualistic,edgy/individualistic,edgy/individualistic,edgy/individualistic
edgy/individualistic,40,edgy/individualistic,edgy/individualistic,edgy/individualistic,edgy/individualistic
edgy/individualistic,41,melancholic/sad,melancholic/sad,melancholic/sad,melancholic/sad
edgy/individualistic,42,edgy/individualistic,edgy/individualistic,edgy/individualistic,edgy/individualistic
edgy/individualistic,45,melancholic/sad,melancholic/sad,edgy/individualistic,melancholic/sad
edgy/individualistic,46,melancholic/sad,melancholic/sad,cinematic/epic,melancholic/sad
edgy/individualistic,50,melancholic/sad,melancholic/sad,edgy/individualistic,melancholic/sad
edgy/individualistic,51,melancholic/sad,melancholic/sad,edgy/individualistic,melancholic/sad
edgy/individualistic,52,melancholic/sad,melancholic/sad,edgy/individualistic,melancholic/sad
edgy/individualistic,53,edgy/individualistic,edgy/individualistic,edgy/individualistic,edgy/individualistic
edgy/individualistic,54,edgy/individualistic,edgy/individualistic,edgy/individualistic,edgy/individualistic
edgy/individualistic,55,edgy/individualistic,edgy/individualistic,edgy/individualistic,edgy/individualistic
edgy/individualistic,56,edgy/individualistic,edgy/individualistic,soft/gentle,edgy/individualistic
edgy/individualistic,57,edgy/individualistic,edgy/individualistic,edgy/individualistic,edgy/individualistic
edgy/individualistic,58,edgy/individualistic,edgy/individualistic,edgy/individualistic,edgy/individualistic
edgy/individualistic,59,edgy/individualistic,edgy/individualistic,chill/lofi,edgy/individualistic
edgy/individualistic,60,edgy/individualistic,edgy/individualistic,edgy/individualistic,edgy/individualistic
edgy/individualistic,61,edgy/individualistic,edgy/individualistic,edgy/individualistic,edgy/individualistic
edgy/individualistic,62,edgy/individualistic,edgy/individualistic,edgy/individualistic,edgy/individualistic
edgy/individualistic,63,edgy/individualistic,edgy/individualistic,edgy/individualistic,edgy/individualistic
edgy/individualistic,64,edgy/individualistic,edgy/individualistic,edgy/individualistic,edgy/individualistic
edgy/individualistic,65,edgy/individualistic,edgy/individualistic,edgy/individualistic,edgy/individualistic
edgy/individualistic,66,edgy/individualistic,edgy/individualistic,edgy/individualistic,edgy/individualistic
edgy/individualistic,67,edgy/individualistic,edgy/individualistic,edgy/individualistic,edgy/individualistic
edgy/individualistic,68,edgy/individualistic,edgy/individualistic,edgy/individualistic,edgy/individualistic
edgy/individualistic,69,edgy/individualistic,edgy/individualistic,edgy/individualistic,edgy/individualistic
edgy/individualistic,70,edgy/individualistic,edgy/individualistic,edgy/individualistic,edgy/individualistic
edgy/individualistic,71,edgy/individualistic,edgy/individualistic,edgy/individualistic,edgy/individualistic
edgy/individualistic,72,edgy/individualistic,edgy/individualistic,edgy/individualistic,edgy/individualistic
edgy/individualistic,73,edgy/individualistic,edgy/individualistic,edgy/individualistic,edgy/individualistic
edgy/individualistic,74,edgy/individualistic,edgy/individualistic,edgy/individualistic,edgy/individualistic
edgy/individualistic,75,edgy/individualistic,edgy/individualistic,edgy/individualistic,edgy/individualistic
edgy/individualistic,76,edgy/individualistic,edgy/individualistic,edgy/individualistic,edgy/individualistic
edgy/individualistic,77,edgy/individualistic,edgy/individualistic,edgy/individualistic,edgy/individualistic
edgy/individualistic,78,edgy/individualistic,edgy/individualistic,edgy/individualistic,edgy/individualistic
edgy/individualistic,79,edgy/individualistic,edgy/individualistic,edgy/individualistic,edgy/individualistic
edgy/individualistic,77,edgy/individualistic,edgy/individualistic,edgy/individualistic,edgy/individualistic
edgy/individualistic,78,edgy/individualistic,edgy/individualistic,edgy/individualistic,edgy/individualistic
edgy/individualistic,79,edgy/individualistic,edgy/individualistic,edgy/individualistic,edgy/individualistic
edgy/individualistic,80,edgy/individualistic,edgy/individualistic,edgy/individualistic,edgy/individualistic
edgy/individualistic,81,edgy/individualistic,edgy/individualistic,edgy/individualistic,edgy/individualistic
edgy/individualistic,82,edgy/individualistic,edgy/individualistic,edgy/individualistic,edgy/individualistic
edgy/individualistic,83,edgy/individualistic,edgy/individualistic,edgy/individualistic,edgy/individualistic
edgy/individualistic,84,edgy/individualistic,edgy/individualistic,edgy/individualistic,edgy/individualistic
edgy/individualistic,85,edgy/individualistic,edgy/individualistic,edgy/individualistic,edgy/individualistic
edgy/individualistic,86,melancholic/sad,edgy/individualistic,edgy/individualistic,DISCARD_TIE
edgy/individualistic,87,edgy/individualistic,edgy/individualistic,edgy/individualistic,edgy/individualistic
edgy/individualistic,88,edgy/individualistic,edgy/individualistic,edgy/individualistic,edgy/individualistic
edgy/individualistic,89,edgy/individualistic,edgy/individualistic,edgy/individualistic,edgy/individualistic
edgy/individualistic,90,edgy/individualistic,edgy/individualistic,edgy/individualistic,edgy/individualistic
edgy/individualistic,91,edgy/individualistic,edgy/individualistic,edgy/individualistic,edgy/individualistic
edgy/individualistic,92,edgy/individualistic,edgy/individualistic,edgy/individualistic,edgy/individualistic
edgy/individualistic,93,edgy/individualistic,edgy/individualistic,edgy/individualistic,edgy/individualistic
edgy/individualistic,94,edgy/individualistic,edgy/individualistic,edgy/individualistic,edgy/individualistic
edgy/individualistic,95,edgy/individualistic,edgy/individualistic,edgy/individualistic,edgy/individualistic
edgy/individualistic,96,edgy/individualistic,edgy/individualistic,edgy/individualistic,edgy/individualistic
edgy/individualistic,97,edgy/individualistic,edgy/individualistic,edgy/individualistic,edgy/individualistic
edgy/individualistic,98,edgy/individualistic,edgy/individualistic,edgy/individualistic,edgy/individualistic
edgy/individualistic,99,edgy/individualistic,edgy/individualistic,edgy/individualistic,edgy/individualistic
edgy/individualistic,100,edgy/individualistic,edgy/individualistic,edgy/individualistic,edgy/individualistic
edgy/individualistic,101,edgy/individualistic,edgy/individualistic,edgy/individualistic,edgy/individualistic
edgy/individualistic,102,edgy/individualistic,edgy/individualistic,edgy/individualistic,edgy/individualistic
edgy/individualistic,103,edgy/individualistic,edgy/individualistic,edgy/individualistic,edgy/individualistic
edgy/individualistic,104,edgy/individualistic,edgy/individualistic,edgy/individualistic,edgy/individualistic
edgy/individualistic,105,edgy/individualistic,edgy/individualistic,edgy/individualistic,edgy/individualistic
edgy/individualistic,106,edgy/individualistic,edgy/individualistic,edgy/individualistic,edgy/individualistic
edgy/individualistic,107,edgy/individualistic,edgy/individualistic,edgy/individualistic,edgy/individualistic
edgy/individualistic,108,edgy/individualistic,edgy/individualistic,edgy/individualistic,edgy/individualistic
edgy/individualistic,109,edgy/individualistic,edgy/individualistic,edgy/individualistic,edgy/individualistic
edgy/individualistic,110,edgy/individualistic,edgy/individualistic,edgy/individualistic,edgy/individualistic
edgy/individualistic,111,edgy/individualistic,edgy/individualistic,edgy/individualistic,edgy/individualistic
edgy/individualistic,112,edgy/individualistic,edgy/individualistic,edgy/individualistic,edgy/individualistic
edgy/individualistic,113,edgy/individualistic,edgy/individualistic,edgy/individualistic,edgy/individualistic
edgy/individualistic,114,edgy/individualistic,edgy/individualistic,edgy/individualistic,edgy/individualistic
edgy/individualistic,115,edgy/individualistic,edgy/individualistic,edgy/individualistic,edgy/individualistic
edgy/individualistic,116,edgy/individualistic,edgy/individualistic,edgy/individualistic,edgy/individualistic
edgy/individualistic,117,edgy/individualistic,edgy/individualistic,edgy/individualistic,edgy/individualistic
edgy/individualistic,118,edgy/individualistic,edgy/individualistic,edgy/individualistic,edgy/individualistic
edgy/individualistic,119,edgy/individualistic,edgy/individualistic,edgy/individualistic,edgy/individualistic
edgy/individualistic,120,edgy/individualistic,edgy/individualistic,edgy/individualistic,edgy/individualistic
edgy/individualistic,121,edgy/individualistic,edgy/individualistic,edgy/individualistic,edgy/individualistic
edgy/individualistic,122,edgy/individualistic,edgy/individualistic,edgy/individualistic,edgy/individualistic
edgy/individualistic,123,edgy/individualistic,edgy/individualistic,edgy/individualistic,edgy/individualistic
edgy/individualistic,124,edgy/individualistic,edgy/individualistic,edgy/individualistic,edgy/individualistic
edgy/individualistic,125,edgy/individualistic,edgy/individualistic,edgy/individualistic,edgy/individualistic
edgy/individualistic,126,edgy/individualistic,edgy/individualistic,edgy/individualistic,edgy/individualistic
edgy/individualistic,127,edgy/individualistic,edgy/individualistic,edgy/individualistic,edgy/individualistic
edgy/individualistic,128,edgy/individualistic,edgy/individualistic,edgy/individualistic,edgy/individualistic
edgy/individualistic,129,edgy/individualistic,edgy/individualistic,edgy/individualistic,edgy/individualistic
edgy/individualistic,130,edgy/individualistic,edgy/individualistic,edgy/individualistic,edgy/individualistic
edgy/individualistic,131,edgy/individualistic,edgy/individualistic,edgy/individualistic,edgy/individualistic
edgy/individualistic,132,edgy/individualistic,edgy/individualistic,edgy/individualistic,edgy/individualistic
edgy/individualistic,133,edgy/individualistic,edgy/individualistic,edgy/individualistic,edgy/individualistic
edgy/individualistic,134,edgy/individualistic,edgy/individualistic,edgy/individualistic,edgy/individualistic
edgy/individualistic,135,edgy/individualistic,edgy/individualistic,edgy/individualistic,edgy/individualistic
edgy/individualistic,136,edgy/individualistic,edgy/individualistic,edgy/individualistic,edgy/individualistic
edgy/individualistic,137,edgy/individualistic,edgy/individualistic,edgy/individualistic,edgy/individualistic
edgy/individualistic,138,edgy/individualistic,edgy/individualistic,edgy/individualistic,edgy/individualistic
edgy/individualistic,139,edgy/individualistic,edgy/individualistic,edgy/individualistic,edgy/individualistic
edgy/individualistic,140,edgy/individualistic,edgy/individualistic,edgy/individualistic,edgy/individualistic
edgy/individualistic,141,edgy/individualistic,edgy/individualistic,edgy/individualistic,edgy/individualistic
edgy/individualistic,142,edgy/individualistic,edgy/individualistic,edgy/individualistic,edgy/individualistic
edgy/individualistic,143,edgy/individualistic,edgy/individualistic,edgy/individualistic,edgy/individualistic
edgy/individualistic,144,edgy/individualistic,edgy/individualistic,edgy/individualistic,edgy/individualistic
edgy/individualistic,145,edgy/individualistic,edgy/individualistic,edgy/individualistic,edgy/individualistic
edgy/individualistic,146,edgy/individualistic,edgy/individualistic,edgy/individualistic,edgy/individualistic
edgy/individualistic,147,edgy/individualistic,edgy/individualistic,edgy/individualistic,edgy/individualistic
edgy/individualistic,148,edgy/individualistic,edgy/individualistic,edgy/individualistic,edgy/individualistic
edgy/individualistic,149,edgy/individualistic,edgy/individualistic,edgy/individualistic,edgy/individualistic
edgy/individualistic,150,edgy/individualistic,edgy/individualistic,edgy/individualistic,edgy/individualistic
edgy/individualistic,151,edgy/individualistic,edgy/individualistic,edgy/individualistic,edgy/individualistic
edgy/individualistic,152,edgy/individualistic,edgy/individualistic,edgy/individualistic,edgy/individualistic
edgy/individualistic,153,edgy/individualistic,edgy/individualistic,edgy/individualistic,edgy/individualistic
edgy/individualistic,154,edgy/individualistic,edgy/individualistic,edgy/individualistic,edgy/individualistic
edgy/individualistic,155,edgy/individualistic,edgy/individualistic,edgy/individualistic,edgy/individualistic
edgy/individualistic,156,edgy/individualistic,edgy/individualistic,edgy/individualistic,edgy/individualistic
edgy/individualistic,157,edgy/individualistic,edgy/individualistic,edgy/individualistic,edgy/individualistic
edgy/individualistic,158,edgy/individualistic,edgy/individualistic,edgy/individualistic,edgy/individualistic
edgy/individualistic,159,edgy/individualistic,edgy/individualistic,edgy/individualistic,edgy/individualistic
edgy/individualistic,160,edgy/individualistic,edgy/individualistic,edgy/individualistic,edgy/individualistic
edgy/individualistic,161,edgy/individualistic,edgy/individualistic,edgy/individualistic,edgy/individualistic
edgy/individualistic,162,edgy/individualistic,edgy/individualistic,edgy/individualistic,edgy/individualistic
edgy/individualistic,163,edgy/individualistic,edgy/individualistic,edgy/individualistic,edgy/individualistic
edgy/individualistic,164,edgy/individualistic,edgy/individualistic,edgy/individualistic,edgy/individualistic
edgy/individualistic,165,edgy/individualistic,edgy/individualistic,edgy/individualistic,edgy/individualistic
edgy/individualistic,166,edgy/individualistic,edgy/individualistic,edgy/individualistic,edgy/individualistic
edgy/individualistic,167,edgy/individualistic,edgy/individualistic,edgy/individualistic,edgy/individualistic
edgy/individualistic,168,edgy/individualistic,edgy/individualistic,edgy/individualistic,edgy/individualistic
edgy/individualistic,169,edgy/individualistic,edgy/individualistic,edgy/individualistic,edgy/individualistic
edgy/individualistic,170,edgy/individualistic,edgy/individualistic,edgy/individualistic,edgy/individualistic
edgy/individualistic,171,edgy/individualistic,edgy/individualistic,edgy/individualistic,edgy/individualistic
edgy/individualistic,172,edgy/individualistic,edgy/individualistic,edgy/individualistic,edgy/individualistic
edgy/individualistic,173,edgy/individualistic,edgy/individualistic,edgy/individualistic,edgy/individualistic
edgy/individualistic,174,edgy/individualistic,edgy/individualistic,edgy/individualistic,edgy/individualistic
edgy/individualistic,175,edgy/individualistic,edgy/individualistic,edgy/individualistic,edgy/individualistic
edgy/individualistic,176,edgy/individualistic,edgy/individualistic,edgy/individualistic,edgy/individualistic
edgy/individualistic,177,edgy/individualistic,edgy/individualistic,edgy/individualistic,edgy/individualistic
edgy/individualistic,178,edgy/individualistic,edgy/individualistic,edgy/individualistic,edgy/individualistic
edgy/individualistic,179,edgy/individualistic,edgy/individualistic,edgy/individualistic,edgy/individualistic
edgy/individualistic,180,edgy/individualistic,edgy/individualistic,edgy/individualistic,edgy/individualistic
edgy/individualistic,181,melancholic/sad,edgy/individualistic,edgy/individualistic,DISCARD_TIE
edgy/individualistic,182,melancholic/sad,edgy/individualistic,edgy/individualistic,DISCARD_TIE
edgy/individualistic,183,edgy/individualistic,edgy/individualistic,edgy/individualistic,edgy/individualistic
edgy/individualistic,184,melancholic/sad,edgy/individualistic,edgy/individualistic,DISCARD_TIE
edgy/individualistic,185,melancholic/sad,edgy/individualistic,edgy/individualistic,DISCARD_TIE
edgy/individualistic,186,melancholic/sad,edgy/individualistic,edgy/individualistic,DISCARD_TIE
edgy/individualistic,187,melancholic/sad,edgy/individualistic,edgy/individualistic,DISCARD_TIE
edgy/individualistic,188,melancholic/sad,edgy/individualistic,edgy/individualistic,DISCARD_TIE
edgy/individualistic,189,edgy/individualistic,edgy/individualistic,edgy/individualistic,edgy/individualistic
edgy/individualistic,190,melancholic/sad,edgy/individualistic,edgy/individualistic,DISCARD_TIE
edgy/individualistic,191,melancholic/sad,edgy/individualistic,edgy/individualistic,DISCARD_TIE
edgy/individualistic,192,edgy/individualistic,edgy/individualistic,edgy/individualistic,edgy/individualistic
edgy/individualistic,193,edgy/individualistic,edgy/individualistic,edgy/individualistic,edgy/individualistic
edgy/individualistic,194,melancholic/sad,edgy/individualistic,edgy/individualistic,DISCARD_TIE
edgy/individualistic,195,melancholic/sad,melancholic/sad,edgy/individualistic,melancholic/sad
edgy/individualistic,196,melancholic/sad,melancholic/sad,edgy/individualistic,melancholic/sad
edgy/individualistic,197,melancholic/sad,melancholic/sad,edgy/individualistic,melancholic/sad
edgy/individualistic,198,melancholic/sad,melancholic/sad,edgy/individualistic,melancholic/sad
edgy/individualistic,200,melancholic/sad,melancholic/sad,edgy/individualistic,melancholic/sad
hype/energetic,1,hype/energetic,hype/energetic,hype/energetic,hype/energetic
hype/energetic,2,hype/energetic,hype/energetic,hype/energetic,hype/energetic
hype/energetic,3,hype/energetic,hype/energetic,hype/energetic,hype/energetic
hype/energetic,4,hype/energetic,hype/energetic,hype/energetic,hype/energetic
hype/energetic,5,hype/energetic,hype/energetic,hype/energetic,hype/energetic
hype/energetic,6,hype/energetic,hype/energetic,hype/energetic,hype/energetic
hype/energetic,7,hype/energetic,hype/energetic,hype/energetic,hype/energetic
hype/energetic,8,hype/energetic,hype/energetic,hype/energetic,hype/energetic
hype/energetic,9,hype/energetic,hype/energetic,hype/energetic,hype/energetic
hype/energetic,10,hype/energetic,hype/energetic,hype/energetic,hype/energetic
hype/energetic,11,hype/energetic,hype/energetic,hype/energetic,hype/energetic
hype/energetic,12,hype/energetic,hype/energetic,hype/energetic,hype/energetic
hype/energetic,13,hype/energetic,hype/energetic,hype/energetic,hype/energetic
hype/energetic,14,hype/energetic,hype/energetic,hype/energetic,hype/energetic
hype/energetic,15,hype/energetic,hype/energetic,hype/energetic,hype/energetic
hype/energetic,16,hype/energetic,hype/energetic,hype/energetic,hype/energetic
hype/energetic,17,hype/energetic,hype/energetic,hype/energetic,hype/energetic
hype/energetic,18,hype/energetic,hype/energetic,hype/energetic,hype/energetic
hype/energetic,19,hype/energetic,hype/energetic,hype/energetic,hype/energetic
hype/energetic,20,hype/energetic,hype/energetic,hype/energetic,hype/energetic
hype/energetic,21,hype/energetic,hype/energetic,hype/energetic,hype/energetic
hype/energetic,22,hype/energetic,hype/energetic,hype/energetic,hype/energetic
hype/energetic,23,hype/energetic,hype/energetic,hype/energetic,hype/energetic
hype/energetic,24,hype/energetic,hype/energetic,hype/energetic,hype/energetic
hype/energetic,25,hype/energetic,hype/energetic,hype/energetic,hype/energetic
hype/energetic,26,hype/energetic,hype/energetic,hype/energetic,hype/energetic
hype/energetic,27,hype/energetic,hype/energetic,hype/energetic,hype/energetic
hype/energetic,28,hype/energetic,hype/energetic,hype/energetic,hype/energetic
hype/energetic,29,hype/energetic,hype/energetic,hype/energetic,hype/energetic
hype/energetic,30,hype/energetic,hype/energetic,hype/energetic,hype/energetic
hype/energetic,31,hype/energetic,hype/energetic,hype/energetic,hype/energetic
hype/energetic,32,hype/energetic,hype/energetic,hype/energetic,hype/energetic
hype/energetic,33,hype/energetic,hype/energetic,hype/energetic,hype/energetic
hype/energetic,34,hype/energetic,hype/energetic,hype/energetic,hype/energetic
hype/energetic,35,hype/energetic,hype/energetic,hype/energetic,hype/energetic
hype/energetic,36,hype/energetic,hype/energetic,hype/energetic,hype/energetic
hype/energetic,37,hype/energetic,hype/energetic,hype/energetic,hype/energetic
hype/energetic,38,hype/energetic,hype/energetic,hype/energetic,hype/energetic
hype/energetic,39,hype/energetic,hype/energetic,hype/energetic,hype/energetic
hype/energetic,40,hype/energetic,hype/energetic,hype/energetic,hype/energetic
hype/energetic,41,hype/energetic,hype/energetic,hype/energetic,hype/energetic
hype/energetic,42,hype/energetic,hype/energetic,hype/energetic,hype/energetic
hype/energetic,43,hype/energetic,hype/energetic,hype/energetic,hype/energetic
hype/energetic,44,hype/energetic,hype/energetic,hype/energetic,hype/energetic
hype/energetic,45,hype/energetic,hype/energetic,hype/energetic,hype/energetic
hype/energetic,46,hype/energetic,hype/energetic,hype/energetic,hype/energetic
hype/energetic,47,hype/energetic,hype/energetic,hype/energetic,hype/energetic
hype/energetic,48,hype/energetic,hype/energetic,hype/energetic,hype/energetic
hype/energetic,49,hype/energetic,hype/energetic,hype/energetic,hype/energetic
hype/energetic,50,hype/energetic,hype/energetic,hype/energetic,hype/energetic
hype/energetic,51,hype/energetic,hype/energetic,hype/energetic,hype/energetic
hype/energetic,52,hype/energetic,hype/energetic,hype/energetic,hype/energetic
hype/energetic,53,hype/energetic,hype/energetic,hype/energetic,hype/energetic
hype/energetic,54,hype/energetic,hype/energetic,hype/energetic,hype/energetic
hype/energetic,55,hype/energetic,hype/energetic,hype/energetic,hype/energetic
hype/energetic,56,hype/energetic,hype/energetic,hype/energetic,hype/energetic
hype/energetic,57,hype/energetic,hype/energetic,hype/energetic,hype/energetic
hype/energetic,58,hype/energetic,hype/energetic,hype/energetic,hype/energetic
hype/energetic,59,hype/energetic,hype/energetic,hype/energetic,hype/energetic
hype/energetic,60,hype/energetic,hype/energetic,hype/energetic,hype/energetic
hype/energetic,61,hype/energetic,hype/energetic,hype/energetic,hype/energetic
hype/energetic,62,hype/energetic,hype/energetic,hype/energetic,hype/energetic
hype/energetic,63,hype/energetic,hype/energetic,hype/energetic,hype/energetic
hype/energetic,64,hype/energetic,hype/energetic,hype/energetic,hype/energetic
hype/energetic,65,hype/energetic,hype/energetic,hype/energetic,hype/energetic
hype/energetic,66,hype/energetic,hype/energetic,hype/energetic,hype/energetic
hype/energetic,67,hype/energetic,hype/energetic,hype/energetic,hype/energetic
hype/energetic,68,hype/energetic,hype/energetic,hype/energetic,hype/energetic
hype/energetic,69,hype/energetic,hype/energetic,hype/energetic,hype/energetic
hype/energetic,70,hype/energetic,hype/energetic,hype/energetic,hype/energetic
hype/energetic,71,hype/energetic,hype/energetic,hype/energetic,hype/energetic
hype/energetic,72,hype/energetic,hype/energetic,hype/energetic,hype/energetic
hype/energetic,73,hype/energetic,hype/energetic,hype/energetic,hype/energetic
hype/energetic,74,hype/energetic,hype/energetic,hype/energetic,hype/energetic
hype/energetic,75,hype/energetic,hype/energetic,hype/energetic,hype/energetic
hype/energetic,76,hype/energetic,hype/energetic,hype/energetic,hype/energetic
hype/energetic,77,hype/energetic,hype/energetic,hype/energetic,hype/energetic
hype/energetic,78,hype/energetic,hype/energetic,hype/energetic,hype/energetic
hype/energetic,79,hype/energetic,hype/energetic,hype/energetic,hype/energetic
hype/energetic,80,hype/energetic,hype/energetic,hype/energetic,hype/energetic
hype/energetic,81,hype/energetic,hype/energetic,hype/energetic,hype/energetic
hype/energetic,82,hype/energetic,hype/energetic,hype/energetic,hype/energetic
hype/energetic,83,hype/energetic,hype/energetic,hype/energetic,hype/energetic
hype/energetic,84,hype/energetic,hype/energetic,hype/energetic,hype/energetic
hype/energetic,85,hype/energetic,hype/energetic,hype/energetic,hype/energetic
hype/energetic,86,hype/energetic,hype/energetic,hype/energetic,hype/energetic
hype/energetic,87,hype/energetic,hype/energetic,hype/energetic,hype/energetic
hype/energetic,88,hype/energetic,hype/energetic,hype/energetic,hype/energetic
hype/energetic,89,hype/energetic,hype/energetic,hype/energetic,hype/energetic
hype/energetic,90,hype/energetic,hype/energetic,hype/energetic,hype/energetic
hype/energetic,91,hype/energetic,hype/energetic,hype/energetic,hype/energetic
hype/energetic,92,hype/energetic,hype/energetic,hype/energetic,hype/energetic
hype/energetic,93,hype/energetic,hype/energetic,hype/energetic,hype/energetic
hype/energetic,94,hype/energetic,hype/energetic,hype/energetic,hype/energetic
hype/energetic,95,hype/energetic,hype/energetic,hype/energetic,hype/energetic
hype/energetic,96,hype/energetic,hype/energetic,hype/energetic,hype/energetic
hype/energetic,97,hype/energetic,hype/energetic,hype/energetic,hype/energetic
hype/energetic,98,hype/energetic,hype/energetic,hype/energetic,hype/energetic
hype/energetic,99,hype/energetic,hype/energetic,hype/energetic,hype/energetic
hype/energetic,100,hype/energetic,hype/energetic,hype/energetic,hype/energetic
hype/energetic,101,hype/energetic,hype/energetic,hype/energetic,hype/energetic
hype/energetic,102,hype/energetic,hype/energetic,hype/energetic,hype/energetic
hype/energetic,103,hype/energetic,hype/energetic,hype/energetic,hype/energetic
hype/energetic,104,hype/energetic,hype/energetic,hype/energetic,hype/energetic
hype/energetic,105,hype/energetic,hype/energetic,hype/energetic,hype/energetic
hype/energetic,106,hype/energetic,hype/energetic,hype/energetic,hype/energetic
hype/energetic,107,hype/energetic,hype/energetic,hype/energetic,hype/energetic
hype/energetic,108,hype/energetic,hype/energetic,hype/energetic,hype/energetic
hype/energetic,109,hype/energetic,hype/energetic,hype/energetic,hype/energetic
hype/energetic,110,hype/energetic,hype/energetic,hype/energetic,hype/energetic
hype/energetic,111,hype/energetic,hype/energetic,hype/energetic,hype/energetic
hype/energetic,112,hype/energetic,hype/energetic,hype/energetic,hype/energetic
hype/energetic,113,hype/energetic,hype/energetic,hype/energetic,hype/energetic
hype/energetic,114,hype/energetic,hype/energetic,hype/energetic,hype/energetic
hype/energetic,115,hype/energetic,hype/energetic,hype/energetic,hype/energetic
hype/energetic,116,hype/energetic,hype/energetic,hype/energetic,hype/energetic
hype/energetic,117,hype/energetic,hype/energetic,hype/energetic,hype/energetic
hype/energetic,118,hype/energetic,hype/energetic,hype/energetic,hype/energetic
hype/energetic,119,hype/energetic,hype/energetic,hype/energetic,hype/energetic
hype/energetic,120,hype/energetic,hype/energetic,hype/energetic,hype/energetic
hype/energetic,121,hype/energetic,hype/energetic,hype/energetic,hype/energetic
hype/energetic,122,hype/energetic,hype/energetic,hype/energetic,hype/energetic
hype/energetic,123,hype/energetic,hype/energetic,hype/energetic,hype/energetic
hype/energetic,124,hype/energetic,hype/energetic,hype/energetic,hype/energetic
hype/energetic,125,hype/energetic,hype/energetic,hype/energetic,hype/energetic
hype/energetic,126,hype/energetic,hype/energetic,hype/energetic,hype/energetic
hype/energetic,127,hype/energetic,hype/energetic,hype/energetic,hype/energetic
hype/energetic,128,hype/energetic,hype/energetic,hype/energetic,hype/energetic
hype/energetic,129,hype/energetic,hype/energetic,hype/energetic,hype/energetic
hype/energetic,130,hype/energetic,hype/energetic,hype/energetic,hype/energetic
hype/energetic,131,hype/energetic,hype/energetic,hype/energetic,hype/energetic
hype/energetic,132,hype/energetic,hype/energetic,hype/energetic,hype/energetic
hype/energetic,133,hype/energetic,hype/energetic,hype/energetic,hype/energetic
hype/energetic,134,hype/energetic,hype/energetic,hype/energetic,hype/energetic
hype/energetic,135,hype/energetic,hype/energetic,hype/energetic,hype/energetic
hype/energetic,136,hype/energetic,hype/energetic,hype/energetic,hype/energetic
hype/energetic,137,hype/energetic,hype/energetic,hype/energetic,hype/energetic
hype/energetic,138,hype/energetic,hype/energetic,hype/energetic,hype/energetic
hype/energetic,139,hype/energetic,hype/energetic,hype/energetic,hype/energetic
hype/energetic,140,hype/energetic,hype/energetic,hype/energetic,hype/energetic
hype/energetic,141,hype/energetic,hype/energetic,hype/energetic,hype/energetic
hype/energetic,142,hype/energetic,hype/energetic,hype/energetic,hype/energetic
hype/energetic,143,hype/energetic,hype/energetic,hype/energetic,hype/energetic
hype/energetic,144,hype/energetic,hype/energetic,hype/energetic,hype/energetic
hype/energetic,145,hype/energetic,hype/energetic,hype/energetic,hype/energetic
hype/energetic,146,hype/energetic,hype/energetic,hype/energetic,hype/energetic
hype/energetic,147,hype/energetic,hype/energetic,hype/energetic,hype/energetic
hype/energetic,148,hype/energetic,hype/energetic,hype/energetic,hype/energetic
hype/energetic,149,hype/energetic,hype/energetic,hype/energetic,hype/energetic
hype/energetic,150,hype/energetic,hype/energetic,hype/energetic,hype/energetic
hype/energetic,151,hype/energetic,hype/energetic,hype/energetic,hype/energetic
hype/energetic,152,hype/energetic,hype/energetic,hype/energetic,hype/energetic
hype/energetic,153,hype/energetic,hype/energetic,hype/energetic,hype/energetic
hype/energetic,154,hype/energetic,hype/energetic,hype/energetic,hype/energetic
hype/energetic,155,hype/energetic,hype/energetic,hype/energetic,hype/energetic
hype/energetic,156,hype/energetic,hype/energetic,hype/energetic,hype/energetic
hype/energetic,157,hype/energetic,hype/energetic,hype/energetic,hype/energetic
hype/energetic,158,hype/energetic,hype/energetic,hype/energetic,hype/energetic
hype/energetic,159,hype/energetic,hype/energetic,hype/energetic,hype/energetic
hype/energetic,160,hype/energetic,hype/energetic,hype/energetic,hype/energetic
hype/energetic,161,hype/energetic,hype/energetic,hype/energetic,hype/energetic
hype/energetic,162,hype/energetic,hype/energetic,hype/energetic,hype/energetic
hype/energetic,163,hype/energetic,hype/energetic,hype/energetic,hype/energetic
hype/energetic,164,hype/energetic,hype/energetic,hype/energetic,hype/energetic
hype/energetic,165,hype/energetic,hype/energetic,hype/energetic,hype/energetic
hype/energetic,166,hype/energetic,hype/energetic,hype/energetic,hype/energetic
hype/energetic,167,hype/energetic,hype/energetic,hype/energetic,hype/energetic
hype/energetic,168,hype/energetic,hype/energetic,hype/energetic,hype/energetic
hype/energetic,169,hype/energetic,hype/energetic,hype/energetic,hype/energetic
hype/energetic,170,hype/energetic,hype/energetic,hype/energetic,hype/energetic
hype/energetic,171,hype/energetic,hype/energetic,hype/energetic,hype/energetic
hype/energetic,172,hype/energetic,hype/energetic,hype/energetic,hype/energetic
hype/energetic,173,hype/energetic,hype/energetic,hype/energetic,hype/energetic
hype/energetic,174,hype/energetic,hype/energetic,hype/energetic,hype/energetic
hype/energetic,175,hype/energetic,hype/energetic,hype/energetic,hype/energetic
hype/energetic,176,hype/energetic,hype/energetic,hype/energetic,hype/energetic
hype/energetic,177,hype/energetic,hype/energetic,hype/energetic,hype/energetic
hype/energetic,178,hype/energetic,hype/energetic,hype/energetic,hype/energetic
hype/energetic,179,hype/energetic,hype/energetic,hype/energetic,hype/energetic
hype/energetic,181,hype/energetic,hype/energetic,hype/energetic,hype/energetic
hype/energetic,185,hype/energetic,hype/energetic,hype/energetic,hype/energetic
hype/energetic,186,hype/energetic,hype/energetic,hype/energetic,hype/energetic
hype/energetic,187,hype/energetic,hype/energetic,hype/energetic,hype/energetic
hype/energetic,188,hype/energetic,hype/energetic,hype/energetic,hype/energetic
hype/energetic,189,hype/energetic,hype/energetic,hype/energetic,hype/energetic
hype/energetic,190,hype/energetic,hype/energetic,hype/energetic,hype/energetic
hype/energetic,191,hype/energetic,hype/energetic,hype/energetic,hype/energetic
hype/energetic,192,hype/energetic,hype/energetic,hype/energetic,hype/energetic
hype/energetic,193,hype/energetic,hype/energetic,hype/energetic,hype/energetic
hype/energetic,194,hype/energetic,hype/energetic,hype/energetic,hype/energetic
hype/energetic,195,hype/energetic,hype/energetic,hype/energetic,hype/energetic
hype/energetic,196,hype/energetic,hype/energetic,hype/energetic,hype/energetic
hype/energetic,197,hype/energetic,hype/energetic,hype/energetic,hype/energetic
hype/energetic,198,hype/energetic,hype/energetic,hype/energetic,hype/energetic
hype/energetic,199,hype/energetic,hype/energetic,hype/energetic,hype/energetic
hype/energetic,200,hype/energetic,hype/energetic,chill/lofi,hype/energetic
melancholic/sad,1,melancholic/sad,melancholic/sad,melancholic/sad,melancholic/sad
melancholic/sad,2,melancholic/sad,melancholic/sad,melancholic/sad,melancholic/sad
melancholic/sad,3,melancholic/sad,melancholic/sad,melancholic/sad,melancholic/sad
melancholic/sad,4,melancholic/sad,melancholic/sad,melancholic/sad,melancholic/sad
melancholic/sad,5,melancholic/sad,melancholic/sad,melancholic/sad,melancholic/sad
melancholic/sad,6,melancholic/sad,melancholic/sad,melancholic/sad,melancholic/sad
melancholic/sad,7,melancholic/sad,melancholic/sad,melancholic/sad,melancholic/sad
melancholic/sad,8,melancholic/sad,melancholic/sad,melancholic/sad,melancholic/sad
melancholic/sad,9,melancholic/sad,melancholic/sad,melancholic/sad,melancholic/sad
melancholic/sad,10,melancholic/sad,melancholic/sad,melancholic/sad,melancholic/sad
melancholic/sad,11,melancholic/sad,melancholic/sad,melancholic/sad,melancholic/sad
melancholic/sad,12,melancholic/sad,melancholic/sad,melancholic/sad,melancholic/sad
melancholic/sad,13,melancholic/sad,melancholic/sad,melancholic/sad,melancholic/sad
melancholic/sad,14,melancholic/sad,melancholic/sad,melancholic/sad,melancholic/sad
melancholic/sad,15,melancholic/sad,melancholic/sad,melancholic/sad,melancholic/sad
melancholic/sad,16,melancholic/sad,melancholic/sad,chill/lofi,melancholic/sad
melancholic/sad,17,melancholic/sad,melancholic/sad,melancholic/sad,melancholic/sad
melancholic/sad,18,melancholic/sad,melancholic/sad,melancholic/sad,melancholic/sad
melancholic/sad,19,melancholic/sad,melancholic/sad,melancholic/sad,melancholic/sad
melancholic/sad,20,melancholic/sad,melancholic/sad,melancholic/sad,melancholic/sad
melancholic/sad,21,melancholic/sad,melancholic/sad,chill/lofi,melancholic/sad
melancholic/sad,22,melancholic/sad,melancholic/sad,melancholic/sad,melancholic/sad
melancholic/sad,23,melancholic/sad,melancholic/sad,cinematic/epic,melancholic/sad
melancholic/sad,24,chill/lofi,chill/lofi,cinematic/epic,chill/lofi
melancholic/sad,25,chill/lofi,chill/lofi,cinematic/epic,chill/lofi
melancholic/sad,26,chill/lofi,chill/lofi,cinematic/epic,chill/lofi
melancholic/sad,27,chill/lofi,chill/lofi,cinematic/epic,chill/lofi
melancholic/sad,28,chill/lofi,chill/lofi,cinematic/epic,chill/lofi
melancholic/sad,29,chill/lofi,chill/lofi,cinematic/epic,chill/lofi
melancholic/sad,30,cinematic/epic,cinematic/epic,cinematic/epic,cinematic/epic
melancholic/sad,31,cinematic/epic,cinematic/epic,cinematic/epic,cinematic/epic
melancholic/sad,32,chill/lofi,chill/lofi,cinematic/epic,chill/lofi
melancholic/sad,33,chill/lofi,chill/lofi,melancholic/sad,chill/lofi
melancholic/sad,34,chill/lofi,chill/lofi,melancholic/sad,chill/lofi
melancholic/sad,35,chill/lofi,chill/lofi,cinematic/epic,chill/lofi
melancholic/sad,36,chill/lofi,chill/lofi,cinematic/epic,chill/lofi
melancholic/sad,37,chill/lofi,chill/lofi,cinematic/epic,chill/lofi
melancholic/sad,38,chill/lofi,chill/lofi,melancholic/sad,chill/lofi
melancholic/sad,39,chill/lofi,chill/lofi,cinematic/epic,chill/lofi
melancholic/sad,40,melancholic/sad,melancholic/sad,melancholic/sad,melancholic/sad
melancholic/sad,41,melancholic/sad,melancholic/sad,melancholic/sad,melancholic/sad
melancholic/sad,42,melancholic/sad,melancholic/sad,melancholic/sad,melancholic/sad
melancholic/sad,43,melancholic/sad,melancholic/sad,melancholic/sad,melancholic/sad
melancholic/sad,44,melancholic/sad,melancholic/sad,melancholic/sad,melancholic/sad
melancholic/sad,45,melancholic/sad,melancholic/sad,melancholic/sad,melancholic/sad
melancholic/sad,46,melancholic/sad,melancholic/sad,melancholic/sad,melancholic/sad
melancholic/sad,47,melancholic/sad,melancholic/sad,melancholic/sad,melancholic/sad
melancholic/sad,48,melancholic/sad,melancholic/sad,melancholic/sad,melancholic/sad
melancholic/sad,49,melancholic/sad,melancholic/sad,melancholic/sad,melancholic/sad
melancholic/sad,50,melancholic/sad,melancholic/sad,melancholic/sad,melancholic/sad
melancholic/sad,51,melancholic/sad,melancholic/sad,melancholic/sad,melancholic/sad
melancholic/sad,52,melancholic/sad,melancholic/sad,melancholic/sad,melancholic/sad
melancholic/sad,53,melancholic/sad,melancholic/sad,melancholic/sad,melancholic/sad
melancholic/sad,54,melancholic/sad,melancholic/sad,melancholic/sad,melancholic/sad
melancholic/sad,55,melancholic/sad,melancholic/sad,melancholic/sad,melancholic/sad
melancholic/sad,56,melancholic/sad,melancholic/sad,melancholic/sad,melancholic/sad
melancholic/sad,57,melancholic/sad,melancholic/sad,melancholic/sad,melancholic/sad
melancholic/sad,58,melancholic/sad,melancholic/sad,melancholic/sad,melancholic/sad
melancholic/sad,59,melancholic/sad,melancholic/sad,melancholic/sad,melancholic/sad
melancholic/sad,60,melancholic/sad,melancholic/sad,melancholic/sad,melancholic/sad
melancholic/sad,61,melancholic/sad,melancholic/sad,melancholic/sad,melancholic/sad
melancholic/sad,62,melancholic/sad,melancholic/sad,melancholic/sad,melancholic/sad
melancholic/sad,63,melancholic/sad,melancholic/sad,melancholic/sad,melancholic/sad
melancholic/sad,64,melancholic/sad,melancholic/sad,melancholic/sad,melancholic/sad
melancholic/sad,65,melancholic/sad,melancholic/sad,melancholic/sad,melancholic/sad
melancholic/sad,66,melancholic/sad,melancholic/sad,melancholic/sad,melancholic/sad
melancholic/sad,67,melancholic/sad,melancholic/sad,melancholic/sad,melancholic/sad
melancholic/sad,68,melancholic/sad,melancholic/sad,melancholic/sad,melancholic/sad
melancholic/sad,69,melancholic/sad,melancholic/sad,melancholic/sad,melancholic/sad
melancholic/sad,70,melancholic/sad,melancholic/sad,melancholic/sad,melancholic/sad
melancholic/sad,71,melancholic/sad,melancholic/sad,melancholic/sad,melancholic/sad
melancholic/sad,72,melancholic/sad,melancholic/sad,melancholic/sad,melancholic/sad
melancholic/sad,73,melancholic/sad,melancholic/sad,melancholic/sad,melancholic/sad
melancholic/sad,74,melancholic/sad,melancholic/sad,melancholic/sad,melancholic/sad
melancholic/sad,75,melancholic/sad,melancholic/sad,melancholic/sad,melancholic/sad
melancholic/sad,76,melancholic/sad,melancholic/sad,melancholic/sad,melancholic/sad
melancholic/sad,77,melancholic/sad,melancholic/sad,melancholic/sad,melancholic/sad
melancholic/sad,78,melancholic/sad,melancholic/sad,melancholic/sad,melancholic/sad
melancholic/sad,79,melancholic/sad,melancholic/sad,melancholic/sad,melancholic/sad
melancholic/sad,80,melancholic/sad,melancholic/sad,melancholic/sad,melancholic/sad
melancholic/sad,81,melancholic/sad,melancholic/sad,melancholic/sad,melancholic/sad
melancholic/sad,82,melancholic/sad,melancholic/sad,melancholic/sad,melancholic/sad
melancholic/sad,83,melancholic/sad,melancholic/sad,melancholic/sad,melancholic/sad
melancholic/sad,84,melancholic/sad,melancholic/sad,melancholic/sad,melancholic/sad
melancholic/sad,85,melancholic/sad,melancholic/sad,melancholic/sad,melancholic/sad
melancholic/sad,86,melancholic/sad,melancholic/sad,melancholic/sad,melancholic/sad
melancholic/sad,87,melancholic/sad,melancholic/sad,melancholic/sad,melancholic/sad
melancholic/sad,88,melancholic/sad,melancholic/sad,melancholic/sad,melancholic/sad
melancholic/sad,89,melancholic/sad,melancholic/sad,melancholic/sad,melancholic/sad
melancholic/sad,90,melancholic/sad,melancholic/sad,melancholic/sad,melancholic/sad
melancholic/sad,91,melancholic/sad,melancholic/sad,melancholic/sad,melancholic/sad
melancholic/sad,92,melancholic/sad,melancholic/sad,melancholic/sad,melancholic/sad
melancholic/sad,93,melancholic/sad,melancholic/sad,melancholic/sad,melancholic/sad
melancholic/sad,94,melancholic/sad,melancholic/sad,melancholic/sad,melancholic/sad
melancholic/sad,95,melancholic/sad,melancholic/sad,melancholic/sad,melancholic/sad
melancholic/sad,96,melancholic/sad,melancholic/sad,melancholic/sad,melancholic/sad
melancholic/sad,97,melancholic/sad,melancholic/sad,melancholic/sad,melancholic/sad
melancholic/sad,98,melancholic/sad,melancholic/sad,melancholic/sad,melancholic/sad
melancholic/sad,99,melancholic/sad,melancholic/sad,melancholic/sad,melancholic/sad
melancholic/sad,100,melancholic/sad,melancholic/sad,melancholic/sad,melancholic/sad
melancholic/sad,101,cinematic/epic,melancholic/sad,melancholic/sad,DISCARD_TIE
melancholic/sad,102,cinematic/epic,melancholic/sad,melancholic/sad,DISCARD_TIE
melancholic/sad,103,cinematic/epic,melancholic/sad,melancholic/sad,DISCARD_TIE
melancholic/sad,104,cinematic/epic,melancholic/sad,melancholic/sad,DISCARD_TIE
melancholic/sad,105,cinematic/epic,melancholic/sad,melancholic/sad,DISCARD_TIE
melancholic/sad,106,cinematic/epic,melancholic/sad,melancholic/sad,DISCARD_TIE
melancholic/sad,107,cinematic/epic,cinematic/epic,cinematic/epic,cinematic/epic
melancholic/sad,108,cinematic/epic,melancholic/sad,melancholic/sad,DISCARD_TIE
melancholic/sad,109,cinematic/epic,melancholic/sad,melancholic/sad,DISCARD_TIE
melancholic/sad,110,cinematic/epic,melancholic/sad,melancholic/sad,DISCARD_TIE
melancholic/sad,111,cinematic/epic,melancholic/sad,melancholic/sad,DISCARD_TIE
melancholic/sad,112,cinematic/epic,melancholic/sad,melancholic/sad,DISCARD_TIE
melancholic/sad,113,cinematic/epic,melancholic/sad,melancholic/sad,DISCARD_TIE
melancholic/sad,114,cinematic/epic,melancholic/sad,melancholic/sad,DISCARD_TIE
melancholic/sad,115,cinematic/epic,melancholic/sad,melancholic/sad,DISCARD_TIE
melancholic/sad,116,cinematic/epic,melancholic/sad,melancholic/sad,DISCARD_TIE
melancholic/sad,117,cinematic/epic,melancholic/sad,melancholic/sad,DISCARD_TIE
melancholic/sad,118,cinematic/epic,melancholic/sad,melancholic/sad,DISCARD_TIE
melancholic/sad,119,cinematic/epic,melancholic/sad,melancholic/sad,DISCARD_TIE
melancholic/sad,120,cinematic/epic,melancholic/sad,melancholic/sad,DISCARD_TIE
melancholic/sad,121,melancholic/sad,melancholic/sad,melancholic/sad,melancholic/sad
melancholic/sad,122,melancholic/sad,melancholic/sad,melancholic/sad,melancholic/sad
melancholic/sad,123,melancholic/sad,melancholic/sad,melancholic/sad,melancholic/sad
melancholic/sad,124,melancholic/sad,melancholic/sad,melancholic/sad,melancholic/sad
melancholic/sad,125,melancholic/sad,melancholic/sad,melancholic/sad,melancholic/sad
melancholic/sad,126,melancholic/sad,melancholic/sad,melancholic/sad,melancholic/sad
melancholic/sad,127,melancholic/sad,melancholic/sad,melancholic/sad,melancholic/sad
melancholic/sad,128,melancholic/sad,melancholic/sad,melancholic/sad,melancholic/sad
melancholic/sad,129,melancholic/sad,melancholic/sad,melancholic/sad,melancholic/sad
melancholic/sad,130,melancholic/sad,melancholic/sad,melancholic/sad,melancholic/sad
melancholic/sad,131,melancholic/sad,melancholic/sad,melancholic/sad,melancholic/sad
melancholic/sad,132,melancholic/sad,melancholic/sad,melancholic/sad,melancholic/sad
melancholic/sad,133,melancholic/sad,melancholic/sad,melancholic/sad,melancholic/sad
melancholic/sad,134,melancholic/sad,melancholic/sad,melancholic/sad,melancholic/sad
melancholic/sad,135,melancholic/sad,melancholic/sad,melancholic/sad,melancholic/sad
melancholic/sad,136,melancholic/sad,melancholic/sad,melancholic/sad,melancholic/sad
melancholic/sad,137,melancholic/sad,melancholic/sad,melancholic/sad,melancholic/sad
melancholic/sad,138,melancholic/sad,melancholic/sad,melancholic/sad,melancholic/sad
melancholic/sad,139,melancholic/sad,melancholic/sad,melancholic/sad,melancholic/sad
melancholic/sad,140,melancholic/sad,melancholic/sad,melancholic/sad,melancholic/sad
melancholic/sad,141,melancholic/sad,melancholic/sad,melancholic/sad,melancholic/sad
melancholic/sad,142,melancholic/sad,melancholic/sad,melancholic/sad,melancholic/sad
melancholic/sad,143,melancholic/sad,melancholic/sad,melancholic/sad,melancholic/sad
melancholic/sad,144,melancholic/sad,melancholic/sad,melancholic/sad,melancholic/sad
melancholic/sad,145,melancholic/sad,melancholic/sad,melancholic/sad,melancholic/sad
melancholic/sad,146,melancholic/sad,melancholic/sad,melancholic/sad,melancholic/sad
melancholic/sad,147,melancholic/sad,melancholic/sad,melancholic/sad,melancholic/sad
melancholic/sad,148,melancholic/sad,melancholic/sad,melancholic/sad,melancholic/sad
melancholic/sad,149,melancholic/sad,melancholic/sad,melancholic/sad,melancholic/sad
melancholic/sad,150,melancholic/sad,melancholic/sad,melancholic/sad,melancholic/sad
melancholic/sad,151,melancholic/sad,melancholic/sad,melancholic/sad,melancholic/sad
melancholic/sad,152,melancholic/sad,melancholic/sad,melancholic/sad,melancholic/sad
melancholic/sad,153,melancholic/sad,melancholic/sad,melancholic/sad,melancholic/sad
melancholic/sad,154,melancholic/sad,melancholic/sad,melancholic/sad,melancholic/sad
melancholic/sad,155,melancholic/sad,melancholic/sad,melancholic/sad,melancholic/sad
melancholic/sad,156,melancholic/sad,melancholic/sad,melancholic/sad,melancholic/sad
melancholic/sad,157,melancholic/sad,melancholic/sad,melancholic/sad,melancholic/sad
melancholic/sad,158,melancholic/sad,melancholic/sad,melancholic/sad,melancholic/sad
melancholic/sad,159,melancholic/sad,melancholic/sad,melancholic/sad,melancholic/sad
melancholic/sad,163,melancholic/sad,melancholic/sad,melancholic/sad,melancholic/sad
melancholic/sad,164,melancholic/sad,melancholic/sad,melancholic/sad,melancholic/sad
melancholic/sad,165,melancholic/sad,melancholic/sad,melancholic/sad,melancholic/sad
melancholic/sad,166,melancholic/sad,melancholic/sad,melancholic/sad,melancholic/sad
melancholic/sad,167,melancholic/sad,melancholic/sad,melancholic/sad,melancholic/sad
melancholic/sad,168,melancholic/sad,melancholic/sad,melancholic/sad,melancholic/sad
melancholic/sad,169,melancholic/sad,melancholic/sad,melancholic/sad,melancholic/sad
melancholic/sad,170,melancholic/sad,melancholic/sad,melancholic/sad,melancholic/sad
melancholic/sad,171,melancholic/sad,melancholic/sad,melancholic/sad,melancholic/sad
melancholic/sad,172,melancholic/sad,melancholic/sad,melancholic/sad,melancholic/sad
melancholic/sad,173,melancholic/sad,melancholic/sad,melancholic/sad,melancholic/sad
melancholic/sad,174,melancholic/sad,melancholic/sad,melancholic/sad,melancholic/sad
melancholic/sad,175,melancholic/sad,melancholic/sad,melancholic/sad,melancholic/sad
melancholic/sad,176,melancholic/sad,melancholic/sad,melancholic/sad,melancholic/sad
melancholic/sad,177,melancholic/sad,melancholic/sad,melancholic/sad,melancholic/sad
melancholic/sad,178,melancholic/sad,melancholic/sad,melancholic/sad,melancholic/sad
melancholic/sad,179,melancholic/sad,melancholic/sad,melancholic/sad,melancholic/sad
melancholic/sad,180,melancholic/sad,melancholic/sad,melancholic/sad,melancholic/sad
melancholic/sad,181,melancholic/sad,melancholic/sad,melancholic/sad,melancholic/sad
melancholic/sad,182,melancholic/sad,melancholic/sad,melancholic/sad,melancholic/sad
melancholic/sad,183,melancholic/sad,melancholic/sad,melancholic/sad,melancholic/sad
melancholic/sad,184,melancholic/sad,melancholic/sad,melancholic/sad,melancholic/sad
melancholic/sad,185,melancholic/sad,melancholic/sad,melancholic/sad,melancholic/sad
melancholic/sad,186,melancholic/sad,melancholic/sad,melancholic/sad,melancholic/sad
melancholic/sad,187,melancholic/sad,melancholic/sad,melancholic/sad,melancholic/sad
melancholic/sad,188,melancholic/sad,melancholic/sad,melancholic/sad,melancholic/sad
melancholic/sad,189,melancholic/sad,melancholic/sad,melancholic/sad,melancholic/sad
melancholic/sad,190,melancholic/sad,melancholic/sad,melancholic/sad,melancholic/sad
melancholic/sad,191,melancholic/sad,melancholic/sad,melancholic/sad,melancholic/sad
melancholic/sad,192,melancholic/sad,melancholic/sad,melancholic/sad,melancholic/sad
melancholic/sad,193,melancholic/sad,melancholic/sad,melancholic/sad,melancholic/sad
melancholic/sad,194,melancholic/sad,melancholic/sad,melancholic/sad,melancholic/sad
melancholic/sad,195,melancholic/sad,melancholic/sad,melancholic/sad,melancholic/sad
melancholic/sad,196,melancholic/sad,melancholic/sad,melancholic/sad,melancholic/sad
melancholic/sad,197,melancholic/sad,melancholic/sad,melancholic/sad,melancholic/sad
melancholic/sad,198,melancholic/sad,melancholic/sad,melancholic/sad,melancholic/sad
romantic/inlove,1,romantic/inlove,romantic/inlove,romantic/inlove,romantic/inlove
romantic/inlove,2,romantic/inlove,romantic/inlove,romantic/inlove,romantic/inlove
romantic/inlove,3,romantic/inlove,romantic/inlove,romantic/inlove,romantic/inlove
romantic/inlove,4,romantic/inlove,romantic/inlove,romantic/inlove,romantic/inlove
romantic/inlove,5,romantic/inlove,romantic/inlove,romantic/inlove,romantic/inlove
romantic/inlove,6,romantic/inlove,romantic/inlove,romantic/inlove,romantic/inlove
romantic/inlove,7,romantic/inlove,romantic/inlove,romantic/inlove,romantic/inlove
romantic/inlove,8,romantic/inlove,romantic/inlove,romantic/inlove,romantic/inlove
romantic/inlove,9,romantic/inlove,romantic/inlove,romantic/inlove,romantic/inlove
romantic/inlove,10,romantic/inlove,romantic/inlove,romantic/inlove,romantic/inlove
romantic/inlove,11,romantic/inlove,romantic/inlove,romantic/inlove,romantic/inlove
romantic/inlove,12,romantic/inlove,romantic/inlove,romantic/inlove,romantic/inlove
romantic/inlove,13,romantic/inlove,romantic/inlove,romantic/inlove,romantic/inlove
romantic/inlove,14,romantic/inlove,romantic/inlove,romantic/inlove,romantic/inlove
romantic/inlove,15,romantic/inlove,romantic/inlove,romantic/inlove,romantic/inlove
romantic/inlove,16,romantic/inlove,romantic/inlove,romantic/inlove,romantic/inlove
romantic/inlove,17,romantic/inlove,romantic/inlove,romantic/inlove,romantic/inlove
romantic/inlove,18,romantic/inlove,romantic/inlove,romantic/inlove,romantic/inlove
romantic/inlove,19,romantic/inlove,romantic/inlove,romantic/inlove,romantic/inlove
romantic/inlove,22,romantic/inlove,romantic/inlove,romantic/inlove,romantic/inlove
romantic/inlove,23,romantic/inlove,romantic/inlove,romantic/inlove,romantic/inlove
romantic/inlove,24,romantic/inlove,romantic/inlove,romantic/inlove,romantic/inlove
romantic/inlove,25,romantic/inlove,romantic/inlove,romantic/inlove,romantic/inlove
romantic/inlove,26,romantic/inlove,romantic/inlove,romantic/inlove,romantic/inlove
romantic/inlove,27,romantic/inlove,romantic/inlove,romantic/inlove,romantic/inlove
romantic/inlove,28,romantic/inlove,romantic/inlove,romantic/inlove,romantic/inlove
romantic/inlove,29,romantic/inlove,romantic/inlove,romantic/inlove,romantic/inlove
romantic/inlove,30,romantic/inlove,romantic/inlove,romantic/inlove,romantic/inlove
romantic/inlove,31,romantic/inlove,romantic/inlove,romantic/inlove,romantic/inlove
romantic/inlove,32,romantic/inlove,romantic/inlove,romantic/inlove,romantic/inlove
romantic/inlove,33,romantic/inlove,romantic/inlove,romantic/inlove,romantic/inlove
romantic/inlove,34,romantic/inlove,romantic/inlove,romantic/inlove,romantic/inlove
romantic/inlove,35,romantic/inlove,romantic/inlove,romantic/inlove,romantic/inlove
romantic/inlove,36,romantic/inlove,romantic/inlove,romantic/inlove,romantic/inlove
romantic/inlove,37,romantic/inlove,romantic/inlove,romantic/inlove,romantic/inlove
romantic/inlove,38,romantic/inlove,romantic/inlove,romantic/inlove,romantic/inlove
romantic/inlove,39,romantic/inlove,romantic/inlove,romantic/inlove,romantic/inlove
romantic/inlove,40,romantic/inlove,romantic/inlove,romantic/inlove,romantic/inlove
romantic/inlove,41,romantic/inlove,romantic/inlove,romantic/inlove,romantic/inlove
romantic/inlove,42,romantic/inlove,romantic/inlove,romantic/inlove,romantic/inlove
romantic/inlove,43,romantic/inlove,romantic/inlove,romantic/inlove,romantic/inlove
romantic/inlove,44,romantic/inlove,romantic/inlove,romantic/inlove,romantic/inlove
romantic/inlove,45,romantic/inlove,romantic/inlove,romantic/inlove,romantic/inlove
romantic/inlove,46,romantic/inlove,romantic/inlove,romantic/inlove,romantic/inlove
romantic/inlove,47,romantic/inlove,romantic/inlove,romantic/inlove,romantic/inlove
romantic/inlove,48,romantic/inlove,romantic/inlove,romantic/inlove,romantic/inlove
romantic/inlove,49,romantic/inlove,romantic/inlove,romantic/inlove,romantic/inlove
romantic/inlove,50,romantic/inlove,romantic/inlove,romantic/inlove,romantic/inlove
romantic/inlove,51,romantic/inlove,romantic/inlove,romantic/inlove,romantic/inlove
romantic/inlove,52,romantic/inlove,romantic/inlove,romantic/inlove,romantic/inlove
romantic/inlove,53,romantic/inlove,romantic/inlove,romantic/inlove,romantic/inlove
romantic/inlove,54,romantic/inlove,romantic/inlove,romantic/inlove,romantic/inlove
romantic/inlove,55,romantic/inlove,romantic/inlove,romantic/inlove,romantic/inlove
romantic/inlove,56,romantic/inlove,romantic/inlove,romantic/inlove,romantic/inlove
romantic/inlove,57,romantic/inlove,romantic/inlove,romantic/inlove,romantic/inlove
romantic/inlove,58,romantic/inlove,romantic/inlove,romantic/inlove,romantic/inlove
romantic/inlove,59,romantic/inlove,romantic/inlove,romantic/inlove,romantic/inlove
romantic/inlove,60,romantic/inlove,romantic/inlove,romantic/inlove,romantic/inlove
romantic/inlove,61,romantic/inlove,romantic/inlove,romantic/inlove,romantic/inlove
romantic/inlove,62,romantic/inlove,romantic/inlove,romantic/inlove,romantic/inlove
romantic/inlove,63,romantic/inlove,romantic/inlove,romantic/inlove,romantic/inlove
romantic/inlove,64,romantic/inlove,romantic/inlove,romantic/inlove,romantic/inlove
romantic/inlove,65,romantic/inlove,romantic/inlove,romantic/inlove,romantic/inlove
romantic/inlove,66,romantic/inlove,romantic/inlove,romantic/inlove,romantic/inlove
romantic/inlove,67,romantic/inlove,romantic/inlove,romantic/inlove,romantic/inlove
romantic/inlove,68,romantic/inlove,romantic/inlove,romantic/inlove,romantic/inlove
romantic/inlove,69,romantic/inlove,romantic/inlove,romantic/inlove,romantic/inlove
romantic/inlove,70,romantic/inlove,romantic/inlove,romantic/inlove,romantic/inlove
romantic/inlove,71,romantic/inlove,romantic/inlove,romantic/inlove,romantic/inlove
romantic/inlove,72,romantic/inlove,romantic/inlove,romantic/inlove,romantic/inlove
romantic/inlove,73,romantic/inlove,romantic/inlove,romantic/inlove,romantic/inlove
romantic/inlove,74,romantic/inlove,romantic/inlove,romantic/inlove,romantic/inlove
romantic/inlove,75,romantic/inlove,romantic/inlove,romantic/inlove,romantic/inlove
romantic/inlove,76,romantic/inlove,romantic/inlove,romantic/inlove,romantic/inlove
romantic/inlove,77,romantic/inlove,romantic/inlove,romantic/inlove,romantic/inlove
romantic/inlove,78,romantic/inlove,romantic/inlove,romantic/inlove,romantic/inlove
romantic/inlove,79,romantic/inlove,romantic/inlove,romantic/inlove,romantic/inlove
romantic/inlove,80,romantic/inlove,romantic/inlove,romantic/inlove,romantic/inlove
romantic/inlove,81,romantic/inlove,romantic/inlove,romantic/inlove,romantic/inlove
romantic/inlove,82,romantic/inlove,romantic/inlove,romantic/inlove,romantic/inlove
romantic/inlove,83,romantic/inlove,romantic/inlove,romantic/inlove,romantic/inlove
romantic/inlove,84,romantic/inlove,romantic/inlove,romantic/inlove,romantic/inlove
romantic/inlove,85,romantic/inlove,romantic/inlove,romantic/inlove,romantic/inlove
romantic/inlove,86,romantic/inlove,romantic/inlove,romantic/inlove,romantic/inlove
romantic/inlove,87,romantic/inlove,romantic/inlove,romantic/inlove,romantic/inlove
romantic/inlove,88,romantic/inlove,romantic/inlove,romantic/inlove,romantic/inlove
romantic/inlove,89,romantic/inlove,romantic/inlove,romantic/inlove,romantic/inlove
romantic/inlove,90,romantic/inlove,romantic/inlove,romantic/inlove,romantic/inlove
romantic/inlove,91,romantic/inlove,romantic/inlove,romantic/inlove,romantic/inlove
romantic/inlove,92,romantic/inlove,romantic/inlove,romantic/inlove,romantic/inlove
romantic/inlove,93,romantic/inlove,romantic/inlove,romantic/inlove,romantic/inlove
romantic/inlove,94,romantic/inlove,romantic/inlove,romantic/inlove,romantic/inlove
romantic/inlove,95,romantic/inlove,romantic/inlove,romantic/inlove,romantic/inlove
romantic/inlove,96,romantic/inlove,romantic/inlove,romantic/inlove,romantic/inlove
romantic/inlove,97,romantic/inlove,romantic/inlove,romantic/inlove,romantic/inlove
romantic/inlove,98,romantic/inlove,romantic/inlove,romantic/inlove,romantic/inlove
romantic/inlove,99,romantic/inlove,romantic/inlove,romantic/inlove,romantic/inlove
romantic/inlove,100,romantic/inlove,romantic/inlove,romantic/inlove,romantic/inlove
romantic/inlove,101,romantic/inlove,romantic/inlove,romantic/inlove,romantic/inlove
romantic/inlove,102,romantic/inlove,romantic/inlove,romantic/inlove,romantic/inlove
romantic/inlove,104,romantic/inlove,romantic/inlove,romantic/inlove,romantic/inlove
romantic/inlove,105,romantic/inlove,romantic/inlove,romantic/inlove,romantic/inlove
romantic/inlove,108,romantic/inlove,romantic/inlove,romantic/inlove,romantic/inlove
romantic/inlove,110,romantic/inlove,romantic/inlove,romantic/inlove,romantic/inlove
romantic/inlove,112,romantic/inlove,romantic/inlove,romantic/inlove,romantic/inlove
romantic/inlove,113,romantic/inlove,romantic/inlove,romantic/inlove,romantic/inlove
romantic/inlove,115,romantic/inlove,romantic/inlove,romantic/inlove,romantic/inlove
romantic/inlove,116,romantic/inlove,romantic/inlove,romantic/inlove,romantic/inlove
romantic/inlove,117,romantic/inlove,romantic/inlove,romantic/inlove,romantic/inlove
romantic/inlove,118,romantic/inlove,romantic/inlove,romantic/inlove,romantic/inlove
romantic/inlove,119,romantic/inlove,romantic/inlove,romantic/inlove,romantic/inlove
romantic/inlove,121,romantic/inlove,romantic/inlove,romantic/inlove,romantic/inlove
romantic/inlove,122,romantic/inlove,romantic/inlove,romantic/inlove,romantic/inlove
romantic/inlove,123,romantic/inlove,romantic/inlove,romantic/inlove,romantic/inlove
romantic/inlove,124,romantic/inlove,romantic/inlove,romantic/inlove,romantic/inlove
romantic/inlove,125,romantic/inlove,romantic/inlove,romantic/inlove,romantic/inlove
romantic/inlove,126,romantic/inlove,romantic/inlove,romantic/inlove,romantic/inlove
romantic/inlove,127,romantic/inlove,romantic/inlove,romantic/inlove,romantic/inlove
romantic/inlove,128,romantic/inlove,romantic/inlove,romantic/inlove,romantic/inlove
romantic/inlove,129,romantic/inlove,romantic/inlove,romantic/inlove,romantic/inlove
romantic/inlove,130,romantic/inlove,romantic/inlove,romantic/inlove,romantic/inlove
romantic/inlove,131,romantic/inlove,romantic/inlove,romantic/inlove,romantic/inlove
romantic/inlove,132,romantic/inlove,romantic/inlove,romantic/inlove,romantic/inlove
romantic/inlove,133,romantic/inlove,romantic/inlove,romantic/inlove,romantic/inlove
romantic/inlove,134,romantic/inlove,romantic/inlove,romantic/inlove,romantic/inlove
romantic/inlove,135,romantic/inlove,romantic/inlove,romantic/inlove,romantic/inlove
romantic/inlove,136,romantic/inlove,romantic/inlove,romantic/inlove,romantic/inlove
romantic/inlove,137,romantic/inlove,romantic/inlove,romantic/inlove,romantic/inlove
romantic/inlove,138,romantic/inlove,romantic/inlove,romantic/inlove,romantic/inlove
romantic/inlove,139,romantic/inlove,romantic/inlove,romantic/inlove,romantic/inlove
romantic/inlove,140,romantic/inlove,romantic/inlove,romantic/inlove,romantic/inlove
romantic/inlove,141,romantic/inlove,romantic/inlove,romantic/inlove,romantic/inlove
romantic/inlove,142,romantic/inlove,romantic/inlove,romantic/inlove,romantic/inlove
romantic/inlove,143,romantic/inlove,romantic/inlove,romantic/inlove,romantic/inlove
romantic/inlove,144,romantic/inlove,romantic/inlove,romantic/inlove,romantic/inlove
romantic/inlove,145,romantic/inlove,romantic/inlove,romantic/inlove,romantic/inlove
romantic/inlove,146,romantic/inlove,romantic/inlove,romantic/inlove,romantic/inlove
romantic/inlove,147,romantic/inlove,romantic/inlove,romantic/inlove,romantic/inlove
romantic/inlove,148,romantic/inlove,romantic/inlove,romantic/inlove,romantic/inlove
romantic/inlove,149,romantic/inlove,romantic/inlove,romantic/inlove,romantic/inlove
romantic/inlove,150,romantic/inlove,romantic/inlove,romantic/inlove,romantic/inlove
romantic/inlove,151,romantic/inlove,romantic/inlove,romantic/inlove,romantic/inlove
romantic/inlove,152,romantic/inlove,romantic/inlove,romantic/inlove,romantic/inlove
romantic/inlove,153,romantic/inlove,romantic/inlove,romantic/inlove,romantic/inlove
romantic/inlove,154,romantic/inlove,romantic/inlove,romantic/inlove,romantic/inlove
romantic/inlove,155,romantic/inlove,romantic/inlove,romantic/inlove,romantic/inlove
romantic/inlove,156,romantic/inlove,romantic/inlove,romantic/inlove,romantic/inlove
romantic/inlove,157,romantic/inlove,romantic/inlove,romantic/inlove,romantic/inlove
romantic/inlove,158,romantic/inlove,romantic/inlove,romantic/inlove,romantic/inlove
romantic/inlove,159,romantic/inlove,romantic/inlove,romantic/inlove,romantic/inlove
romantic/inlove,162,romantic/inlove,romantic/inlove,romantic/inlove,romantic/inlove
romantic/inlove,163,romantic/inlove,romantic/inlove,romantic/inlove,romantic/inlove
romantic/inlove,165,romantic/inlove,romantic/inlove,romantic/inlove,romantic/inlove
romantic/inlove,166,romantic/inlove,romantic/inlove,romantic/inlove,romantic/inlove
romantic/inlove,167,romantic/inlove,romantic/inlove,romantic/inlove,romantic/inlove
romantic/inlove,168,romantic/inlove,romantic/inlove,romantic/inlove,romantic/inlove
romantic/inlove,169,romantic/inlove,romantic/inlove,romantic/inlove,romantic/inlove
romantic/inlove,170,romantic/inlove,romantic/inlove,romantic/inlove,romantic/inlove
romantic/inlove,171,romantic/inlove,romantic/inlove,romantic/inlove,romantic/inlove
romantic/inlove,172,romantic/inlove,romantic/inlove,romantic/inlove,romantic/inlove
romantic/inlove,173,romantic/inlove,romantic/inlove,romantic/inlove,romantic/inlove
romantic/inlove,174,romantic/inlove,romantic/inlove,romantic/inlove,romantic/inlove
romantic/inlove,175,romantic/inlove,romantic/inlove,romantic/inlove,romantic/inlove
romantic/inlove,176,romantic/inlove,romantic/inlove,romantic/inlove,romantic/inlove
romantic/inlove,177,romantic/inlove,romantic/inlove,romantic/inlove,romantic/inlove
romantic/inlove,178,romantic/inlove,romantic/inlove,romantic/inlove,romantic/inlove
romantic/inlove,179,romantic/inlove,romantic/inlove,romantic/inlove,romantic/inlove
romantic/inlove,180,romantic/inlove,romantic/inlove,romantic/inlove,romantic/inlove
romantic/inlove,181,romantic/inlove,romantic/inlove,romantic/inlove,romantic/inlove
romantic/inlove,182,romantic/inlove,romantic/inlove,romantic/inlove,romantic/inlove
romantic/inlove,183,romantic/inlove,romantic/inlove,romantic/inlove,romantic/inlove
romantic/inlove,184,romantic/inlove,romantic/inlove,romantic/inlove,romantic/inlove
romantic/inlove,185,romantic/inlove,romantic/inlove,romantic/inlove,romantic/inlove
romantic/inlove,186,romantic/inlove,romantic/inlove,romantic/inlove,romantic/inlove
romantic/inlove,187,romantic/inlove,romantic/inlove,romantic/inlove,romantic/inlove
romantic/inlove,188,romantic/inlove,romantic/inlove,romantic/inlove,romantic/inlove
romantic/inlove,189,romantic/inlove,romantic/inlove,romantic/inlove,romantic/inlove
romantic/inlove,190,romantic/inlove,romantic/inlove,romantic/inlove,romantic/inlove
romantic/inlove,191,romantic/inlove,romantic/inlove,romantic/inlove,romantic/inlove
romantic/inlove,192,romantic/inlove,romantic/inlove,romantic/inlove,romantic/inlove
romantic/inlove,193,romantic/inlove,romantic/inlove,romantic/inlove,romantic/inlove
romantic/inlove,194,romantic/inlove,romantic/inlove,romantic/inlove,romantic/inlove
romantic/inlove,195,romantic/inlove,romantic/inlove,romantic/inlove,romantic/inlove
romantic/inlove,196,romantic/inlove,romantic/inlove,romantic/inlove,romantic/inlove
romantic/inlove,197,romantic/inlove,romantic/inlove,romantic/inlove,romantic/inlove
romantic/inlove,198,romantic/inlove,romantic/inlove,romantic/inlove,romantic/inlove
romantic/inlove,199,romantic/inlove,romantic/inlove,romantic/inlove,romantic/inlove
romantic/inlove,200,romantic/inlove,romantic/inlove,romantic/inlove,romantic/inlove
soft/gentle,1,soft/gentle,soft/gentle,soft/gentle,soft/gentle
soft/gentle,2,soft/gentle,soft/gentle,soft/gentle,soft/gentle
soft/gentle,3,soft/gentle,soft/gentle,soft/gentle,soft/gentle
soft/gentle,4,soft/gentle,soft/gentle,soft/gentle,soft/gentle
soft/gentle,5,soft/gentle,soft/gentle,soft/gentle,soft/gentle
soft/gentle,6,soft/gentle,soft/gentle,soft/gentle,soft/gentle
soft/gentle,7,soft/gentle,soft/gentle,soft/gentle,soft/gentle
soft/gentle,8,soft/gentle,soft/gentle,soft/gentle,soft/gentle
soft/gentle,9,soft/gentle,soft/gentle,soft/gentle,soft/gentle
soft/gentle,10,soft/gentle,soft/gentle,soft/gentle,soft/gentle
soft/gentle,11,soft/gentle,soft/gentle,soft/gentle,soft/gentle
soft/gentle,12,soft/gentle,soft/gentle,soft/gentle,soft/gentle
soft/gentle,13,soft/gentle,soft/gentle,soft/gentle,soft/gentle
soft/gentle,14,soft/gentle,soft/gentle,soft/gentle,soft/gentle
soft/gentle,15,soft/gentle,soft/gentle,soft/gentle,soft/gentle
soft/gentle,16,soft/gentle,soft/gentle,soft/gentle,soft/gentle
soft/gentle,17,soft/gentle,soft/gentle,soft/gentle,soft/gentle
soft/gentle,18,soft/gentle,soft/gentle,soft/gentle,soft/gentle
soft/gentle,19,soft/gentle,soft/gentle,soft/gentle,soft/gentle
soft/gentle,20,soft/gentle,soft/gentle,soft/gentle,soft/gentle
soft/gentle,21,soft/gentle,soft/gentle,soft/gentle,soft/gentle
soft/gentle,22,soft/gentle,soft/gentle,soft/gentle,soft/gentle
soft/gentle,23,soft/gentle,soft/gentle,soft/gentle,soft/gentle
soft/gentle,24,soft/gentle,soft/gentle,soft/gentle,soft/gentle
soft/gentle,25,soft/gentle,soft/gentle,soft/gentle,soft/gentle
soft/gentle,26,soft/gentle,soft/gentle,soft/gentle,soft/gentle
soft/gentle,27,soft/gentle,soft/gentle,soft/gentle,soft/gentle
soft/gentle,28,soft/gentle,soft/gentle,soft/gentle,soft/gentle
soft/gentle,29,soft/gentle,soft/gentle,soft/gentle,soft/gentle
soft/gentle,30,soft/gentle,soft/gentle,soft/gentle,soft/gentle
soft/gentle,31,soft/gentle,soft/gentle,soft/gentle,soft/gentle
soft/gentle,32,soft/gentle,soft/gentle,soft/gentle,soft/gentle
soft/gentle,33,soft/gentle,soft/gentle,soft/gentle,soft/gentle
soft/gentle,34,soft/gentle,soft/gentle,soft/gentle,soft/gentle
soft/gentle,35,soft/gentle,soft/gentle,soft/gentle,soft/gentle
soft/gentle,36,soft/gentle,soft/gentle,soft/gentle,soft/gentle
soft/gentle,37,soft/gentle,soft/gentle,soft/gentle,soft/gentle
soft/gentle,38,soft/gentle,soft/gentle,soft/gentle,soft/gentle
soft/gentle,39,soft/gentle,soft/gentle,soft/gentle,soft/gentle
soft/gentle,40,soft/gentle,soft/gentle,soft/gentle,soft/gentle
soft/gentle,41,soft/gentle,soft/gentle,soft/gentle,soft/gentle
soft/gentle,42,soft/gentle,soft/gentle,soft/gentle,soft/gentle
soft/gentle,43,soft/gentle,soft/gentle,soft/gentle,soft/gentle
soft/gentle,44,soft/gentle,soft/gentle,soft/gentle,soft/gentle
soft/gentle,45,soft/gentle,soft/gentle,soft/gentle,soft/gentle
soft/gentle,46,soft/gentle,soft/gentle,soft/gentle,soft/gentle
soft/gentle,47,soft/gentle,soft/gentle,soft/gentle,soft/gentle
soft/gentle,48,soft/gentle,soft/gentle,soft/gentle,soft/gentle
soft/gentle,49,soft/gentle,soft/gentle,soft/gentle,soft/gentle
soft/gentle,50,soft/gentle,soft/gentle,soft/gentle,soft/gentle
soft/gentle,51,soft/gentle,soft/gentle,soft/gentle,soft/gentle
soft/gentle,52,soft/gentle,soft/gentle,soft/gentle,soft/gentle
soft/gentle,53,soft/gentle,soft/gentle,soft/gentle,soft/gentle
soft/gentle,54,soft/gentle,soft/gentle,soft/gentle,soft/gentle
soft/gentle,55,soft/gentle,soft/gentle,soft/gentle,soft/gentle
soft/gentle,56,soft/gentle,soft/gentle,soft/gentle,soft/gentle
soft/gentle,57,soft/gentle,soft/gentle,soft/gentle,soft/gentle
soft/gentle,58,soft/gentle,soft/gentle,soft/gentle,soft/gentle
soft/gentle,59,soft/gentle,soft/gentle,soft/gentle,soft/gentle
soft/gentle,60,soft/gentle,soft/gentle,soft/gentle,soft/gentle
soft/gentle,61,soft/gentle,soft/gentle,soft/gentle,soft/gentle
soft/gentle,66,soft/gentle,soft/gentle,soft/gentle,soft/gentle
soft/gentle,67,soft/gentle,soft/gentle,soft/gentle,soft/gentle
soft/gentle,68,soft/gentle,soft/gentle,soft/gentle,soft/gentle
soft/gentle,69,soft/gentle,soft/gentle,soft/gentle,soft/gentle
soft/gentle,70,soft/gentle,soft/gentle,soft/gentle,soft/gentle
soft/gentle,71,soft/gentle,soft/gentle,soft/gentle,soft/gentle
soft/gentle,74,soft/gentle,soft/gentle,soft/gentle,soft/gentle
soft/gentle,75,soft/gentle,soft/gentle,soft/gentle,soft/gentle
soft/gentle,76,soft/gentle,soft/gentle,soft/gentle,soft/gentle
soft/gentle,77,soft/gentle,soft/gentle,soft/gentle,soft/gentle
soft/gentle,78,soft/gentle,soft/gentle,soft/gentle,soft/gentle
soft/gentle,79,soft/gentle,soft/gentle,soft/gentle,soft/gentle
soft/gentle,80,soft/gentle,soft/gentle,soft/gentle,soft/gentle
soft/gentle,81,soft/gentle,soft/gentle,soft/gentle,soft/gentle
soft/gentle,82,soft/gentle,soft/gentle,soft/gentle,soft/gentle
soft/gentle,83,soft/gentle,soft/gentle,soft/gentle,soft/gentle
soft/gentle,84,soft/gentle,soft/gentle,soft/gentle,soft/gentle
soft/gentle,85,soft/gentle,soft/gentle,soft/gentle,soft/gentle
soft/gentle,86,soft/gentle,soft/gentle,soft/gentle,soft/gentle
soft/gentle,87,soft/gentle,soft/gentle,soft/gentle,soft/gentle
soft/gentle,88,soft/gentle,soft/gentle,soft/gentle,soft/gentle
soft/gentle,89,soft/gentle,soft/gentle,soft/gentle,soft/gentle
soft/gentle,90,soft/gentle,soft/gentle,soft/gentle,soft/gentle
soft/gentle,91,soft/gentle,soft/gentle,soft/gentle,soft/gentle
soft/gentle,92,soft/gentle,soft/gentle,soft/gentle,soft/gentle
soft/gentle,93,soft/gentle,soft/gentle,soft/gentle,soft/gentle
soft/gentle,94,soft/gentle,soft/gentle,soft/gentle,soft/gentle
soft/gentle,95,soft/gentle,soft/gentle,soft/gentle,soft/gentle
soft/gentle,96,soft/gentle,soft/gentle,soft/gentle,soft/gentle
soft/gentle,97,soft/gentle,soft/gentle,soft/gentle,soft/gentle
soft/gentle,98,soft/gentle,soft/gentle,soft/gentle,soft/gentle
soft/gentle,99,soft/gentle,soft/gentle,soft/gentle,soft/gentle
soft/gentle,100,soft/gentle,soft/gentle,soft/gentle,soft/gentle
soft/gentle,101,soft/gentle,soft/gentle,soft/gentle,soft/gentle
soft/gentle,103,soft/gentle,soft/gentle,soft/gentle,soft/gentle
soft/gentle,104,soft/gentle,soft/gentle,soft/gentle,soft/gentle
soft/gentle,106,soft/gentle,soft/gentle,soft/gentle,soft/gentle
soft/gentle,107,soft/gentle,soft/gentle,soft/gentle,soft/gentle
soft/gentle,108,soft/gentle,soft/gentle,soft/gentle,soft/gentle
soft/gentle,109,soft/gentle,soft/gentle,soft/gentle,soft/gentle
soft/gentle,110,soft/gentle,soft/gentle,soft/gentle,soft/gentle
soft/gentle,111,soft/gentle,soft/gentle,soft/gentle,soft/gentle
soft/gentle,112,soft/gentle,soft/gentle,soft/gentle,soft/gentle
soft/gentle,113,soft/gentle,soft/gentle,soft/gentle,soft/gentle
soft/gentle,114,soft/gentle,soft/gentle,soft/gentle,soft/gentle
soft/gentle,115,soft/gentle,soft/gentle,soft/gentle,soft/gentle
soft/gentle,116,soft/gentle,soft/gentle,soft/gentle,soft/gentle
soft/gentle,117,soft/gentle,soft/gentle,soft/gentle,soft/gentle
soft/gentle,118,soft/gentle,soft/gentle,soft/gentle,soft/gentle
soft/gentle,119,soft/gentle,soft/gentle,soft/gentle,soft/gentle
soft/gentle,120,soft/gentle,soft/gentle,soft/gentle,soft/gentle
soft/gentle,121,soft/gentle,soft/gentle,soft/gentle,soft/gentle
soft/gentle,122,soft/gentle,soft/gentle,soft/gentle,soft/gentle
soft/gentle,123,soft/gentle,soft/gentle,soft/gentle,soft/gentle
soft/gentle,124,soft/gentle,soft/gentle,soft/gentle,soft/gentle
soft/gentle,125,soft/gentle,soft/gentle,soft/gentle,soft/gentle
soft/gentle,126,soft/gentle,soft/gentle,soft/gentle,soft/gentle
soft/gentle,127,soft/gentle,soft/gentle,soft/gentle,soft/gentle
soft/gentle,128,soft/gentle,soft/gentle,soft/gentle,soft/gentle
soft/gentle,129,soft/gentle,soft/gentle,soft/gentle,soft/gentle
soft/gentle,146,soft/gentle,soft/gentle,soft/gentle,soft/gentle
soft/gentle,147,soft/gentle,soft/gentle,soft/gentle,soft/gentle
soft/gentle,160,soft/gentle,soft/gentle,soft/gentle,soft/gentle
soft/gentle,163,soft/gentle,soft/gentle,soft/gentle,soft/gentle
soft/gentle,164,soft/gentle,soft/gentle,soft/gentle,soft/gentle
soft/gentle,165,soft/gentle,soft/gentle,soft/gentle,soft/gentle
soft/gentle,166,soft/gentle,soft/gentle,soft/gentle,soft/gentle
soft/gentle,167,soft/gentle,soft/gentle,soft/gentle,soft/gentle
soft/gentle,168,soft/gentle,soft/gentle,soft/gentle,soft/gentle
soft/gentle,169,soft/gentle,soft/gentle,soft/gentle,soft/gentle
soft/gentle,170,soft/gentle,soft/gentle,soft/gentle,soft/gentle
soft/gentle,171,soft/gentle,soft/gentle,soft/gentle,soft/gentle
soft/gentle,172,soft/gentle,soft/gentle,soft/gentle,soft/gentle
soft/gentle,173,soft/gentle,soft/gentle,soft/gentle,soft/gentle
soft/gentle,174,soft/gentle,soft/gentle,soft/gentle,soft/gentle
soft/gentle,175,soft/gentle,soft/gentle,soft/gentle,soft/gentle
soft/gentle,176,soft/gentle,soft/gentle,soft/gentle,soft/gentle
soft/gentle,177,soft/gentle,soft/gentle,soft/gentle,soft/gentle
soft/gentle,178,soft/gentle,soft/gentle,cinematic/epic,soft/gentle
soft/gentle,179,soft/gentle,soft/gentle,soft/gentle,soft/gentle
soft/gentle,180,soft/gentle,soft/gentle,soft/gentle,soft/gentle