track_id,title,artist,vibe_category,spotify_url
6K3mUmOx4bUfqCjz6awAid,Lofi Chill Beats,Malmö 040,chill/lofi,https://open.spotify.com/track/6K3mUmOx4bUfqCjz6awAid
5dTiWDCLrInxfUwhLQZ5Em,Chill Day,LAKEY INSPIRED,chill/lofi,https://open.spotify.com/track/5dTiWDCLrInxfUwhLQZ5Em
2LW0lXKRiWRWhQpweQjtQf,Moonlight,Lofi Fruits Music,chill/lofi,https://open.spotify.com/track/2LW0lXKRiWRWhQpweQjtQf
33BVhVPj3sNc2Yy7U2r6v4,chill city strut,louke's beats,chill/lofi,https://open.spotify.com/track/33BVhVPj3sNc2Yy7U2r6v4
7j7VsX8rzW62JgWtazgTON,ILY (I Love You Baby),Lofi Fruits Music,chill/lofi,https://open.spotify.com/track/7j7VsX8rzW62JgWtazgTON
3L7mxSww01TpfpBmuegENt,Chill Waters,Juliàn,chill/lofi,https://open.spotify.com/track/3L7mxSww01TpfpBmuegENt
26q6YTrXt9l8qshIveiTX9,Rebirth Of Slick (Cool Like Dat),Digable Planets,chill/lofi,https://open.spotify.com/track/26q6YTrXt9l8qshIveiTX9
79zdJUpZ5R7ES6lDxPgwEZ,Fatty Boom Boom,Die Antwoord,chill/lofi,https://open.spotify.com/track/79zdJUpZ5R7ES6lDxPgwEZ
1NqWLcX9iImJRQUSXzmkrL,Agency,Rap Demon,chill/lofi,https://open.spotify.com/track/1NqWLcX9iImJRQUSXzmkrL
3VT2SvzjHJM73NtlpkOFyi,Carl,Ico Reaper,chill/lofi,https://open.spotify.com/track/3VT2SvzjHJM73NtlpkOFyi
7zGzS7L6LnI5qQqMm8wTPB,New Look - Wii U Mii Maker Lofi Mix,Secret Potion,chill/lofi,https://open.spotify.com/track/7zGzS7L6LnI5qQqMm8wTPB
6dxckiPRpZYUyLIMjgSi0J,Purity,BVG,chill/lofi,https://open.spotify.com/track/6dxckiPRpZYUyLIMjgSi0J
1rylJ0VXvhOzLGNm401iaI,Keep Their Heads Ringin',Dr. Dre,chill/lofi,https://open.spotify.com/track/1rylJ0VXvhOzLGNm401iaI
1nhNz1tWU8p5WvFAAgFW2h,Poor Thang,J. Cole,chill/lofi,https://open.spotify.com/track/1nhNz1tWU8p5WvFAAgFW2h
0AVjf7P0zyHVqb1viPhCvj,Chillin,Sineg,chill/lofi,https://open.spotify.com/track/0AVjf7P0zyHVqb1viPhCvj
2nGeyzSmZtAapnkxg1hJSM,Agency,Rap Demon,chill/lofi,https://open.spotify.com/track/2nGeyzSmZtAapnkxg1hJSM
7jIujRjK5JKNrMCcAvYUTN,Keep Their Heads Ringin',Dr. Dre,chill/lofi,https://open.spotify.com/track/7jIujRjK5JKNrMCcAvYUTN
5aO4QkABrFDfEalp7HVwMR,Chill Noons,Kronicle,chill/lofi,https://open.spotify.com/track/5aO4QkABrFDfEalp7HVwMR
3WraP8fhSTT2mZzY79pNtj,Chill Afternoon Near the Mekong,JIM,chill/lofi,https://open.spotify.com/track/3WraP8fhSTT2mZzY79pNtj
4LQ0TjIFk38xXNJVNoonSW,slow river,ourchase,chill/lofi,https://open.spotify.com/track/4LQ0TjIFk38xXNJVNoonSW
53gaMfQW5gdchpeDNAHMsU,Chill Rain,B l o m s t,chill/lofi,https://open.spotify.com/track/53gaMfQW5gdchpeDNAHMsU
3OTgtzA1GppqavJoCGtQew,The Eponym,Chill Bump,chill/lofi,https://open.spotify.com/track/3OTgtzA1GppqavJoCGtQew
4Dp35qmMXU71GRCnd78gCv,Indian Summer,Shuba,chill/lofi,https://open.spotify.com/track/4Dp35qmMXU71GRCnd78gCv
7MjKR5HNXBnV1wlagbXTML,Blocc Cruise,Lyno Nine8,chill/lofi,https://open.spotify.com/track/7MjKR5HNXBnV1wlagbXTML
3ix4TvLGpKSK6tI4gnED0F,Serene,Chill Denis,chill/lofi,https://open.spotify.com/track/3ix4TvLGpKSK6tI4gnED0F
2XdxihbjudHhbB95dgk3On,blizz,loutwo,chill/lofi,https://open.spotify.com/track/2XdxihbjudHhbB95dgk3On
1TAyi2YdPbbNYSULs0EXbP,fade,Beats on 21st,chill/lofi,https://open.spotify.com/track/1TAyi2YdPbbNYSULs0EXbP
3CdI7Iu8bDRnvZJJ0P1zWN,Magie,Kurdo,chill/lofi,https://open.spotify.com/track/3CdI7Iu8bDRnvZJJ0P1zWN
3OeX4IyrnpwkElW5iS8leo,All Shook Up,Elvis Presley,chill/lofi,https://open.spotify.com/track/3OeX4IyrnpwkElW5iS8leo
4EylNAAkY06Cb14t2EXOtD,Deadly Scent,Glokk40Spaz,chill/lofi,https://open.spotify.com/track/4EylNAAkY06Cb14t2EXOtD
1IJ2kXcVKw9Of3weornLMo,Speciaal,Frenna,chill/lofi,https://open.spotify.com/track/1IJ2kXcVKw9Of3weornLMo
0qhbUh39FaOuGOwneqOwL9,lo fi music,LOFI BEATS,chill/lofi,https://open.spotify.com/track/0qhbUh39FaOuGOwneqOwL9
3n32fltXamCd5WL56pax8m,Chilling in a Quiet Park Outside the City,Cat Paw,chill/lofi,https://open.spotify.com/track/3n32fltXamCd5WL56pax8m
5wfExcanl1EhCFh8P0b0fl,Lo-fi Reverie,FRUCCI,chill/lofi,https://open.spotify.com/track/5wfExcanl1EhCFh8P0b0fl
0IyKSkTmlQsocMPY4eUcTh,Chillwave Memoirs,FRUCCI,chill/lofi,https://open.spotify.com/track/0IyKSkTmlQsocMPY4eUcTh
2jt2WxXMCD4zjACthkJQVE,The Ringer,Eminem,chill/lofi,https://open.spotify.com/track/2jt2WxXMCD4zjACthkJQVE
3ipzZgH1766XXRamVwk1Iw,I Juswanna Chill,Large Professor,chill/lofi,https://open.spotify.com/track/3ipzZgH1766XXRamVwk1Iw
5cKTVvPu45q4dpccSvx3RJ,lofi beats,LOFI BEATS,chill/lofi,https://open.spotify.com/track/5cKTVvPu45q4dpccSvx3RJ
66UVUCBg1weSzPWKvAPo1j,toffee creme,lilibu,chill/lofi,https://open.spotify.com/track/66UVUCBg1weSzPWKvAPo1j
4XGhMOaPEVQYmhZbI4LxYG,solace,louke's beats,chill/lofi,https://open.spotify.com/track/4XGhMOaPEVQYmhZbI4LxYG
2ZcKQdiWq1f2HhKo0q7yLR,I Need To Feel,Two Muses After,chill/lofi,https://open.spotify.com/track/2ZcKQdiWq1f2HhKo0q7yLR
2E79dyG3vXolWuWiEXqNMX,Coffin,Lil Yachty,chill/lofi,https://open.spotify.com/track/2E79dyG3vXolWuWiEXqNMX
7bkxtiQD1vKTOW5ojjjJYq,She Said,Mac Miller,chill/lofi,https://open.spotify.com/track/7bkxtiQD1vKTOW5ojjjJYq
0twXGqVDjAR6Z0gfuRlR27,SPEAKER KREATURE,Kid Lords,chill/lofi,https://open.spotify.com/track/0twXGqVDjAR6Z0gfuRlR27
1MtL18OX3dRPZohv4O1VLO,lo fi cover,LOFI BEATS,chill/lofi,https://open.spotify.com/track/1MtL18OX3dRPZohv4O1VLO
59WKJepx2G2TaThQQ4i4Rd,too late,Symoo,chill/lofi,https://open.spotify.com/track/59WKJepx2G2TaThQQ4i4Rd
3RjNGTD1OEjGzYxpGLrgnR,Lo-Fi Vibes,LOFI BEATS,chill/lofi,https://open.spotify.com/track/3RjNGTD1OEjGzYxpGLrgnR
5Ltgq6XMTilOXhNiSQZrVT,Wistful Silhouettes,Chill Def,chill/lofi,https://open.spotify.com/track/5Ltgq6XMTilOXhNiSQZrVT
2D8AjgLNLvZOt8KlLWlUHK,Chilling by the Fire,Casey Heyo,chill/lofi,https://open.spotify.com/track/2D8AjgLNLvZOt8KlLWlUHK
2vTjoN38BKFTbpC8yldS2b,Black & Blue,Being As An Ocean,chill/lofi,https://open.spotify.com/track/2vTjoN38BKFTbpC8yldS2b
6jtPP1QsF8KPVH86BFCvBi,Budapest,$hy,chill/lofi,https://open.spotify.com/track/6jtPP1QsF8KPVH86BFCvBi
0iIZ1fqdUIfcE8CIndhlDD,Last Day (feat. The Lox) - 2014 Remaster,The Notorious B.I.G.,chill/lofi,https://open.spotify.com/track/0iIZ1fqdUIfcE8CIndhlDD
3AHPuZduPgBMZvKXethhT5,SPEAKER KREATURE,Kid Lords,chill/lofi,https://open.spotify.com/track/3AHPuZduPgBMZvKXethhT5
6vH8ZAF2XwXuDdoaLRu3uF,lofi,LOFI BEATS,chill/lofi,https://open.spotify.com/track/6vH8ZAF2XwXuDdoaLRu3uF
1N1zAUvAgxXUToQ9TgDO6B,chilllofi,LOFI BEATS,chill/lofi,https://open.spotify.com/track/1N1zAUvAgxXUToQ9TgDO6B
5h96Ai7Ef7ll9142dnOukV,analog dreams,Beats on 21st,chill/lofi,https://open.spotify.com/track/5h96Ai7Ef7ll9142dnOukV
1TilR75qLNmDBbMFILp7NO,Lofi Local,Afro Lofi Guy,chill/lofi,https://open.spotify.com/track/1TilR75qLNmDBbMFILp7NO
5WIpIoD0r3y8p6KiQ3Ted6,lofi sleep,Lofi Sleep Society,chill/lofi,https://open.spotify.com/track/5WIpIoD0r3y8p6KiQ3Ted6
69O4L3sknDCuJi82DlYLGv,Good Mornin',CT,chill/lofi,https://open.spotify.com/track/69O4L3sknDCuJi82DlYLGv
1IMa0Il4w988MwZCUcISix,bissu dumm ¿ MEGALODON REMIX,Bonez MC,chill/lofi,https://open.spotify.com/track/1IMa0Il4w988MwZCUcISix
1kK2Q6rZfkd7U7zRysVobC,Saltwater Sweetness,Kolohe Kai,chill/lofi,https://open.spotify.com/track/1kK2Q6rZfkd7U7zRysVobC
6AOXQYGPpd7KIIBxCCZzUx,Lofi Beats,Lofi Sleep Chill & Study,chill/lofi,https://open.spotify.com/track/6AOXQYGPpd7KIIBxCCZzUx
0UtZHPDlzD9EOVOC68oUvd,Overgrown,Tenno,chill/lofi,https://open.spotify.com/track/0UtZHPDlzD9EOVOC68oUvd
1At2rRwLoptMhYnZp7U6hM,lofi music,LOFI BEATS,chill/lofi,https://open.spotify.com/track/1At2rRwLoptMhYnZp7U6hM
5fuBHy2xw99S7T6FM4vnDw,Half Full,Lil Leaf,chill/lofi,https://open.spotify.com/track/5fuBHy2xw99S7T6FM4vnDw
3gCMF51pYuUEcgAmTBkuB7,Lo-Fi Grooves,LOFI BEATS,chill/lofi,https://open.spotify.com/track/3gCMF51pYuUEcgAmTBkuB7
79nz6puC2rx26h5JHH2sju,cocoon,sellar,chill/lofi,https://open.spotify.com/track/79nz6puC2rx26h5JHH2sju
4EmzSqaqpv663TP3VvqCa9,Knock Knock,Tion Wayne,chill/lofi,https://open.spotify.com/track/4EmzSqaqpv663TP3VvqCa9
2tCVQ8Ez3MSHMnLjmGlrgQ,One of Them Days Again,Boosie Badazz,chill/lofi,https://open.spotify.com/track/2tCVQ8Ez3MSHMnLjmGlrgQ
2v2tEWkSCwyfciYPCb1AYk,pest,Kwite,chill/lofi,https://open.spotify.com/track/2v2tEWkSCwyfciYPCb1AYk
720sJmHXRC3ZGzgE6BoO3X,raindance,Ali Kaj,chill/lofi,https://open.spotify.com/track/720sJmHXRC3ZGzgE6BoO3X
5wagxr9uUtb10LPo1QnTky,Chill Vibes,LOFI BEATS,chill/lofi,https://open.spotify.com/track/5wagxr9uUtb10LPo1QnTky
32DttoRpK9pJW79WPpVevv,Teahouse Spirits,Kalaido,chill/lofi,https://open.spotify.com/track/32DttoRpK9pJW79WPpVevv
3BNp7TNLdcWJMZn9xes6DK,Cozy Music,LOFI BEATS,chill/lofi,https://open.spotify.com/track/3BNp7TNLdcWJMZn9xes6DK
791M8bjAnj8SsAhMQyKZox,relax chill out,LOFI BEATS,chill/lofi,https://open.spotify.com/track/791M8bjAnj8SsAhMQyKZox
3LTbShboW3AtZZAO5syBYA,Chillin Street,Tokoyo,chill/lofi,https://open.spotify.com/track/3LTbShboW3AtZZAO5syBYA
2RIwhzPhGvT4NZfqGtmDNZ,let's f in love,da weekdays,chill/lofi,https://open.spotify.com/track/2RIwhzPhGvT4NZfqGtmDNZ
6A28sLdLOf9vohN5LVl5KR,All Shook Up,Elvis Presley,chill/lofi,https://open.spotify.com/track/6A28sLdLOf9vohN5LVl5KR
4gQdwwPXSXnDkUh4jYqLoC,Hip Hop,Mos Def,chill/lofi,https://open.spotify.com/track/4gQdwwPXSXnDkUh4jYqLoC
1fzqCfeGfYF1Trvcm7HXOv,Lofi Chill Hop Study Beats,Derrol,chill/lofi,https://open.spotify.com/track/1fzqCfeGfYF1Trvcm7HXOv
46zeJr0g4vNZUPYXJririB,Chill Vibes,Lofi Sleep Chill & Study,chill/lofi,https://open.spotify.com/track/46zeJr0g4vNZUPYXJririB
2JQMqPRLPlQ07V3s3acawx,Chillout,Lofi Sleep Chill & Study,chill/lofi,https://open.spotify.com/track/2JQMqPRLPlQ07V3s3acawx
6i4KUauF6Y4ADf9iTG9wjl,Chill Vibes,Chill Beats Music,chill/lofi,https://open.spotify.com/track/6i4KUauF6Y4ADf9iTG9wjl
3y1PQnY4A7GChMKXrSJWUZ,Chillhop Guitar Jazz - Beat Instrumental,Lofi Hip Hop Nation,chill/lofi,https://open.spotify.com/track/3y1PQnY4A7GChMKXrSJWUZ
6WouUO5WEg0ncfGn6dkB4I,Let Nas Down,J. Cole,chill/lofi,https://open.spotify.com/track/6WouUO5WEg0ncfGn6dkB4I
0RIMrAUyLGBF7zAPdvgE73,Fisherman (feat. MoStack & MIST),J Hus,chill/lofi,https://open.spotify.com/track/0RIMrAUyLGBF7zAPdvgE73
5mOzvm41Pdh1WOtBKlCtZd,B.I.B.L.E. (Basic Instructions Before Leaving Earth),GZA,chill/lofi,https://open.spotify.com/track/5mOzvm41Pdh1WOtBKlCtZd
6PQ85zj5vEg6sct710Bfcl,Odd Octubree,brandUn DeShay,chill/lofi,https://open.spotify.com/track/6PQ85zj5vEg6sct710Bfcl
2VRTIllg4th8KL8EBU60Jn,Buttons,SonItsLexy,chill/lofi,https://open.spotify.com/track/2VRTIllg4th8KL8EBU60Jn
7EzUbRm3eSanLAiuKjMau4,Chill Music For Sleep,Chill Beats Music,chill/lofi,https://open.spotify.com/track/7EzUbRm3eSanLAiuKjMau4
4iiUBRbtkGwRFbCrnCqnu1,Chill Coffee - Lofi Chill Out,Lofi Hip Hop Nation,chill/lofi,https://open.spotify.com/track/4iiUBRbtkGwRFbCrnCqnu1
7qKs3N2O7Ve2U5PJstQdNc,Calm Study,Chillight,chill/lofi,https://open.spotify.com/track/7qKs3N2O7Ve2U5PJstQdNc
64AZeoHVhpGWbRr2rdC5f3,21A,Kmy Kmo,chill/lofi,https://open.spotify.com/track/64AZeoHVhpGWbRr2rdC5f3
5yqlxJR0bNiyShQIGWMlvH,Chill BGM Beat - Lofi Background Music,Lofi Hip Hop Nation,chill/lofi,https://open.spotify.com/track/5yqlxJR0bNiyShQIGWMlvH
670CdAYfd6XVpmpHkXxTkX,HIT IT (feat. Big Boss Vette),Snow Wife,chill/lofi,https://open.spotify.com/track/670CdAYfd6XVpmpHkXxTkX
0ukugw6vx8bQKsMYYLcX8t,Bottle And A Gun,Hollywood Undead,chill/lofi,https://open.spotify.com/track/0ukugw6vx8bQKsMYYLcX8t
4UvOqXUeFwyQtv8dJ5mF8t,Study Chillhop Rain Fatigue,Upbeat Chillhop Focus,chill/lofi,https://open.spotify.com/track/4UvOqXUeFwyQtv8dJ5mF8t
4K0QCv4m1Oc0c8jcvgiRye,Chill Lofi For Studying,Sad Music,chill/lofi,https://open.spotify.com/track/4K0QCv4m1Oc0c8jcvgiRye
6dAfdqwLAsnycMtJMr1gkN,ChillHop Mixtape,Sad Music,chill/lofi,https://open.spotify.com/track/6dAfdqwLAsnycMtJMr1gkN
32YpotEyRCgomCStKJnAub,Study Focus Lofi,Derrol,chill/lofi,https://open.spotify.com/track/32YpotEyRCgomCStKJnAub
5WHsa2d0VhV4Dog4vhIYUH,Little Brother,Black Star,chill/lofi,https://open.spotify.com/track/5WHsa2d0VhV4Dog4vhIYUH
43kQu3PTBhCZCNhzaufAaX,Two Tone Rebel,E-Dubble,chill/lofi,https://open.spotify.com/track/43kQu3PTBhCZCNhzaufAaX
1p1f3ht50aBz49MkaUVQjj,study session,mellow fox,chill/lofi,https://open.spotify.com/track/1p1f3ht50aBz49MkaUVQjj
6q2CHGdpay6OQvtjNYuncv,Chill Study Beats,LOFI BEATS,chill/lofi,https://open.spotify.com/track/6q2CHGdpay6OQvtjNYuncv
1Z1OMsbYiLf5DXhsO2m7G6,Chill Vibes,Lofi Sleep Chill & Study,chill/lofi,https://open.spotify.com/track/1Z1OMsbYiLf5DXhsO2m7G6
1TMWUv2mc5VP6A6IsqgcXW,Chillout,Lofi Sleep Chill & Study,chill/lofi,https://open.spotify.com/track/1TMWUv2mc5VP6A6IsqgcXW
0eyvl1j9ufB4udWj6KyDP9,Chillhop,Lo Fi Hip Hop,chill/lofi,https://open.spotify.com/track/0eyvl1j9ufB4udWj6KyDP9
4K7P8mVp6DkEptkqXdLT8X,The One in the Million,J Pun,chill/lofi,https://open.spotify.com/track/4K7P8mVp6DkEptkqXdLT8X
39GBFwBe4GGk7i3yr3F46P,3030,Deltron 3030,chill/lofi,https://open.spotify.com/track/39GBFwBe4GGk7i3yr3F46P
79705EPc01VyUB2HAOyQhA,Revvin',Ocean Wisdom,chill/lofi,https://open.spotify.com/track/79705EPc01VyUB2HAOyQhA
1yeUcA8cGzT2Y7Crt9hqXw,Borough Check,Digable Planets,chill/lofi,https://open.spotify.com/track/1yeUcA8cGzT2Y7Crt9hqXw
3NEPLErRN5ifkDQfIV0AUx,Chillhop Study Beats – Lofi Instrumental for No Lyrics Study and Relaxation,Essay Writing Music,chill/lofi,https://open.spotify.com/track/3NEPLErRN5ifkDQfIV0AUx
6n1Yoev3goo0h74aznCNIf,Chillout,Lofi Sleep Chill & Study,chill/lofi,https://open.spotify.com/track/6n1Yoev3goo0h74aznCNIf
2IZWpdwdoD1T2KrBakTpAw,Guitar Beats & Sad Girls - Chill Beats,Lofi Hip Hop Nation,chill/lofi,https://open.spotify.com/track/2IZWpdwdoD1T2KrBakTpAw
0QlhmB71JC0uQN5OxjkJBU,Study Music & Lofi,Lofi Radiance,chill/lofi,https://open.spotify.com/track/0QlhmB71JC0uQN5OxjkJBU
6OECUxB5j4LPxzrhcZRqDJ,Be Still,T.S the Solution,chill/lofi,https://open.spotify.com/track/6OECUxB5j4LPxzrhcZRqDJ
0vwKJdw9g2g9pl17G3DZsM,fort wayne,Scrim,chill/lofi,https://open.spotify.com/track/0vwKJdw9g2g9pl17G3DZsM
1QrRuByqSfCxYS0JdZMlIf,Lay Low,BLK ODYSSY,chill/lofi,https://open.spotify.com/track/1QrRuByqSfCxYS0JdZMlIf
0raoyKePbWuegZducr9L0o,Snowy Study Lofi Chill,Ev's Lofi,chill/lofi,https://open.spotify.com/track/0raoyKePbWuegZducr9L0o
5umOE3Gg8nTJmvp5cJbD62,Focus Study Music,ChillHop Cafe,chill/lofi,https://open.spotify.com/track/5umOE3Gg8nTJmvp5cJbD62
1CH8wSlbOq7IaxkBjvirwG,Chill Beats,Lofi Sleep Chill & Study,chill/lofi,https://open.spotify.com/track/1CH8wSlbOq7IaxkBjvirwG
2p1uCqWu71AH8zG0rBxliK,Study Groove Lofi Chill,Ev's Lofi,chill/lofi,https://open.spotify.com/track/2p1uCqWu71AH8zG0rBxliK
733kPdzuDBo2iYK3u0YC55,Chill Vibes,Lofi Sleep Chill & Study,chill/lofi,https://open.spotify.com/track/733kPdzuDBo2iYK3u0YC55
1FWsVmL28LkunDEhtPUyYn,Chill Beats & Working Hard - Beat Instrumental,Lofi Hip Hop Nation,chill/lofi,https://open.spotify.com/track/1FWsVmL28LkunDEhtPUyYn
7tIldLwSrXj7CDo9RNvQjr,I Get the Job Done,Chill Bump,chill/lofi,https://open.spotify.com/track/7tIldLwSrXj7CDo9RNvQjr
4S9LFyZLPHEYkvGcsvBMV2,You know i,Veeze,chill/lofi,https://open.spotify.com/track/4S9LFyZLPHEYkvGcsvBMV2
6YDznyjcU7ZatrGMcm4gBh,Bottle And A Gun,Hollywood Undead,chill/lofi,https://open.spotify.com/track/6YDznyjcU7ZatrGMcm4gBh
42lJttg6Xja3hspXUEeftw,Calm Study Corner,Lofi Hip-Hop Beats,chill/lofi,https://open.spotify.com/track/42lJttg6Xja3hspXUEeftw
6mCZ9pKy2bOZn76KvY4jpy,Slow Fun Study Lofi Chill,Ev's Lofi,chill/lofi,https://open.spotify.com/track/6mCZ9pKy2bOZn76KvY4jpy
6pC2dz0OrkE6rRH311AYJM,Study Chill,LOFI BEATS,chill/lofi,https://open.spotify.com/track/6pC2dz0OrkE6rRH311AYJM
5zeu5kZPjyP1hSxXhdWIE6,Chill Beats Cool,Chill Beats Music,chill/lofi,https://open.spotify.com/track/5zeu5kZPjyP1hSxXhdWIE6
32c55ajeDSJmuxCDrhi5uo,Chill Lofi Music,Lofi Chillhop,chill/lofi,https://open.spotify.com/track/32c55ajeDSJmuxCDrhi5uo
6P1Ve4VBoss7SP9Y2muR4h,Toxic,Lofi Fruits Music,chill/lofi,https://open.spotify.com/track/6P1Ve4VBoss7SP9Y2muR4h
1nEQp1VQT3rsR7gtbd4xZZ,In(e)ternal,PabloElDiablo,chill/lofi,https://open.spotify.com/track/1nEQp1VQT3rsR7gtbd4xZZ
2JmItDr5xdFYbHtUZNNBoA,In(e)ternal,PabloElDiablo,chill/lofi,https://open.spotify.com/track/2JmItDr5xdFYbHtUZNNBoA
7bwnrCyuDAwnQ01yFPEMPl,Too Much,Brvndo,chill/lofi,https://open.spotify.com/track/7bwnrCyuDAwnQ01yFPEMPl
5oCqnQdely7v3yffCcqIXa,Study Beat,Lofi Sleep Chill & Study,chill/lofi,https://open.spotify.com/track/5oCqnQdely7v3yffCcqIXa
4a6HpQK4fBPtmRCtuqjqAb,Chill Groovy Slow Lofi Study Beat,Ev's Lofi,chill/lofi,https://open.spotify.com/track/4a6HpQK4fBPtmRCtuqjqAb
6V3P2KJNRJQRJW31AKbu98,Chill Morning Beat,ChillHop Cafe,chill/lofi,https://open.spotify.com/track/6V3P2KJNRJQRJW31AKbu98
2oh8ESSCozH8GbkWdzcTuM,Chill Lofi,Derrol,chill/lofi,https://open.spotify.com/track/2oh8ESSCozH8GbkWdzcTuM
4PAlK2Twrp4TUFuhaER5c2,Chill Beats Radio,Chill Beats Music,chill/lofi,https://open.spotify.com/track/4PAlK2Twrp4TUFuhaER5c2
5dUbN6MDglJJWSrPEYCaAu,Lofi Study 1.6,syr Study A Bit,chill/lofi,https://open.spotify.com/track/5dUbN6MDglJJWSrPEYCaAu
62Z1orptpAzqDSTgSPm9jR,Lofi Study 1.5,syr Study A Bit,chill/lofi,https://open.spotify.com/track/62Z1orptpAzqDSTgSPm9jR
422brtxzvmWsXQ4z1zIk6O,Fear and Desire (Zoning),A.J. Crew,chill/lofi,https://open.spotify.com/track/422brtxzvmWsXQ4z1zIk6O
40fNhvUxoFsr7zCSsFwULe,Brand Nubian Rock The Set,Brand Nubian,chill/lofi,https://open.spotify.com/track/40fNhvUxoFsr7zCSsFwULe
5SybD08nwReedkWL6pJBew,Drip,LEWI$,chill/lofi,https://open.spotify.com/track/5SybD08nwReedkWL6pJBew
6YaTP1N0VgTSMlUNKD9jvt,Chill Hop Study,C8_TheDreamer,chill/lofi,https://open.spotify.com/track/6YaTP1N0VgTSMlUNKD9jvt
4sSr19wAOZKytSjuHl1HQY,Chill Hop Study Session,BEATS FREESTYLE,chill/lofi,https://open.spotify.com/track/4sSr19wAOZKytSjuHl1HQY
6q78LmTEA0D4P69gaHEt9t,Chill Music Vibes,Chill Beats Music,chill/lofi,https://open.spotify.com/track/6q78LmTEA0D4P69gaHEt9t
5bO2AflOEA1G5sPOwyCesH,Chillhop Winter - Lofi Hip Hop,Lofi Hip Hop Nation,chill/lofi,https://open.spotify.com/track/5bO2AflOEA1G5sPOwyCesH
4GCcbvRPv8wNfstxzV8PcY,lofihop,LOFI BEATS,chill/lofi,https://open.spotify.com/track/4GCcbvRPv8wNfstxzV8PcY
5xjs9nUMwGv24YuERRayMw,after dark (interlude),YISH,chill/lofi,https://open.spotify.com/track/5xjs9nUMwGv24YuERRayMw
5l7icgnicl7JToRxPkSXyy,The Truth,Handsome Boy Modeling School,chill/lofi,https://open.spotify.com/track/5l7icgnicl7JToRxPkSXyy
0rcoifnGaSMgbdJSuRLLmy,Kids,Mass of Man,chill/lofi,https://open.spotify.com/track/0rcoifnGaSMgbdJSuRLLmy
79Hh8v9EujUUadJIHuehNP,Paradise II (feat. Norah Jones),Logic,chill/lofi,https://open.spotify.com/track/79Hh8v9EujUUadJIHuehNP
4Ett5wI59ENleZQYF52LLw,Trust the Process,The Eska,chill/lofi,https://open.spotify.com/track/4Ett5wI59ENleZQYF52LLw
1pukPMVdsDPd2T8IWRGEeQ,Chillhop Study Flow,LO-FI BEATS,chill/lofi,https://open.spotify.com/track/1pukPMVdsDPd2T8IWRGEeQ
6l7r4CPT2bMEy9WpABM0vq,Chill Hip Hop Study Sessions,Happy Lofi,chill/lofi,https://open.spotify.com/track/6l7r4CPT2bMEy9WpABM0vq
7kQJTJW9R3TIvfCwA05Ri2,Chilled Out - Lofi Chill Beat,ChillHop Cafe,chill/lofi,https://open.spotify.com/track/7kQJTJW9R3TIvfCwA05Ri2
4PklAHGXT5ityno3IA8SKd,Go Stupid,Polo G,chill/lofi,https://open.spotify.com/track/4PklAHGXT5ityno3IA8SKd
43n32d9RB7DzPQn4aKeE3U,Lo-fi Jazzy - Chill Beats Study,Lofi Hip Hop Nation,chill/lofi,https://open.spotify.com/track/43n32d9RB7DzPQn4aKeE3U
73nZfypsmQsQWxaqUBV47B,Happen,Khalil IIvrsn,chill/lofi,https://open.spotify.com/track/73nZfypsmQsQWxaqUBV47B
4MbV8zrWudQflnbiIzp29t,Acid Raindrops,People Under The Stairs,chill/lofi,https://open.spotify.com/track/4MbV8zrWudQflnbiIzp29t
7FoRzlbImAsS6alZXaZRfB,I Love Mondays,Vexento,hype/energetic,https://open.spotify.com/track/7FoRzlbImAsS6alZXaZRfB
1nDEiWy2iBnnnbBWUuPz6H,Three Thousand (Radio Edit),LarsM,hype/energetic,https://open.spotify.com/track/1nDEiWy2iBnnnbBWUuPz6H
2nMnEuDbnbPy2IYSFraqA2,Winterscape - Original Mix,Shatadru Sensharma,hype/energetic,https://open.spotify.com/track/2nMnEuDbnbPy2IYSFraqA2
4DuxYDW09eWnN4N5Rz9FyA,Not the Girl for You,Cadence & Nathan,hype/energetic,https://open.spotify.com/track/4DuxYDW09eWnN4N5Rz9FyA
28CQX8VmN3x1iujPb2VkaF,Introduction,Jom Comyn,hype/energetic,https://open.spotify.com/track/28CQX8VmN3x1iujPb2VkaF
1CysADXWCNPLn0XVEN9uhf,Nervous - Mixed,KO3,hype/energetic,https://open.spotify.com/track/1CysADXWCNPLn0XVEN9uhf
5KZuH8WSoA44qgq2Rmle2D,We Chase the Sun,Mike Plume Band,hype/energetic,https://open.spotify.com/track/5KZuH8WSoA44qgq2Rmle2D
5cnoN7SMXUUnVXjTLg0imr,Branches,Breaking For Love,hype/energetic,https://open.spotify.com/track/5cnoN7SMXUUnVXjTLg0imr
2mpO4qTUtEQpn67c2kNdbf,All Aboard,Hungry Hollow,hype/energetic,https://open.spotify.com/track/2mpO4qTUtEQpn67c2kNdbf
6swTE2ot7TiYrqWF0Bf36k,Fire in the Sky,Project 91,hype/energetic,https://open.spotify.com/track/6swTE2ot7TiYrqWF0Bf36k
3zcLms8pb5hQm4o7rHwsTM,Afterhours,Brian Cua,hype/energetic,https://open.spotify.com/track/3zcLms8pb5hQm4o7rHwsTM
7avzK6gfFbFEsgQrMKwqJj,Nowhere At All,The Uncas,hype/energetic,https://open.spotify.com/track/7avzK6gfFbFEsgQrMKwqJj
4lrDuCd1DAKyBCGSv812gq,The Balance Of The Soul - Michal Jesensky Remix,Foxa,hype/energetic,https://open.spotify.com/track/4lrDuCd1DAKyBCGSv812gq
4jB3c8yosK6D29rM8XTkEN,"Star Wars Main Theme (From ""Star Wars IV: A New Hope"") [The Avengers (From ""The Avengers"") [Chiptune]",Funny Boy,hype/energetic,https://open.spotify.com/track/4jB3c8yosK6D29rM8XTkEN
1ItxLiw8YqCsctjrWgjNJR,Won't Tell,Cadence & Nathan,hype/energetic,https://open.spotify.com/track/1ItxLiw8YqCsctjrWgjNJR
53fEX1CghrxTPzO4EzbGlU,After the Morning After,Ayla Brook,hype/energetic,https://open.spotify.com/track/53fEX1CghrxTPzO4EzbGlU
7IvHIoUmqFc2s6v37EHRPp,Restless Traveller,Hot Super Hot,hype/energetic,https://open.spotify.com/track/7IvHIoUmqFc2s6v37EHRPp
21XImrdBeoGq6Gq0qQKUfX,Gold Star Swimmer,Hot Panda,hype/energetic,https://open.spotify.com/track/21XImrdBeoGq6Gq0qQKUfX
708cMH0xHQXnG9ZEtbYLng,Bipolar Princess,Two Bears North,hype/energetic,https://open.spotify.com/track/708cMH0xHQXnG9ZEtbYLng
3JpuLerhiIBd9ukJdJcdgL,Eu Vou Te Esperar,Klamboo,hype/energetic,https://open.spotify.com/track/3JpuLerhiIBd9ukJdJcdgL
3dWtHtCAAU7Zi9tO5KNFZB,Superman (AIR260),Darude,hype/energetic,https://open.spotify.com/track/3dWtHtCAAU7Zi9tO5KNFZB
4vGvTtEHVl1orcHzSbqeYm,So Good,FASSounds,hype/energetic,https://open.spotify.com/track/4vGvTtEHVl1orcHzSbqeYm
7eHyInVDHgrRTGBPGfRm2t,Crocodile Teargas,The Khe Sanh Approach,hype/energetic,https://open.spotify.com/track/7eHyInVDHgrRTGBPGfRm2t
3Yd1UfWdE3LoUXAwxc5JHp,Middle Ground,Tryal Of Witches,hype/energetic,https://open.spotify.com/track/3Yd1UfWdE3LoUXAwxc5JHp
0xCmn4DDvatL81myxErTcR,Holding On,Doug Hoyer,hype/energetic,https://open.spotify.com/track/0xCmn4DDvatL81myxErTcR
7tUM6rX30pgumbgBNA83Ez,Take Your Thyme,The Consonance,hype/energetic,https://open.spotify.com/track/7tUM6rX30pgumbgBNA83Ez
3RMzvZPey8NTGiveIFRYv1,Complexion,Soap Box Duo,hype/energetic,https://open.spotify.com/track/3RMzvZPey8NTGiveIFRYv1
2TfV7GKahgDROJWqlHQhoo,& Waiting - Audiotree Live Version,Faith Healer,hype/energetic,https://open.spotify.com/track/2TfV7GKahgDROJWqlHQhoo
2VJ1xVHBQEUKIjGa2P1iht,Fire in the Sky,Project 91,hype/energetic,https://open.spotify.com/track/2VJ1xVHBQEUKIjGa2P1iht
7zZEmBw9RgVOg8QEUAbb3u,Flare,Dannic,hype/energetic,https://open.spotify.com/track/7zZEmBw9RgVOg8QEUAbb3u
4GBFK2mGsmNVg6J3pPQjla,City Tour,Brian Cua,hype/energetic,https://open.spotify.com/track/4GBFK2mGsmNVg6J3pPQjla
1yv8zwzR0lD9WO1rfrWvjH,Buzzwalk,Brian Cua,hype/energetic,https://open.spotify.com/track/1yv8zwzR0lD9WO1rfrWvjH
6h0yulNoGqJp7sq5I58GD1,Three Thousand (Radio Edit),LarsM,hype/energetic,https://open.spotify.com/track/6h0yulNoGqJp7sq5I58GD1
4h6N2Zp1z0tQ0MDob9BdYV,Sue Me,Choir and Marching Band,hype/energetic,https://open.spotify.com/track/4h6N2Zp1z0tQ0MDob9BdYV
5lHDwEHg6UAYlaewrMXVIK,Silent Movies,The Suitable Men,hype/energetic,https://open.spotify.com/track/5lHDwEHg6UAYlaewrMXVIK
3gZa27JquJtJFFJtcRT1OF,I Need You,Breaking For Love,hype/energetic,https://open.spotify.com/track/3gZa27JquJtJFFJtcRT1OF
39POUn92NxZLmD4x2MfZtq,Bad Way,Mercy Funk,hype/energetic,https://open.spotify.com/track/39POUn92NxZLmD4x2MfZtq
0HOHBWHdEAFx6i8cho6qAl,Ra Thunyama,Jizzy,hype/energetic,https://open.spotify.com/track/0HOHBWHdEAFx6i8cho6qAl
200kJEnZ2OXVHnsVRDp3K5,Disconnected,Mischa Daniels,hype/energetic,https://open.spotify.com/track/200kJEnZ2OXVHnsVRDp3K5
19UR47OJxMBng14PrO5o8l,Fire in the Sky,Project 91,hype/energetic,https://open.spotify.com/track/19UR47OJxMBng14PrO5o8l
0Eerl43Yk45pAM3rFCXTYa,Get Off - Jack Beats Remix,Diplo,hype/energetic,https://open.spotify.com/track/0Eerl43Yk45pAM3rFCXTYa
17dmnZ6T47mIvzMgwnvx5A,Whimsyland,Brian Cua,hype/energetic,https://open.spotify.com/track/17dmnZ6T47mIvzMgwnvx5A
7lP40MI2Fswp5mXwBMTNPd,"The Imperial March (From ""Star Wars A New Hope"") [Chiptune]",Funny Boy,hype/energetic,https://open.spotify.com/track/7lP40MI2Fswp5mXwBMTNPd
5zVMw3VMMdXbQ6pki01Oba,Sweet Melody,Alex Kunnari,hype/energetic,https://open.spotify.com/track/5zVMw3VMMdXbQ6pki01Oba
71wDqrvrANQFumzXqrnGG2,Big Star,Stew Kirkwood,hype/energetic,https://open.spotify.com/track/71wDqrvrANQFumzXqrnGG2
5nyMj1mFgYNSVtsPwHaPZ8,Now You See It,Hungry Hollow,hype/energetic,https://open.spotify.com/track/5nyMj1mFgYNSVtsPwHaPZ8
4Gdwiqhucl4cBojTQ8Ghnk,Fire in the Sky,Project 91,hype/energetic,https://open.spotify.com/track/4Gdwiqhucl4cBojTQ8Ghnk
16l3Kh9T5LS3vJW9g5r2Pi,Bloodstained Love,Dylan Ella,hype/energetic,https://open.spotify.com/track/16l3Kh9T5LS3vJW9g5r2Pi
1uq87J6KHObQ71zOuAbJkW,Fire in the Sky,Project 91,hype/energetic,https://open.spotify.com/track/1uq87J6KHObQ71zOuAbJkW
714nSkshQmWa49DcTzwCyv,If Need Be,Painting Daisies,hype/energetic,https://open.spotify.com/track/714nSkshQmWa49DcTzwCyv
0BVQNP096tuY7s9ggvtEOo,Secret - Interlude,Tennyson,hype/energetic,https://open.spotify.com/track/0BVQNP096tuY7s9ggvtEOo
2FpLi7huw17T3PaJNp03Z7,Pose U,Brian Cua,hype/energetic,https://open.spotify.com/track/2FpLi7huw17T3PaJNp03Z7
7quQ5SixyXBj5acbLNXI6d,Dance Chica Dance,The Frolics,hype/energetic,https://open.spotify.com/track/7quQ5SixyXBj5acbLNXI6d
4NH7uF1YCFjhUxA4fSKIWL,Sweating Rum,Tryal Of Witches,hype/energetic,https://open.spotify.com/track/4NH7uF1YCFjhUxA4fSKIWL
1B8BLGX4a2o6Z2TlanT1rz,Batgirl - Edit,Kahikko,hype/energetic,https://open.spotify.com/track/1B8BLGX4a2o6Z2TlanT1rz
4RcoeGq4HQxdo5XXLkCsHE,Take Your Thyme,The Consonance,hype/energetic,https://open.spotify.com/track/4RcoeGq4HQxdo5XXLkCsHE
7uecvl9OmNT7oZldBuMwZR,Handcrafted (ANR160),Dropout,hype/energetic,https://open.spotify.com/track/7uecvl9OmNT7oZldBuMwZR
11Hg83GfO5Fgd12zlHlOVk,Fake Play,Abruzzi Spur,hype/energetic,https://open.spotify.com/track/11Hg83GfO5Fgd12zlHlOVk
5tRTMbfbO9gSPCYLZqHMJ9,Ain't Happy,Soft March,hype/energetic,https://open.spotify.com/track/5tRTMbfbO9gSPCYLZqHMJ9
58FtMXQmDhL1NjAuTIbsV5,Some Hilarious Talking,Andrew Scott,hype/energetic,https://open.spotify.com/track/58FtMXQmDhL1NjAuTIbsV5
0I8jNwMvijo1ZwTE7e1KhI,"I Need Someone To Sing With Me (Feat. Julie Scott, Takuro Otani & James Oldenburg)",Andrew Scott,hype/energetic,https://open.spotify.com/track/0I8jNwMvijo1ZwTE7e1KhI
3Ym5gYlV4SoFFpN2P3DwO7,Bruh - Slowed + Reverb,Funny Boy,hype/energetic,https://open.spotify.com/track/3Ym5gYlV4SoFFpN2P3DwO7
3Z688OCrrawVCLa2COpYL4,Where We Go - Extended Mix,Kanae Asaba,hype/energetic,https://open.spotify.com/track/3Z688OCrrawVCLa2COpYL4
62266P25ASvgyJJTYb9XSL,Cave Becomes a Canyon,Doug Hoyer,hype/energetic,https://open.spotify.com/track/62266P25ASvgyJJTYb9XSL
0mN3MCevlBVKZk4Vkb0VNu,Believe in Shame - Original Mix,Mandragora,hype/energetic,https://open.spotify.com/track/0mN3MCevlBVKZk4Vkb0VNu
5MrqO4QgkfpLSgEvPqiMlV,"Hot Spicy Electro Deep House 2015, Pt. 1 - Continuous DJ-Mix",Sven Kuhlmann,hype/energetic,https://open.spotify.com/track/5MrqO4QgkfpLSgEvPqiMlV
1Ql5lvjPnJQhofQ6Wm1hbV,Already Gone,Doug Hoyer,hype/energetic,https://open.spotify.com/track/1Ql5lvjPnJQhofQ6Wm1hbV
4UMcAOSk2oec18LznvqBwo,Fire in the Sky,Project 91,hype/energetic,https://open.spotify.com/track/4UMcAOSk2oec18LznvqBwo
0b7kGD5GuACTyhPsGzLb1G,Fire in the Sky,Project 91,hype/energetic,https://open.spotify.com/track/0b7kGD5GuACTyhPsGzLb1G
0lQa9e9wt1v8Viq9mEqJD0,Live Right,Amy van Keeken,hype/energetic,https://open.spotify.com/track/0lQa9e9wt1v8Viq9mEqJD0
4x3UD4guiL5CSmgnVp7drT,We Kneed Each Other,Andrew Scott,hype/energetic,https://open.spotify.com/track/4x3UD4guiL5CSmgnVp7drT
71xtGs6f5HCZSRePKUhvGm,"Reflection (From ""Mulan"") - Slowed + Reverb",Funny Boy,hype/energetic,https://open.spotify.com/track/71xtGs6f5HCZSRePKUhvGm
6yZyUkZaWuV5A31buYFoUv,Mexican Chili - Robeen & Jake Remix,Miamisoul,hype/energetic,https://open.spotify.com/track/6yZyUkZaWuV5A31buYFoUv
7uymthGXQwy06S4uda1sTF,Dead Road,Tryal Of Witches,hype/energetic,https://open.spotify.com/track/7uymthGXQwy06S4uda1sTF
36MCurHLfz5XqRcWC8r8MT,Have You Seen Transportation Version?,No Museums,hype/energetic,https://open.spotify.com/track/36MCurHLfz5XqRcWC8r8MT
6ls9KAHhzEoAZwniwREz4Y,Get Get Down - Biggi Remix,R3HAB,hype/energetic,https://open.spotify.com/track/6ls9KAHhzEoAZwniwREz4Y
5W3j6lEvQbXUGBIlDEzjig,Hydra,Deniz Koyu,hype/energetic,https://open.spotify.com/track/5W3j6lEvQbXUGBIlDEzjig
5HhbVassGIqubvQuoPQHvG,Protostar - Original Mix,Audio Units,hype/energetic,https://open.spotify.com/track/5HhbVassGIqubvQuoPQHvG
3f4FiVJ9aBRGdZF3YpNzVk,Dungeon,M&D Substance,hype/energetic,https://open.spotify.com/track/3f4FiVJ9aBRGdZF3YpNzVk
3892poZmCtUxbt7p4qR9x1,Lohit Nights Live From India - Continuous Dj Mix,Kash Trivedi,hype/energetic,https://open.spotify.com/track/3892poZmCtUxbt7p4qR9x1
0Ulx5Fzbp6GxOar5uxl5Jh,Autogroove,Brian Cua,hype/energetic,https://open.spotify.com/track/0Ulx5Fzbp6GxOar5uxl5Jh
3OpyKiptKOh6Z7iNStEJVO,British Theatre 1956-1959,The Khe Sanh Approach,hype/energetic,https://open.spotify.com/track/3OpyKiptKOh6Z7iNStEJVO
5OkRtT5qq4UOL0G2CQYqnJ,All to Jesus,Andrew Scott,hype/energetic,https://open.spotify.com/track/5OkRtT5qq4UOL0G2CQYqnJ
4HN9IzipUWXF1QbZasdTiG,Believe in Shame - House Rhythms Mix,Mandragora,hype/energetic,https://open.spotify.com/track/4HN9IzipUWXF1QbZasdTiG
72107RIEAhPwzVXyjOob5d,Power On,The Interesting Times Gang,hype/energetic,https://open.spotify.com/track/72107RIEAhPwzVXyjOob5d
3uPbSFdnDTOGZeEanbCeWS,Hell Is Where the Heart Is,Ford Pier,hype/energetic,https://open.spotify.com/track/3uPbSFdnDTOGZeEanbCeWS
7DDCePZNf1KNYSsGq55tS6,Your Touch,Braydon Wollmann,hype/energetic,https://open.spotify.com/track/7DDCePZNf1KNYSsGq55tS6
3UR74UE7E9qohiWYNOzpkw,It's Easy,The Provincial Archive,hype/energetic,https://open.spotify.com/track/3UR74UE7E9qohiWYNOzpkw
6DaYJs1qUMG2EXiGAif0YU,Fire in the Sky,Project 91,hype/energetic,https://open.spotify.com/track/6DaYJs1qUMG2EXiGAif0YU
2LKH1tjEXzjDH506jnn1kr,Fire in the Sky,Project 91,hype/energetic,https://open.spotify.com/track/2LKH1tjEXzjDH506jnn1kr
47ww1JVcMb3CQhHz5gT4cL,Anthemix,Brian Cua,hype/energetic,https://open.spotify.com/track/47ww1JVcMb3CQhHz5gT4cL
16wGWPuoVDw8GpIWiPZI2w,G.O.A.T. - Slowed + Reverb,Funny Boy,hype/energetic,https://open.spotify.com/track/16wGWPuoVDw8GpIWiPZI2w
5OB1cLW2IfpNRYCG2WIu6M,Batgirl - Edit,Kahikko,hype/energetic,https://open.spotify.com/track/5OB1cLW2IfpNRYCG2WIu6M
42EJdPbQkV4KCLCYCXa01T,Believe in Shame - House Rhythms Mix,Mandragora,hype/energetic,https://open.spotify.com/track/42EJdPbQkV4KCLCYCXa01T
1CkTpufZ9KRLzERtsWGN05,Goodbye - Dubcircus Remix,Newik,hype/energetic,https://open.spotify.com/track/1CkTpufZ9KRLzERtsWGN05
05G25D86I1OLNJo2Apo00D,High,Pioneeradio,hype/energetic,https://open.spotify.com/track/05G25D86I1OLNJo2Apo00D
7dbNUYtAedaNasnuThmyeN,Never Together,Doug Hoyer,hype/energetic,https://open.spotify.com/track/7dbNUYtAedaNasnuThmyeN
6LiBXOXBhbzo7EqXmhbovZ,Our Mothers,Hungry Hollow,hype/energetic,https://open.spotify.com/track/6LiBXOXBhbzo7EqXmhbovZ
0CdVoIHTuHS94XyQuTbmIa,Fire in the Sky,Project 91,hype/energetic,https://open.spotify.com/track/0CdVoIHTuHS94XyQuTbmIa
5sNDD4Lup9khTpETZyQECb,Vacation,Tundra,hype/energetic,https://open.spotify.com/track/5sNDD4Lup9khTpETZyQECb
1k9KzeTfQTmUDVtVWdSYAM,Wtf Bby I'm Lit,RPT MCK,hype/energetic,https://open.spotify.com/track/1k9KzeTfQTmUDVtVWdSYAM
0MbNd2UbeJQWldtqXO76ir,Baby Got Back,Sir Mix-A-Lot,hype/energetic,https://open.spotify.com/track/0MbNd2UbeJQWldtqXO76ir
0B0EWRPZQqoegKo3D5bMLC,Baby Got Back,Sir Mix-A-Lot,hype/energetic,https://open.spotify.com/track/0B0EWRPZQqoegKo3D5bMLC
7GOVEcJrzYQQP7X4qMgerE,Mo Bamba,Sheck Wes,hype/energetic,https://open.spotify.com/track/7GOVEcJrzYQQP7X4qMgerE
52JqhIHKq59qGTdNKSxs14,Reverse Hyper Royalty (Gym Workout Rap),GRIND PROTOCOL,hype/energetic,https://open.spotify.com/track/52JqhIHKq59qGTdNKSxs14
1kyUkGGAG31fSzDnmzJfvv,Mo Bamba,Sheck Wes,hype/energetic,https://open.spotify.com/track/1kyUkGGAG31fSzDnmzJfvv
2pYob2NI3MLocrU7mU9J0K,Suge,DaBaby,hype/energetic,https://open.spotify.com/track/2pYob2NI3MLocrU7mU9J0K
0Iocq0hid4oA2ROYmk7OKR,Gym Life,VitalTunes,hype/energetic,https://open.spotify.com/track/0Iocq0hid4oA2ROYmk7OKR
7xk2GaFZStnsylBrCTfyG5,Gym Life,VitalTunes,hype/energetic,https://open.spotify.com/track/7xk2GaFZStnsylBrCTfyG5
04ZWAhlSwB42Hw2jOLfy9t,Flooded the Face,Lil Uzi Vert,hype/energetic,https://open.spotify.com/track/04ZWAhlSwB42Hw2jOLfy9t
4oZqNyQWRIYB4hzrLNong1,IDK,RPT MCK,hype/energetic,https://open.spotify.com/track/4oZqNyQWRIYB4hzrLNong1
3aD3BRhj9F7fWK7T1Wrc9l,Che Phủ,RPT MCK,hype/energetic,https://open.spotify.com/track/3aD3BRhj9F7fWK7T1Wrc9l
6FELxPS9G1CFuu1kgfcS2r,Warm-Up,RJ Khan,hype/energetic,https://open.spotify.com/track/6FELxPS9G1CFuu1kgfcS2r
1A40JwlsFUAoYX2nXzxIlO,Warm-Up (from “Take Two”),RJ Khan,hype/energetic,https://open.spotify.com/track/1A40JwlsFUAoYX2nXzxIlO
57LEfQTFUHIhe0jBycVJrl,Trinity,Jael Rap princess,hype/energetic,https://open.spotify.com/track/57LEfQTFUHIhe0jBycVJrl
6ZEn3ZypfUjBdWVaCUlDc2,Testimony,Jael Rap princess,hype/energetic,https://open.spotify.com/track/6ZEn3ZypfUjBdWVaCUlDc2
5sGOl0nAYJUzY12xJahFva,Ransom,Jael Rap princess,hype/energetic,https://open.spotify.com/track/5sGOl0nAYJUzY12xJahFva
2AO4J6Moo7fULnHnzVxqjG,Lyrical Exercise,JAŸ-Z,hype/energetic,https://open.spotify.com/track/2AO4J6Moo7fULnHnzVxqjG
6HpkHTTwfVmSoopeloHqOp,"Anh Là Ai? (feat. Dick, DT & UMIE)",RAP VIỆT,hype/energetic,https://open.spotify.com/track/6HpkHTTwfVmSoopeloHqOp
5UUNrCgGtC6JOrATM3y3ZT,Sắp Nổi Tiếng 2,HIEUTHUHAI,hype/energetic,https://open.spotify.com/track/5UUNrCgGtC6JOrATM3y3ZT
04vZ4wvtdjMs35KgDIjNsG,Hút và Hút,RPT MCK,hype/energetic,https://open.spotify.com/track/04vZ4wvtdjMs35KgDIjNsG
6vvPecFTmWxDfEJ6cYT1wa,Rockstar,LISA,hype/energetic,https://open.spotify.com/track/6vvPecFTmWxDfEJ6cYT1wa
5PJhqOoJ2VZDDSNi6AJhqm,The Next Rap God,Dax,hype/energetic,https://open.spotify.com/track/5PJhqOoJ2VZDDSNi6AJhqm
2eBTD6scdhlg1HQGgXZoqk,Part the Sea,Jael Rap princess,hype/energetic,https://open.spotify.com/track/2eBTD6scdhlg1HQGgXZoqk
6etojIO75hZviHx29asdqV,Sheep & Goats,Jael Rap princess,hype/energetic,https://open.spotify.com/track/6etojIO75hZviHx29asdqV
7gluB4kY1ZbPuqhKuMEHUd,Shut up & Show out,Rio D,hype/energetic,https://open.spotify.com/track/7gluB4kY1ZbPuqhKuMEHUd
6IUEwlNgVnT5CYeBuq6DTH,"Anh Là Ai? (feat. Dick, DT & UMIE)",RAP VIỆT,hype/energetic,https://open.spotify.com/track/6IUEwlNgVnT5CYeBuq6DTH
37ull7GiBZRLhWYDBIYZzW,ANH ĐÃ LÀM GÌ ĐÂU (feat. Nhật Hoàng & Thùy Chi),RAP VIỆT,hype/energetic,https://open.spotify.com/track/37ull7GiBZRLhWYDBIYZzW
6eSlXikHAenLlpmXKDFtYb,Nhạc Trap Căng Nhất 2023,Wxrdie,hype/energetic,https://open.spotify.com/track/6eSlXikHAenLlpmXKDFtYb
3WRiWRkolTkYHKqMGsYsOT,Garfield,cupcakKe,hype/energetic,https://open.spotify.com/track/3WRiWRkolTkYHKqMGsYsOT
0OS7ZdO0L4I69kioXOuUPy,Victory Lap,Jael Rap princess,hype/energetic,https://open.spotify.com/track/0OS7ZdO0L4I69kioXOuUPy
5FUlUKhB02HYpOTxbBjCq7,Yahweh,Jael Rap princess,hype/energetic,https://open.spotify.com/track/5FUlUKhB02HYpOTxbBjCq7
57uRSUX9nsAhngKZH4boHA,Prince of Peace,Jael Rap princess,hype/energetic,https://open.spotify.com/track/57uRSUX9nsAhngKZH4boHA
5oXvVXrqyKHeAgn8nLsp6u,"La Grieta Session, Vol. 4",La Grieta Session,hype/energetic,https://open.spotify.com/track/5oXvVXrqyKHeAgn8nLsp6u
0OjGzFFlb2qhisAshfaIbW,Pharisee,Jael Rap princess,hype/energetic,https://open.spotify.com/track/0OjGzFFlb2qhisAshfaIbW
3y8xPhq9Ho1hCEMIE9DvZe,Mel Made Me Do It,Stormzy,hype/energetic,https://open.spotify.com/track/3y8xPhq9Ho1hCEMIE9DvZe
5gwH0poJDBkGtf25PgfOsr,Việc Nên Làm,Rocky CDE,hype/energetic,https://open.spotify.com/track/5gwH0poJDBkGtf25PgfOsr
2Au9E9wwk7b7KmdBnoWp5Q,CUA,MANBO,hype/energetic,https://open.spotify.com/track/2Au9E9wwk7b7KmdBnoWp5Q
55nxEY2bGgcxSVLQ9hOFeR,Vệ Tinh,HIEUTHUHAI,hype/energetic,https://open.spotify.com/track/55nxEY2bGgcxSVLQ9hOFeR
0o6SJp28WL65nzDcee1GKa,Motivación - Street Workout,Voz Armada,hype/energetic,https://open.spotify.com/track/0o6SJp28WL65nzDcee1GKa
6j79UU0pYjR8UtcVySwvkd,Valley Shadows,Jael Rap princess,hype/energetic,https://open.spotify.com/track/6j79UU0pYjR8UtcVySwvkd
0mgzhcVq2ktxJZ24cGdh8D,Sinner’s Prayer,Jael Rap princess,hype/energetic,https://open.spotify.com/track/0mgzhcVq2ktxJZ24cGdh8D
3TF4421zj0k1vs2lmv9hkV,Resurrection Power,Jael Rap princess,hype/energetic,https://open.spotify.com/track/3TF4421zj0k1vs2lmv9hkV
27xBNq4Y1At39sf6YAPZ7f,Mozzarella Route,Cel Mattic,hype/energetic,https://open.spotify.com/track/27xBNq4Y1At39sf6YAPZ7f
7c5tIFpyKZ4IhHANEkJLJL,Fous-moi le camp,Uzi Freyja,hype/energetic,https://open.spotify.com/track/7c5tIFpyKZ4IhHANEkJLJL
2zI3VmZLsQn31KHv4dDxsf,Xay's Note,XAY,hype/energetic,https://open.spotify.com/track/2zI3VmZLsQn31KHv4dDxsf
7vKjOiBl4LiaQaPM3M0UwW,HUSTLANG ALL DAY (feat. Hustlang Robber),RAP VIỆT,hype/energetic,https://open.spotify.com/track/7vKjOiBl4LiaQaPM3M0UwW
35gc5FTZehQ5DF2BI6wkgf,LƯỚT TRÊN CON SÓNG (feat. Dangrangto),RAP VIỆT,hype/energetic,https://open.spotify.com/track/35gc5FTZehQ5DF2BI6wkgf
2naHX4cacns359w3ugyt3P,ĐÂU PHẢI VỢ ANH (feat. Dangrangto),RAP VIỆT,hype/energetic,https://open.spotify.com/track/2naHX4cacns359w3ugyt3P
0UnNMZkvYsc6yZMX3m3DwD,The Cross,Jael Rap princess,hype/energetic,https://open.spotify.com/track/0UnNMZkvYsc6yZMX3m3DwD
3bj39oGrl1bvHarSTwuZwl,Soul Anchor,Jael Rap princess,hype/energetic,https://open.spotify.com/track/3bj39oGrl1bvHarSTwuZwl
2IsDPqMDf6Bbm7sdFRe7Wg,White Horse,Jael Rap princess,hype/energetic,https://open.spotify.com/track/2IsDPqMDf6Bbm7sdFRe7Wg
5YezD54d49hGeJhK0EfDDc,Samson Strength,Jael Rap princess,hype/energetic,https://open.spotify.com/track/5YezD54d49hGeJhK0EfDDc
6AapWFdGHmHbhj2oN0n61J,Next Up,2Time,hype/energetic,https://open.spotify.com/track/6AapWFdGHmHbhj2oN0n61J
0S6lsFEXbSkVy6GecmhGLD,Fame,GZA,hype/energetic,https://open.spotify.com/track/0S6lsFEXbSkVy6GecmhGLD
4NPVQkAy98MQNfFkVCI8On,Nicht die Musik,KUMMER,hype/energetic,https://open.spotify.com/track/4NPVQkAy98MQNfFkVCI8On
4hdOYl6xm8ry6hZzn9pBqw,QUA TỪNG KHUNG HÌNH (feat. Hustlang Robber & Ngắn),RAP VIỆT,hype/energetic,https://open.spotify.com/track/4hdOYl6xm8ry6hZzn9pBqw
5AsZiMkbxLlR68WM3HHKWZ,29,Wxrdie,hype/energetic,https://open.spotify.com/track/5AsZiMkbxLlR68WM3HHKWZ
2wf7A2Exrq6pQ3aoKWC4o3,Sắp Nổi Tiếng,HIEUTHUHAI,hype/energetic,https://open.spotify.com/track/2wf7A2Exrq6pQ3aoKWC4o3
4IbO7Eh1QlgNCvoX5wgGBr,Baby Got Back,Sir Mix-A-Lot,hype/energetic,https://open.spotify.com/track/4IbO7Eh1QlgNCvoX5wgGBr
44Swhc8sQpTKqC0HEZnR0H,Spirit Lead,Jael Rap princess,hype/energetic,https://open.spotify.com/track/44Swhc8sQpTKqC0HEZnR0H
5sbppqQsibKmps8Y03v9RZ,No Friends Freestyle - Radio Edit,K2sg Henny,hype/energetic,https://open.spotify.com/track/5sbppqQsibKmps8Y03v9RZ
711elVDa7vP6O2OW26uyMJ,Revelation,Jael Rap princess,hype/energetic,https://open.spotify.com/track/711elVDa7vP6O2OW26uyMJ
7HWezbQnstJiLe80ZB5q9X,Work It Out,Fiyablasta,hype/energetic,https://open.spotify.com/track/7HWezbQnstJiLe80ZB5q9X
0CzhomHQJY9WVvw9zPZrbe,Hype,Quebonafide,hype/energetic,https://open.spotify.com/track/0CzhomHQJY9WVvw9zPZrbe
3MlvHVRytWiXpSHEeZVF0I,1TINHYEU (feat. Hustlang Robber),RAP VIỆT,hype/energetic,https://open.spotify.com/track/3MlvHVRytWiXpSHEeZVF0I
6fxHGDQxQWfpePpd3V6v4J,888,KIDDI,hype/energetic,https://open.spotify.com/track/6fxHGDQxQWfpePpd3V6v4J
3ddbsHsHfywXN4HjZxINRo,Chơi Đồ,RPT MCK,hype/energetic,https://open.spotify.com/track/3ddbsHsHfywXN4HjZxINRo
2gAey4N880NJpQOdVeUBzj,Va Vào Giai Điệu Này,RAP VIỆT,hype/energetic,https://open.spotify.com/track/2gAey4N880NJpQOdVeUBzj
5S2fZakM1yis3l8kRZ7SlL,JANUARY 2021,BOY-B,hype/energetic,https://open.spotify.com/track/5S2fZakM1yis3l8kRZ7SlL
1krQ6dXw4jF82rAdc8kCt9,Pork And Beef,The Coup,hype/energetic,https://open.spotify.com/track/1krQ6dXw4jF82rAdc8kCt9
4HEjOCSLPqqaz5j0eq9dVX,Wild Out,The LOX,hype/energetic,https://open.spotify.com/track/4HEjOCSLPqqaz5j0eq9dVX
1NiRbfSiCys2d5JLLP4vJx,CLA$$IC,Bushido,hype/energetic,https://open.spotify.com/track/1NiRbfSiCys2d5JLLP4vJx
0eagpFgYdVP8oF7jfrrKxQ,I'm An Animal,"50 Cent, DJ Whoo Kid",hype/energetic,https://open.spotify.com/track/0eagpFgYdVP8oF7jfrrKxQ
1HWa2i5mZzs2VImVqwwfuI,"We Go Hard (feat. JustaTee, Karik, BigDaddy, Andree Right Hand, Suboi, B Ray & Thai VG)",RAP VIỆT,hype/energetic,https://open.spotify.com/track/1HWa2i5mZzs2VImVqwwfuI
2BqyqJTjoAPJrhFVm8tEg5,Đây Là Rap Việt,RAP VIỆT,hype/energetic,https://open.spotify.com/track/2BqyqJTjoAPJrhFVm8tEg5
5iAqIZuD0OZbjSvI7266fQ,"Giàu Vì Bạn, Sang Vì Vợ",RAP VIỆT,hype/energetic,https://open.spotify.com/track/5iAqIZuD0OZbjSvI7266fQ
5sGAdzerznua6nkFZr4jW6,TUYẾT TRÊN PHỐ (feat. Gill),RAP VIỆT,hype/energetic,https://open.spotify.com/track/5sGAdzerznua6nkFZr4jW6
0Y2ipMuhAlOnIkTXcCKWlL,Get Money,Wxrdie,hype/energetic,https://open.spotify.com/track/0Y2ipMuhAlOnIkTXcCKWlL
6Q1sL6vu1X4ti8BRchalPx,Rockstar,LISA,hype/energetic,https://open.spotify.com/track/6Q1sL6vu1X4ti8BRchalPx
1uc6x8vRI8hzKtBEY8EX7M,Pop It,600 LIL BANK,hype/energetic,https://open.spotify.com/track/1uc6x8vRI8hzKtBEY8EX7M
2OGIL31LhItFVKmBd6dEpG,Pop It,600 LIL BANK,hype/energetic,https://open.spotify.com/track/2OGIL31LhItFVKmBd6dEpG
6DIB8R8ygcuRs2yknlRIDf,Six Pack Belt (No Gym),Fit Sirens,hype/energetic,https://open.spotify.com/track/6DIB8R8ygcuRs2yknlRIDf
71VXewVKFs0HcwEom489zH,Machayenge 4,KR$NA,hype/energetic,https://open.spotify.com/track/71VXewVKFs0HcwEom489zH
0RYoo9sMvdI0giacnuoQ55,ĐẠI CHIẾN RAP - 2025 remaster,IV EIGHT,hype/energetic,https://open.spotify.com/track/0RYoo9sMvdI0giacnuoQ55
5GIPOSEWACQ5vyzzjXRKbD,Hai Thế Giới,Wowy,hype/energetic,https://open.spotify.com/track/5GIPOSEWACQ5vyzzjXRKbD
5GQtpxtiPKtaGp6ndI2hsl,VUT,Hoàng Green,hype/energetic,https://open.spotify.com/track/5GQtpxtiPKtaGp6ndI2hsl
2Rx0xErp6UqudLF0eGsunU,U Mê,Rapital,hype/energetic,https://open.spotify.com/track/2Rx0xErp6UqudLF0eGsunU
1J4ob8eUrTUxwF8pTdSXA6,Badtrip,RPT MCK,hype/energetic,https://open.spotify.com/track/1J4ob8eUrTUxwF8pTdSXA6
3LYzYBvyeJdUPxOWTzoTNw,Foreign Bills,Yurrih,hype/energetic,https://open.spotify.com/track/3LYzYBvyeJdUPxOWTzoTNw
3LKpUARPKs7E55FpL7QqVY,Once in a Lifetime,"$tr8 ""Outta Control""",hype/energetic,https://open.spotify.com/track/3LKpUARPKs7E55FpL7QqVY
10OV5OPlIqVowltWFEaXKd,The Past,Ëxit,hype/energetic,https://open.spotify.com/track/10OV5OPlIqVowltWFEaXKd
5ERAAkDMJsoA7QvN19027g,Jet Flow,iKnoMyself,hype/energetic,https://open.spotify.com/track/5ERAAkDMJsoA7QvN19027g
5PCwmuKzKnf3q4segx7AS3,Get Stronger,Ether Symphonies,hype/energetic,https://open.spotify.com/track/5PCwmuKzKnf3q4segx7AS3
4EEqLHXNTRFM74XKl2nOR7,Energetic,Randy Roma,hype/energetic,https://open.spotify.com/track/4EEqLHXNTRFM74XKl2nOR7
4967yjBhznWbOYVsDUe3aS,Energetic Carnival Chillout,Latino Dance Music Academy,hype/energetic,https://open.spotify.com/track/4967yjBhznWbOYVsDUe3aS
3tIaKIDEi03YYYz1bBUE1J,Energetic Clap - Club Mix,Daniel Revoix,hype/energetic,https://open.spotify.com/track/3tIaKIDEi03YYYz1bBUE1J
7oal0tZjnAC1Y3Gb4sT6Pz,Energetic Synergy - Psy Chill DJ Mixed,Spiriturama,hype/energetic,https://open.spotify.com/track/7oal0tZjnAC1Y3Gb4sT6Pz
5l64s9nyyFTsKgyNYuW3Sn,Hillbilly Wobble Rap,Jeff Suits,hype/energetic,https://open.spotify.com/track/5l64s9nyyFTsKgyNYuW3Sn
0oO7TUVNZ1SjCpvcwEeyYB,Hillbilly wobble rap,Jeff Suits,hype/energetic,https://open.spotify.com/track/0oO7TUVNZ1SjCpvcwEeyYB
4Miyg4G2ZTjC6HC6WpUkmz,Transcendental Cha Cha Cha,Tom Cardy,hype/energetic,https://open.spotify.com/track/4Miyg4G2ZTjC6HC6WpUkmz
202dgZe1Vf7qW3iDU5TaTu,Energetic Particles (Progressive Tech-House Mix),Solar Spectrum,hype/energetic,https://open.spotify.com/track/202dgZe1Vf7qW3iDU5TaTu
5UZS4MsPlUYmdPTh7wQVSD,Three Chords,Goodbye June,hype/energetic,https://open.spotify.com/track/5UZS4MsPlUYmdPTh7wQVSD
1gaa0N2DGSLKcW7aIQu9xF,Transcendental Cha Cha Cha,Tom Cardy,hype/energetic,https://open.spotify.com/track/1gaa0N2DGSLKcW7aIQu9xF
3NkkcnnKrNHv4AiGaPdD76,Energetic,Wanna One,hype/energetic,https://open.spotify.com/track/3NkkcnnKrNHv4AiGaPdD76
2ytxxhSJ9PR3R6Dv4Spn4U,Energetic,Randy Roma,hype/energetic,https://open.spotify.com/track/2ytxxhSJ9PR3R6Dv4Spn4U
56LkU9bayOTV3R4YNOKd6W,イージーデンス,Mitchie M,hype/energetic,https://open.spotify.com/track/56LkU9bayOTV3R4YNOKd6W
3kbuU1oEHklpuOrBLZmHIZ,Energetic Swing,Latino Instrumental Hits,hype/energetic,https://open.spotify.com/track/3kbuU1oEHklpuOrBLZmHIZ
6XHOPZiATfzCrxwgkBZa7M,Latin Dance Party 2019,Paradise Latin Lounge,hype/energetic,https://open.spotify.com/track/6XHOPZiATfzCrxwgkBZa7M
5xOKNQ8V7i6I634gfV41pb,Brazil Dance Music,Paradise Latin Lounge,hype/energetic,https://open.spotify.com/track/5xOKNQ8V7i6I634gfV41pb
120zqhKtpblAb1RgbcF0xp,Dance-Free Night,Brooklyn Funk Essentials,hype/energetic,https://open.spotify.com/track/120zqhKtpblAb1RgbcF0xp
07a3O9izPgnaHv7oYq5ZU1,Sunday Dance Event,Queens Road,hype/energetic,https://open.spotify.com/track/07a3O9izPgnaHv7oYq5ZU1
1JdrkqZpaqc82QEP2HUK0x,Meneo,Fito Blanko,hype/energetic,https://open.spotify.com/track/1JdrkqZpaqc82QEP2HUK0x
2j61dAr0M0LKfhdVl8d6uE,Highly Energetic Charged Particles (Progressive Psychedelic Forest Trance DJ Mix Edit),Prog A Lot,hype/energetic,https://open.spotify.com/track/2j61dAr0M0LKfhdVl8d6uE
3PNKM6NBqTHwhEFlvbNsww,Got Hits,Sikka Psy,hype/energetic,https://open.spotify.com/track/3PNKM6NBqTHwhEFlvbNsww
2WMpqWShKzbfkE0m7vfdqf,Tough,Craig Morgan,hype/energetic,https://open.spotify.com/track/2WMpqWShKzbfkE0m7vfdqf
4ydaXRI7wU9b3T17da8Lch,KALI MA!,Lil Darkie,hype/energetic,https://open.spotify.com/track/4ydaXRI7wU9b3T17da8Lch
6WFAKXqjCKFecCX3mF78FT,DEATH SQUAD,Lil Darkie,hype/energetic,https://open.spotify.com/track/6WFAKXqjCKFecCX3mF78FT
7ifdCqRhF2HpTpzmGyFepl,Kiss-Me,Thủy Tiên,hype/energetic,https://open.spotify.com/track/7ifdCqRhF2HpTpzmGyFepl
30g2r7IOFpSz5aSLeN39xt,Up Energetic,Milo West,hype/energetic,https://open.spotify.com/track/30g2r7IOFpSz5aSLeN39xt
4rX0i02dd8ERoZR0kAFsag,Marry Me - Ballad Version,Mr. Siro,hype/energetic,https://open.spotify.com/track/4rX0i02dd8ERoZR0kAFsag
2ZgB70lCmUvkNjIQr19iPk,Highly Energetic Charged Particles,Prog-a-lot,hype/energetic,https://open.spotify.com/track/2ZgB70lCmUvkNjIQr19iPk
1dKXBUKx7oCB2UXlkihNn8,8am in Charlotte,Drake,hype/energetic,https://open.spotify.com/track/1dKXBUKx7oCB2UXlkihNn8
65ByaWMyDnf2feRXp0jBni,Hits me (pop mix),Lindsay Ell,hype/energetic,https://open.spotify.com/track/65ByaWMyDnf2feRXp0jBni
2EQcPEHcgZZqIP2x2usuQu,The Ultimate Pop Rock Experience | Energetic Hits 2025,Sing Dance,hype/energetic,https://open.spotify.com/track/2EQcPEHcgZZqIP2x2usuQu
1ozZOj5HWLuA0yYjG5yLY6,Khát Vọng Tuổi Trẻ (Thành Đoàn TP.HCM x AnhVu Remix),Thành Đoàn TP.HCM,hype/energetic,https://open.spotify.com/track/1ozZOj5HWLuA0yYjG5yLY6
4ZNk7poW9Q7iUkUkkz7Au5,"You’re My Heart, You’re My Soul",Dương Triệu Vũ,hype/energetic,https://open.spotify.com/track/4ZNk7poW9Q7iUkUkkz7Au5
1xsgVFSizwpnXMKcPc9fTx,Sonic Boom (145 F#M Energetic Tech Trance Mix),Coral,hype/energetic,https://open.spotify.com/track/1xsgVFSizwpnXMKcPc9fTx
5qbYINmLwwH5uVwlL5wKkx,Kalopsia - Mark Otten Energetic Remix,The Blizzard,hype/energetic,https://open.spotify.com/track/5qbYINmLwwH5uVwlL5wKkx
21Leybb6x250aVJqD67a3N,Square Dance Samba,EDMUNDO ROS,hype/energetic,https://open.spotify.com/track/21Leybb6x250aVJqD67a3N
6YbjLIeBUZgDBXnuX9HDzt,Somebody's Gotta Do It,The Roots,hype/energetic,https://open.spotify.com/track/6YbjLIeBUZgDBXnuX9HDzt
4QyKDDkDxFAnlykNlP2kOU,Somebody's Gotta Do It - Album Version (Edited),The Roots,hype/energetic,https://open.spotify.com/track/4QyKDDkDxFAnlykNlP2kOU
4plW1fRx4nsxHuXyEt0Kss,Radio,Dolly Dots,hype/energetic,https://open.spotify.com/track/4plW1fRx4nsxHuXyEt0Kss
7pd4a3aV79Av1NXYWwUS4D,Tết Đón Xuân Về,AMEE,hype/energetic,https://open.spotify.com/track/7pd4a3aV79Av1NXYWwUS4D
75n7mraeMycQOl2sDGYaTe,Mad Sounds,Arctic Monkeys,hype/energetic,https://open.spotify.com/track/75n7mraeMycQOl2sDGYaTe
0p2Q1fA3vsSqbo2hGYxgER,Kalopsia - Mark Otten Energetic Mix,The Blizzard,hype/energetic,https://open.spotify.com/track/0p2Q1fA3vsSqbo2hGYxgER
2v02pXjhY0yMjY0HEdtqDx,Summer Explosion,Paradise Latin Lounge,hype/energetic,https://open.spotify.com/track/2v02pXjhY0yMjY0HEdtqDx
0gYUbL5NcIucddgjBf5tBR,Bossa Nova Club,Paradise Latin Lounge,hype/energetic,https://open.spotify.com/track/0gYUbL5NcIucddgjBf5tBR
2hFTy2L9ituW2FlpD9xuDT,Rip Up The Recipe - From the “Lyle Lyle Crocodile” Original Motion Picture Soundtrack,Shawn Mendes,hype/energetic,https://open.spotify.com/track/2hFTy2L9ituW2FlpD9xuDT
4gvSK7htqKlwvCz5SDIkTe,You Shine Tonight,Tony El Campeon,hype/energetic,https://open.spotify.com/track/4gvSK7htqKlwvCz5SDIkTe
6Tdvg9uYtVp1QHEked07mj,If You Wanna Dance,Nobody's Angel,hype/energetic,https://open.spotify.com/track/6Tdvg9uYtVp1QHEked07mj
7oZo6eGNqLqgBhmAyk9aMs,Umee,H2K,hype/energetic,https://open.spotify.com/track/7oZo6eGNqLqgBhmAyk9aMs
0avWS1GZu482uaAc1n6l2n,Giai điệu đầy năng lượng ngày mới,Nature Piano,hype/energetic,https://open.spotify.com/track/0avWS1GZu482uaAc1n6l2n
5hBojFF0xcL9cbs0AeLl2o,I Wanna Go Home,Nemax,hype/energetic,https://open.spotify.com/track/5hBojFF0xcL9cbs0AeLl2o
0DBTrH6kBbF8CzNVcu5MQR,Pong Dance,Vigiland,hype/energetic,https://open.spotify.com/track/0DBTrH6kBbF8CzNVcu5MQR
7a2cgdSsO9r4LnoS1FL3TT,Nightfly,Weekend Chillout Music Zone,hype/energetic,https://open.spotify.com/track/7a2cgdSsO9r4LnoS1FL3TT
4rP9QsoxsPm52QDWFY57iC,Turn the Light On,Stefan Schnabel,hype/energetic,https://open.spotify.com/track/4rP9QsoxsPm52QDWFY57iC
6NWlMpjEXx3u9f5liDGuE5,8am in Charlotte,Drake,hype/energetic,https://open.spotify.com/track/6NWlMpjEXx3u9f5liDGuE5
4dx97z2sEfhkL4KjHddkkO,JUST DANCE 2,PARTYOF2,hype/energetic,https://open.spotify.com/track/4dx97z2sEfhkL4KjHddkkO
1JqFkEx8PgK2uK6ZbHRISw,SÔNG ĐỌA ĐÀY (Nhạc sôi động),VŨ TUẤN KHANG,hype/energetic,https://open.spotify.com/track/1JqFkEx8PgK2uK6ZbHRISw
2luGQ16RwKRXWMQZIAKfS7,Trang Giấy Trắng - Remix Version,Phượng Mai,hype/energetic,https://open.spotify.com/track/2luGQ16RwKRXWMQZIAKfS7
0WtPuQR6Kk21XcMACTTKJy,Energetic Sunset (Original mix),Bossa Rio,hype/energetic,https://open.spotify.com/track/0WtPuQR6Kk21XcMACTTKJy
3OiE0n2nmuDSOyjt6GR15j,Synthetic Fire,Paul A. Grogan,hype/energetic,https://open.spotify.com/track/3OiE0n2nmuDSOyjt6GR15j
7vTah1XwEhJmAS7OjL3RIr,Digital Dog,Paul A. Grogan,hype/energetic,https://open.spotify.com/track/7vTah1XwEhJmAS7OjL3RIr
66ixPanSfAMRciR3c7YXad,Keep up the Show,Stefan Schnabel,hype/energetic,https://open.spotify.com/track/66ixPanSfAMRciR3c7YXad
4oRxxNrnUcEfpSLGGcOwBj,Hits me,Lindsay Ell,hype/energetic,https://open.spotify.com/track/4oRxxNrnUcEfpSLGGcOwBj
0DehftFhTPvEhvf3iGIhJZ,LOTUS,FORCEPARKBOIS,hype/energetic,https://open.spotify.com/track/0DehftFhTPvEhvf3iGIhJZ
4qfORrGsU7zr4h4egVk7ag,The Streets Are Hot Tonight,Black Pontiac,hype/energetic,https://open.spotify.com/track/4qfORrGsU7zr4h4egVk7ag
1wlIFq2G0SjKMVjn1Ngw3w,Gieo Quẻ - Dance Performance,Hoàng Thùy Linh,hype/energetic,https://open.spotify.com/track/1wlIFq2G0SjKMVjn1Ngw3w
50EqKJD4htzkOiUtrAhCBb,Giọt Lệ Đài Trang - Hòa Tấu Guitar,Nhạc Guitar Không Lời,hype/energetic,https://open.spotify.com/track/50EqKJD4htzkOiUtrAhCBb
72UbQpYtQYyAaOZx3jUGR0,Underground of Fashion - Percussion & Bass 2 only,Stefan Schnabel,hype/energetic,https://open.spotify.com/track/72UbQpYtQYyAaOZx3jUGR0
6Bp3r9EEwtnIUKGd62mDtC,Esta Loca,Latino Dance Music Academy,hype/energetic,https://open.spotify.com/track/6Bp3r9EEwtnIUKGd62mDtC
49sH6olvfMcjOKz01gVd0X,I Could Have Danced All Night,EDMUNDO ROS,hype/energetic,https://open.spotify.com/track/49sH6olvfMcjOKz01gVd0X
3YFjqRpPHEXSC2GN4B0ON7,I Yi Yi Yi Yi (I Like You Very Much),EDMUNDO ROS,hype/energetic,https://open.spotify.com/track/3YFjqRpPHEXSC2GN4B0ON7
1Ahi2qP9lBq5XeRkVEiGLJ,Anunnaki,Nick Kopel,hype/energetic,https://open.spotify.com/track/1Ahi2qP9lBq5XeRkVEiGLJ
7KyRVKKZHnmJZeYpT6HEl6,"Play It Late, Play It Loud",Kelly Boesch,hype/energetic,https://open.spotify.com/track/7KyRVKKZHnmJZeYpT6HEl6
4fNI14CcRSfl7HAvh2szYf,Conga,Miami Sound Machine,hype/energetic,https://open.spotify.com/track/4fNI14CcRSfl7HAvh2szYf
0EKqsoTPmv4eazx1HybrOe,TRAP,Eryn Martin,hype/energetic,https://open.spotify.com/track/0EKqsoTPmv4eazx1HybrOe
7p4cIdTM5G00O5fyc1F9Yg,Magic,Thanh Duy,hype/energetic,https://open.spotify.com/track/7p4cIdTM5G00O5fyc1F9Yg
41gxnQxoVAFTL6JSkzsjvh,Hồng Trần Tình Ca - Disco Remix,Bee Dysko,hype/energetic,https://open.spotify.com/track/41gxnQxoVAFTL6JSkzsjvh
1yUff3ymIzIqfjWKecyTPt,Sunny Cuban Mood,Cafe Latino Dance Club,hype/energetic,https://open.spotify.com/track/1yUff3ymIzIqfjWKecyTPt
2aVTHONlsRL9T50RWBJ7KS,Full Out,Cafe Latino Dance Club,hype/energetic,https://open.spotify.com/track/2aVTHONlsRL9T50RWBJ7KS
0MqqqZKY4wR9YzZxGiUfSY,Lounge Lounge,Cafe Latino Dance Club,hype/energetic,https://open.spotify.com/track/0MqqqZKY4wR9YzZxGiUfSY
5JPMvFUYAMJXYnBR1PEIsb,Reach for It,George Duke,hype/energetic,https://open.spotify.com/track/5JPMvFUYAMJXYnBR1PEIsb
22FmhVuD9a7pk77AegyJPZ,I See Country,Ian Munsick,hype/energetic,https://open.spotify.com/track/22FmhVuD9a7pk77AegyJPZ
3d1LX6u9MQpVPUQg8fbyuP,DONT TEXT ME WHEN YOUR DRUNK,lil poodle,melancholic,https://open.spotify.com/track/3d1LX6u9MQpVPUQg8fbyuP
4IhQA4O98ulPLhsdW2GPPO,Sadrah - Acoustic,For Revenge,melancholic,https://open.spotify.com/track/4IhQA4O98ulPLhsdW2GPPO
2ChenqVQrNrTbeRRGfhVDg,Đợi,Vũ.,melancholic,https://open.spotify.com/track/2ChenqVQrNrTbeRRGfhVDg
4LFwqwVGdViVgDIvJNIqqV,"Sad Song - Mauldeth Road West Demo, Nov' 92",Oasis,melancholic,https://open.spotify.com/track/4LFwqwVGdViVgDIvJNIqqV
0msyVrrPREVlzuk3VguEn9,curtains up ! ! !,Nava Drops,melancholic,https://open.spotify.com/track/0msyVrrPREVlzuk3VguEn9
76Uh23VtMVz83XcW3DtTYn,Xrated,Unwntd,melancholic,https://open.spotify.com/track/76Uh23VtMVz83XcW3DtTYn
3gYK7eEFbp6KzmqYRMyQRm,Death Of A Hero,Alec Benjamin,melancholic,https://open.spotify.com/track/3gYK7eEFbp6KzmqYRMyQRm
3hQY2EgmFiibDXOk3hMxfc,Let Me In,Dermot Kennedy,melancholic,https://open.spotify.com/track/3hQY2EgmFiibDXOk3hMxfc
0ut7f4KB9sZQ8uhA4HyOMt,Half Your Love,Bahamas,melancholic,https://open.spotify.com/track/0ut7f4KB9sZQ8uhA4HyOMt
42iVCdfNArQjSbrXBo40iQ,Alt Girl,Bryce Savage,melancholic,https://open.spotify.com/track/42iVCdfNArQjSbrXBo40iQ
6OVlpeBwOHkoouoCoATKcZ,50 Năm Về Sau - Acoustic,Dương Edward,melancholic,https://open.spotify.com/track/6OVlpeBwOHkoouoCoATKcZ
0lFj8bk12W4JBz09s0DgfS,Em à,buitruonglinh,melancholic,https://open.spotify.com/track/0lFj8bk12W4JBz09s0DgfS
6Rk9OCPLRprxsMmYgnU1UF,For Island Fires and Family,Dermot Kennedy,melancholic,https://open.spotify.com/track/6Rk9OCPLRprxsMmYgnU1UF
43L0tPyWIDgbRakoC4eJ7J,Somebody Special - Commentary,Nina Nesbitt,melancholic,https://open.spotify.com/track/43L0tPyWIDgbRakoC4eJ7J
1p8AxFwqbUFBiO55GnP5Hc,Somebody Special - Commentary,Nina Nesbitt,melancholic,https://open.spotify.com/track/1p8AxFwqbUFBiO55GnP5Hc
781KJHmRgzVDeGOR7jfT2s,Somebody Special - Commentary,Nina Nesbitt,melancholic,https://open.spotify.com/track/781KJHmRgzVDeGOR7jfT2s
04zdjWewHa4UZ8ZePm5QSK,Sunday,Dermot Kennedy,melancholic,https://open.spotify.com/track/04zdjWewHa4UZ8ZePm5QSK
2bDdFr0UthTzIfwRH59x3J,Sadrah - Acoustic,For Revenge,melancholic,https://open.spotify.com/track/2bDdFr0UthTzIfwRH59x3J
5usije28Kb2Dvzg1kZaa21,Vì Sao,Chillies,melancholic,https://open.spotify.com/track/5usije28Kb2Dvzg1kZaa21
5kGsa6CIvN5RaTb3rKzUdL,Treo (2:00 AM),The Cassette,melancholic,https://open.spotify.com/track/5kGsa6CIvN5RaTb3rKzUdL
1gQitNg0GqMh8NrHk4T2iD,Sadnecessary - Acoustic Version,Milky Chance,melancholic,https://open.spotify.com/track/1gQitNg0GqMh8NrHk4T2iD
4K293QP3lUaOdxwzTmYBnX,PARANORMAL ACTIVITY,Mihailo Arsic,melancholic,https://open.spotify.com/track/4K293QP3lUaOdxwzTmYBnX
762n155rz6x9e5UHjoxmVC,vices,gavn!,melancholic,https://open.spotify.com/track/762n155rz6x9e5UHjoxmVC
6hf5ioGWmtEHnbILVkMO0p,Snow,Earthquake Lights,melancholic,https://open.spotify.com/track/6hf5ioGWmtEHnbILVkMO0p
32J4rcbTwIN6AXYY9gj1eg,I'm Not Alone (I'm Lonely),Courtney Farren,melancholic,https://open.spotify.com/track/32J4rcbTwIN6AXYY9gj1eg
1wNeFxjHtvL3maJQdDHhQo,The Great Forever,Janet Jackson,melancholic,https://open.spotify.com/track/1wNeFxjHtvL3maJQdDHhQo
6H9yT5dOyOrB1ghEExNccp,Playlist,Ryan J. Hurdle,melancholic,https://open.spotify.com/track/6H9yT5dOyOrB1ghEExNccp
4r3iHpRhNUgJDHi6wxTPEe,Em Oii,The Flob,melancholic,https://open.spotify.com/track/4r3iHpRhNUgJDHi6wxTPEe
5LlOq9zNm5ErRgd4ri86aB,2+3=5,T.R.I,melancholic,https://open.spotify.com/track/5LlOq9zNm5ErRgd4ri86aB
4CFBGs4bT1ZTa4CgCT6ItP,Ai Đâu Hay,SEANPOET,melancholic,https://open.spotify.com/track/4CFBGs4bT1ZTa4CgCT6ItP
4UPLlFF10U3St7PaaQGPgi,Twilight,Elliott Smith,melancholic,https://open.spotify.com/track/4UPLlFF10U3St7PaaQGPgi
5xQTEPjGsLuvwnnvyK3fAA,Love You To Death,Chord Overstreet,melancholic,https://open.spotify.com/track/5xQTEPjGsLuvwnnvyK3fAA
3Bxbquw4mWOv2iAN9OpuhG,Srxt,Bloc Party,melancholic,https://open.spotify.com/track/3Bxbquw4mWOv2iAN9OpuhG
1E7KyJ8EYd92qZ4EQPWrWJ,Quédate - Acústico / Bonus Track,Bratty,melancholic,https://open.spotify.com/track/1E7KyJ8EYd92qZ4EQPWrWJ
5VN939NsLrj73L9vpvwpim,Hang On,Gerry Rafferty,melancholic,https://open.spotify.com/track/5VN939NsLrj73L9vpvwpim
2dXLJJnZrt06dT84gTAbrK,Vết Mưa,Heaven Violet,melancholic,https://open.spotify.com/track/2dXLJJnZrt06dT84gTAbrK
7dNGavTuEGF9DNJcZDmyUz,Pretender - Acoustic,AJR,melancholic,https://open.spotify.com/track/7dNGavTuEGF9DNJcZDmyUz
3et9KgkphhDinvYmHdiBBT,Còn Anh,Vũ.,melancholic,https://open.spotify.com/track/3et9KgkphhDinvYmHdiBBT
6cpr8c19Ma3M79Gicb5KsJ,Em Không Cô Đơn,Kha,melancholic,https://open.spotify.com/track/6cpr8c19Ma3M79Gicb5KsJ
40jiZBsr1W3SG15AGU9227,Small Hands,Keaton Henson,melancholic,https://open.spotify.com/track/40jiZBsr1W3SG15AGU9227
4sRn6irZpaihbArxBHq18T,careless 2.0,Arden Jones,melancholic,https://open.spotify.com/track/4sRn6irZpaihbArxBHq18T
50GqVCDnpfmb4SpHXCOuWq,Last December Text - Acoustic Comfort Mix,Momo Collins,melancholic,https://open.spotify.com/track/50GqVCDnpfmb4SpHXCOuWq
1vCnj6kzsZ8ZvVFGk11ZbV,Time's Caught Up On You,Gerry Rafferty,melancholic,https://open.spotify.com/track/1vCnj6kzsZ8ZvVFGk11ZbV
6gMOvbYfxpIPnHHIFMLcVE,Hang On,Gerry Rafferty,melancholic,https://open.spotify.com/track/6gMOvbYfxpIPnHHIFMLcVE
1cAnET5eIMpJjeS26kyTlV,Time´s Caught Up On You,Gerry Rafferty,melancholic,https://open.spotify.com/track/1cAnET5eIMpJjeS26kyTlV
4BBAQlRzcskT3IMWold8DF,Là,Vũ.,melancholic,https://open.spotify.com/track/4BBAQlRzcskT3IMWold8DF
2UEqqfyKRd33PUxC3UhKPM,Call Me In The Morning,Billy Lockett,melancholic,https://open.spotify.com/track/2UEqqfyKRd33PUxC3UhKPM
3xKLVwg68WlRUa9o8QWTvI,Wait for Me,Jack Curley,melancholic,https://open.spotify.com/track/3xKLVwg68WlRUa9o8QWTvI
4CkgMiMqZ5JzW9iYXSTMTL,I Bet You Think About Me (feat. Chris Stapleton) (Taylor’s Version) (From The Vault),Taylor Swift,melancholic,https://open.spotify.com/track/4CkgMiMqZ5JzW9iYXSTMTL
5MnLof1o5Wu4hX5zWgMjZY,Wasted,Tomberlin,melancholic,https://open.spotify.com/track/5MnLof1o5Wu4hX5zWgMjZY
1QGIxIDHKplzAtEovsxDIa,Sad Boy with a Guitar,Ollie MN,melancholic,https://open.spotify.com/track/1QGIxIDHKplzAtEovsxDIa
42vU1hTXYfiBsQlb6IyPlY,"Moonchild - Live At The Town & Country Club, London, UK / 1990",Rory Gallagher,melancholic,https://open.spotify.com/track/42vU1hTXYfiBsQlb6IyPlY
5TrQl0yPGlyCPsD1JiktlT,"Moonchild - Live At The Town & Country Club, London, UK / 1990",Rory Gallagher,melancholic,https://open.spotify.com/track/5TrQl0yPGlyCPsD1JiktlT
02YaYWaO74usJ3HVog59nz,Our Theme Song,Alton,melancholic,https://open.spotify.com/track/02YaYWaO74usJ3HVog59nz
1U7mnip5dMAMxPmcS32NVt,23:40,Hào,melancholic,https://open.spotify.com/track/1U7mnip5dMAMxPmcS32NVt
1PyxksVqAwuujW0oAmHxta,Vô Vị,Lope Dope,melancholic,https://open.spotify.com/track/1PyxksVqAwuujW0oAmHxta
5gktclGTN4ZeNrGB2uqHJF,About Love,Suriel Hess,melancholic,https://open.spotify.com/track/5gktclGTN4ZeNrGB2uqHJF
1Wf6aOpiN9nQmI53sPjZyh,Sad Acoustic Love Songs,Elephant in the Room,melancholic,https://open.spotify.com/track/1Wf6aOpiN9nQmI53sPjZyh
3MMPsoigU8lx057WboRqHd,Fucked Up Together,Peter Raffoul,melancholic,https://open.spotify.com/track/3MMPsoigU8lx057WboRqHd
4uItOtRDDKXRQW71jU223W,Starting Over,Kere Buchanan,melancholic,https://open.spotify.com/track/4uItOtRDDKXRQW71jU223W
4xYUnLUwwWMndNlCQi4CqX,When A Heart Breaks,Ben Rector,melancholic,https://open.spotify.com/track/4xYUnLUwwWMndNlCQi4CqX
6zgdxL6CbpagcTwbX9hijg,Lil' Big City Blues,Steven Gullett,melancholic,https://open.spotify.com/track/6zgdxL6CbpagcTwbX9hijg
3UFPSF7CGaMeJLhOhNR4ac,Nếu Em Ở Lại (Acoustic Version),Khói,melancholic,https://open.spotify.com/track/3UFPSF7CGaMeJLhOhNR4ac
34Z6cfCNMxm9j53X3aimgx,inner child,Sweet Liquor,melancholic,https://open.spotify.com/track/34Z6cfCNMxm9j53X3aimgx
0plHBfV2PAWAFKGvhTfMLC,Me Again,Sasha Alex Sloan,melancholic,https://open.spotify.com/track/0plHBfV2PAWAFKGvhTfMLC
0KGeOj6DJXfCMGkLYiz4fB,When You Look at Me,Sara Kays,melancholic,https://open.spotify.com/track/0KGeOj6DJXfCMGkLYiz4fB
75IOx6kKgDOwhxT1aKaNWZ,Drunk,MICHA,melancholic,https://open.spotify.com/track/75IOx6kKgDOwhxT1aKaNWZ
0WYLYH1lcdxELHSp9uBKaK,Let's Not Talk,Malkovic,melancholic,https://open.spotify.com/track/0WYLYH1lcdxELHSp9uBKaK
0HhSTLsU9EsiJR8xytmIoQ,Won't Back Down/Eleven Seven,Jahlil Ford,melancholic,https://open.spotify.com/track/0HhSTLsU9EsiJR8xytmIoQ
3icK9E40lbQSlDzacB1Xcz,Brooding Bootcamp,Shards of Artemis,melancholic,https://open.spotify.com/track/3icK9E40lbQSlDzacB1Xcz
4PMCBBqaIfQVjyRarKPfsV,Là Vì Ai,The Sheep,melancholic,https://open.spotify.com/track/4PMCBBqaIfQVjyRarKPfsV
2LNVLmk30brSlvNXHP3d6E,Dear Winter,AJR,melancholic,https://open.spotify.com/track/2LNVLmk30brSlvNXHP3d6E
5UKc1GKFq2C1mbadXQJc5v,Do Ai?,Vũ.,melancholic,https://open.spotify.com/track/5UKc1GKFq2C1mbadXQJc5v
5x4AGdcUnL14y0MP0pbXab,Xa,Lý Bực,melancholic,https://open.spotify.com/track/5x4AGdcUnL14y0MP0pbXab
5QyPXFPY4We3gtKWipjY7l,Tell Me It's Real,Seafret,melancholic,https://open.spotify.com/track/5QyPXFPY4We3gtKWipjY7l
5chNLdWBseBD8ZOeuUXdDy,Classic Acoustic Song,N.O.A.,melancholic,https://open.spotify.com/track/5chNLdWBseBD8ZOeuUXdDy
5Wf3VB8mQoufft7ZYYk5EI,Tall Trees,Blacklit Canopy Official,melancholic,https://open.spotify.com/track/5Wf3VB8mQoufft7ZYYk5EI
0efBPiskgB3qiCgvRuPBUY,SadLove,Rohin,melancholic,https://open.spotify.com/track/0efBPiskgB3qiCgvRuPBUY
0CDMbyk8cLdKjI0uYctOKJ,@,Erases Eraser,melancholic,https://open.spotify.com/track/0CDMbyk8cLdKjI0uYctOKJ
0Y1Y1CdHYllYlDpjVgff0c,Never Too Late,Hym,melancholic,https://open.spotify.com/track/0Y1Y1CdHYllYlDpjVgff0c
1BPVQq46EQqPaK9bPC3ZR3,Cigarette,PAR SG,melancholic,https://open.spotify.com/track/1BPVQq46EQqPaK9bPC3ZR3
7JpDEHia1FRZ1pCPEZGTdM,RUNAWAY,Truant Fu,melancholic,https://open.spotify.com/track/7JpDEHia1FRZ1pCPEZGTdM
2D6601bZ6eYBWIkC5dkRCy,killed the kid,Haiden Henderson,melancholic,https://open.spotify.com/track/2D6601bZ6eYBWIkC5dkRCy
7veABwKCDEw3Qf3vsCJ5DF,SASABONSAM,Iwin DripGod,melancholic,https://open.spotify.com/track/7veABwKCDEw3Qf3vsCJ5DF
5vGkpUhiAWecz9Nb8HYdaf,25 in Barcelona,JP Saxe,melancholic,https://open.spotify.com/track/5vGkpUhiAWecz9Nb8HYdaf
3nvNRZQBWzW9xn50KKXGem,That’s My Cue (Live),Matt Maeson,melancholic,https://open.spotify.com/track/3nvNRZQBWzW9xn50KKXGem
6jr7uQEeye9Q4kUDZbGEXH,OCTOPUS,SMILE/SADFACE,melancholic,https://open.spotify.com/track/6jr7uQEeye9Q4kUDZbGEXH
0g4veUkUmvk7WPu5Fq4kSY,OCTOPUS,SMILE/SADFACE,melancholic,https://open.spotify.com/track/0g4veUkUmvk7WPu5Fq4kSY
1o1nX8EM3dKhMyHjVX5NiR,Denver,Ryland,melancholic,https://open.spotify.com/track/1o1nX8EM3dKhMyHjVX5NiR
1zhoY3OjL7rKqd2IiFGvTk,Melancholic Piano - Evening,DJ Artur,melancholic,https://open.spotify.com/track/1zhoY3OjL7rKqd2IiFGvTk
0O8vVXdskmq2aIdVwItMzY,Late Night Melancholy (Piano),Rude Boy,melancholic,https://open.spotify.com/track/0O8vVXdskmq2aIdVwItMzY
02RwNS4SJo90CZ00qGWUpq,Melancholic Piano Instrumental,Emmybeat,melancholic,https://open.spotify.com/track/02RwNS4SJo90CZ00qGWUpq
2oK4doNraipZ8yNP8bqX0N,Melancholic,Kato,melancholic,https://open.spotify.com/track/2oK4doNraipZ8yNP8bqX0N
3IHfX1W1r0RvSYTFsFMaua,Melancholy Galaxy,CMJ,melancholic,https://open.spotify.com/track/3IHfX1W1r0RvSYTFsFMaua
4pyiUGr2LYhDGj7D7uoGoz,Autumn Serenade - Melancholic Piano Melodies,Gordon Wise,melancholic,https://open.spotify.com/track/4pyiUGr2LYhDGj7D7uoGoz
7yaeqZvZrxsYrxmrwIGDtO,Melancholic Lullaby,Mike McKee,melancholic,https://open.spotify.com/track/7yaeqZvZrxsYrxmrwIGDtO
0zw8XuLqZcHsv9pb67wG4o,Nuvole bianche,Ludovico Einaudi,melancholic,https://open.spotify.com/track/0zw8XuLqZcHsv9pb67wG4o
0VXmxUwjNLAS02J5eD3OBD,Melancholy,Hunter Keys,melancholic,https://open.spotify.com/track/0VXmxUwjNLAS02J5eD3OBD
0Kta1CD5yAI3hj8qWflR2J,Melancholic Thoughts,Fuzzy & Glad,melancholic,https://open.spotify.com/track/0Kta1CD5yAI3hj8qWflR2J
6JANyuxuXjN0JhthHjjnlR,Sad Emotional Piano - Slowed Down,DS Productions,melancholic,https://open.spotify.com/track/6JANyuxuXjN0JhthHjjnlR
6BSpn0D45D1T8Rn0xm2jAi,Melancholic Piano Instrumental,Emmybeat,melancholic,https://open.spotify.com/track/6BSpn0D45D1T8Rn0xm2jAi
1So7jT4GtGriUIo6al16gX,melancholy piano for sad night,plus_Beatz,melancholic,https://open.spotify.com/track/1So7jT4GtGriUIo6al16gX
79CCfkc1NAe8nS2AtpcdaX,Last Winter Rose - Melancholic Piano Melodies,Erik Holm,melancholic,https://open.spotify.com/track/79CCfkc1NAe8nS2AtpcdaX
2BPC6oRFO3Od1V6jaIATBs,Sundown Lullaby - Melancholic Piano Melodies,Lenz Koch,melancholic,https://open.spotify.com/track/2BPC6oRFO3Od1V6jaIATBs
1UiMQoNRZccZWZVsvvHl8U,Tears in Moonlight - Melancholic Piano Melodies,Kirsten Hanne,melancholic,https://open.spotify.com/track/1UiMQoNRZccZWZVsvvHl8U
0ViBAXDmsIDXIdCCClUwEJ,Melancholic Waltz,Infinite Stream,melancholic,https://open.spotify.com/track/0ViBAXDmsIDXIdCCClUwEJ
0nE4j0wkGn5ijBPguBbZau,Melancholy,Les Moray,melancholic,https://open.spotify.com/track/0nE4j0wkGn5ijBPguBbZau
6cJ8uUbLRTZA0NI95N9uMF,Rêverie Mélancolique,Sonic Abodes,melancholic,https://open.spotify.com/track/6cJ8uUbLRTZA0NI95N9uMF
149GPopdEJWoMTJOv4XFLY,Melancholic Lullaby,Mike McKee,melancholic,https://open.spotify.com/track/149GPopdEJWoMTJOv4XFLY
3CoMYVlpmPFHvjKoexb4UH,Melancholy,On Piano,melancholic,https://open.spotify.com/track/3CoMYVlpmPFHvjKoexb4UH
6qzNE8RglBjwfBFESr6SNW,Melancholy Piano Instrumentals Background,Emmybeat,melancholic,https://open.spotify.com/track/6qzNE8RglBjwfBFESr6SNW
4cF8SOnpKOlEis6Jefgjo1,Melancholic【メランコリック】 - PianoBox Music,Relaxu,melancholic,https://open.spotify.com/track/4cF8SOnpKOlEis6Jefgjo1
0zS3lf7tq7c5Eji7nrZegW,Melancholic Heart,dyathøn,melancholic,https://open.spotify.com/track/0zS3lf7tq7c5Eji7nrZegW
3aBPYqGrx9StWlXtzLFqLL,Melancholic Moonlight (Original mix),Bossa Rio,melancholic,https://open.spotify.com/track/3aBPYqGrx9StWlXtzLFqLL
2B5qdBEacITeRHJpxGSG9V,Melancholy Melt,Sax Anime,melancholic,https://open.spotify.com/track/2B5qdBEacITeRHJpxGSG9V
4Er9qnNlB6PhW4vK3WUBIJ,Fluffy Tail,Melancholic Raccoon,melancholic,https://open.spotify.com/track/4Er9qnNlB6PhW4vK3WUBIJ
0Ks0O6MhcIB0OPKUmbGbcE,Emerald Eyes,Melancholic Raccoon,melancholic,https://open.spotify.com/track/0Ks0O6MhcIB0OPKUmbGbcE
5kGlsWCyodpErY4RvY9FvJ,Stranger Friends,Melancholic Raccoon,melancholic,https://open.spotify.com/track/5kGlsWCyodpErY4RvY9FvJ
0Ul3clR9hLoXy2cdUQUHYD,Only Questions,Max Richter,melancholic,https://open.spotify.com/track/0Ul3clR9hLoXy2cdUQUHYD
3Q92tnYqeCmKLjW9s0AjNo,Melancholy - Piano Version,Piano Skin,melancholic,https://open.spotify.com/track/3Q92tnYqeCmKLjW9s0AjNo
16RCg0nxgdOUBE34b0Nw0U,Emotional Piano,OlexandrMusic,melancholic,https://open.spotify.com/track/16RCg0nxgdOUBE34b0Nw0U
6iBz7JoLYKerQgVR3g7Qys,Last Winter Rose - Melancholic Piano Melodies,Erik Holm,melancholic,https://open.spotify.com/track/6iBz7JoLYKerQgVR3g7Qys
3E1sAYdC6hHC4S2faGXMA9,Quiet Nights - Melancholic Piano Melodies,Hans Overgraard,melancholic,https://open.spotify.com/track/3E1sAYdC6hHC4S2faGXMA9
5csdzFfZ3S62NG7TbVwxGb,Lost Embrace - Melancholic Piano Melodies,Eleonore Baumann,melancholic,https://open.spotify.com/track/5csdzFfZ3S62NG7TbVwxGb
0ED6SnusMOsMDWES1Yg0h6,Melancholic Night,Baby La La Byes,melancholic,https://open.spotify.com/track/0ED6SnusMOsMDWES1Yg0h6
4dVnM3eshl8eH244RIrYY7,Melancholy Nocturne,Random Instrumental Meditation,melancholic,https://open.spotify.com/track/4dVnM3eshl8eH244RIrYY7
70gxmp7dxC5XYT52UsCTwL,Empty Can,Melancholic Raccoon,melancholic,https://open.spotify.com/track/70gxmp7dxC5XYT52UsCTwL
4kXPJxGgsbxF0LjGNrdXv9,Melancholic Lo-Fi,LOFI BEATS,melancholic,https://open.spotify.com/track/4kXPJxGgsbxF0LjGNrdXv9
66PR4oKTs0peUKyRQcPtJ9,Sad Emotional Piano,DS Productions,melancholic,https://open.spotify.com/track/66PR4oKTs0peUKyRQcPtJ9
0Beg8HFDtwq7aYC7czCEnM,Melancholic Evening,Sad Instrumental Piano Music Zone,melancholic,https://open.spotify.com/track/0Beg8HFDtwq7aYC7czCEnM
2swa7nqo9OOjhhF7Cjlor2,Melancholic Midnight,Soft Piano Music,melancholic,https://open.spotify.com/track/2swa7nqo9OOjhhF7Cjlor2
5LXPMkdvIk4BhY6PiPFVsH,Melancholy Melodies,Piano Relaxation,melancholic,https://open.spotify.com/track/5LXPMkdvIk4BhY6PiPFVsH
1PDCAawOvVVZElZaLi3pCg,Tears in Moonlight - Melancholic Piano Melodies,Kirsten Hanne,melancholic,https://open.spotify.com/track/1PDCAawOvVVZElZaLi3pCg
5TJqbK9613PvuNVMcfzZYo,Sundown Lullaby - Melancholic Piano Melodies,Lenz Koch,melancholic,https://open.spotify.com/track/5TJqbK9613PvuNVMcfzZYo
03ZlsPYomaFsrhtfleC04r,Waves of Affection - Melancholic Piano Melodies,Martha Duval,melancholic,https://open.spotify.com/track/03ZlsPYomaFsrhtfleC04r
6szwfZ5GvRhgPPe6AA1muM,Silent Dream - Melancholic Piano Melodies,Katharina Bauer,melancholic,https://open.spotify.com/track/6szwfZ5GvRhgPPe6AA1muM
7ILzrrJXknx1Tg4ZHNjWof,Promise in Morning Mist - Melancholic Piano Melodies,Jack Hughes,melancholic,https://open.spotify.com/track/7ILzrrJXknx1Tg4ZHNjWof
63FAqDcs6BTWGAGIiyUSSO,Melancholic Piano Cinematic,cleanmindsounds,melancholic,https://open.spotify.com/track/63FAqDcs6BTWGAGIiyUSSO
74SSw2h3RftKGdbQL9XJjV,Melancholy: Sad Piano Music,Torsten Abrolat,melancholic,https://open.spotify.com/track/74SSw2h3RftKGdbQL9XJjV
6pdHYfFTRDHf8VBBnUT9rB,Melancholic Reflection,Magnus Ludvigsson,melancholic,https://open.spotify.com/track/6pdHYfFTRDHf8VBBnUT9rB
5g7eaf3ixp2VdXkbx6YE7C,Melancholia,RIOPY,melancholic,https://open.spotify.com/track/5g7eaf3ixp2VdXkbx6YE7C
2BQCUxqBEkQoAynoGPpE86,On Melancholy Hill - Piano Version,Linneo,melancholic,https://open.spotify.com/track/2BQCUxqBEkQoAynoGPpE86
2pzLX2NE9YXXrMVJX2OQwq,Melancholic Brite Piano,CRA23 With The Talent,melancholic,https://open.spotify.com/track/2pzLX2NE9YXXrMVJX2OQwq
75kJtYp9fl2PCf4A6zC6Qa,Autumn Serenade - Melancholic Piano Melodies,Gordon Wise,melancholic,https://open.spotify.com/track/75kJtYp9fl2PCf4A6zC6Qa
3Ux3ragZVQspMD1K3Jidom,When the Rain Falls - Melancholic Piano Melodies,Megan Byrne,melancholic,https://open.spotify.com/track/3Ux3ragZVQspMD1K3Jidom
4xbOxtUSNT09FVrvMzD2m4,Waning Moon,Piano University,melancholic,https://open.spotify.com/track/4xbOxtUSNT09FVrvMzD2m4
3QLf4ArQ3J0gbOKchrCYmr,Melancholic Piano Inspired from Greensleeves (Original Motion Picture Soundtrack),Acoustic Instrumental Vibes,melancholic,https://open.spotify.com/track/3QLf4ArQ3J0gbOKchrCYmr
091GMOHwj0vGxyuSqy2a8f,Melancholic piano in autumn,Background Piano studio,melancholic,https://open.spotify.com/track/091GMOHwj0vGxyuSqy2a8f
2dKPsWqsLBpaUZwDsiZJ3q,Melancholia,Lil Baby Grand,melancholic,https://open.spotify.com/track/2dKPsWqsLBpaUZwDsiZJ3q
1uXid2sVpolZyAMaEk2O2i,Melancholy,Sad Instrumental Piano Music Zone,melancholic,https://open.spotify.com/track/1uXid2sVpolZyAMaEk2O2i
5tieUaftsEDpCDOak5auXa,Melancholic Piano (Solo Piano C Major),Jacory Brown,melancholic,https://open.spotify.com/track/5tieUaftsEDpCDOak5auXa
6KNArerp32lx3XrbAUQhMa,"Melancholic Piano Melodies Vol, 2 - Mixed by SounEmot",SounEmot State (Dj),melancholic,https://open.spotify.com/track/6KNArerp32lx3XrbAUQhMa
0wnXzfJ7ORDyukPFZnOxoR,Melancholic Serenade - Rainy Day Version,Elliott Chambers,melancholic,https://open.spotify.com/track/0wnXzfJ7ORDyukPFZnOxoR
6QENbhChTIwLItNtq9nf6u,Melancholia,Dark Classical Academia,melancholic,https://open.spotify.com/track/6QENbhChTIwLItNtq9nf6u
5qMdr2q4ZSdMfKmMXPZyTF,"Piano Sonata No. 14 in C-Sharp Minor, Op. 27 No. 2 ""Moonlight"": Adagio sostenuto (Excerpt)",Ludwig van Beethoven,melancholic,https://open.spotify.com/track/5qMdr2q4ZSdMfKmMXPZyTF
7N04jHgd5yhmrSTaKF0gVD,Melancholic Piano,Sad Pianist,melancholic,https://open.spotify.com/track/7N04jHgd5yhmrSTaKF0gVD
39GRaVk4tkhUrfVD1Tw8PL,Melancholic Piano Music,Panderer Mersu,melancholic,https://open.spotify.com/track/39GRaVk4tkhUrfVD1Tw8PL
3hwkYw6UYepA6ducsdg7gj,Melancholic Piano Serenade,Aldwin Studiobeats,melancholic,https://open.spotify.com/track/3hwkYw6UYepA6ducsdg7gj
1qIQSVbNDtcblxQfGJPonP,Melancholic Piano,Dany Vila,melancholic,https://open.spotify.com/track/1qIQSVbNDtcblxQfGJPonP
4Ze22gxIzdGFrPZiLVxruh,Melancholic Piano Mood,Cozy Reading Music,melancholic,https://open.spotify.com/track/4Ze22gxIzdGFrPZiLVxruh
5pKYPinwAm3lkqo5Ci4j5t,Melancholic Piano Music,Kaffe Restaurang Instrumentalmusik,melancholic,https://open.spotify.com/track/5pKYPinwAm3lkqo5Ci4j5t
0dqFTpOPentRg2djs9lIFA,Melancholic Piano Flow,Ednaldo reis,melancholic,https://open.spotify.com/track/0dqFTpOPentRg2djs9lIFA
1lvAohcOYVO45jcTAMP2sW,Melancholic Piano Serenade,Inspirational Daily Time,melancholic,https://open.spotify.com/track/1lvAohcOYVO45jcTAMP2sW
78ZJH2lfwtaAlWSR1HI4nM,Melancholic Reflections,Neoclassical New Age Movement,melancholic,https://open.spotify.com/track/78ZJH2lfwtaAlWSR1HI4nM
5COd74ChXvpR2hWZVI8uRv,Melancholy Chapter,Midnight Librarian,melancholic,https://open.spotify.com/track/5COd74ChXvpR2hWZVI8uRv
2TB1qsLM4P5zsmlolSgmZ8,Melancholic Autumn,Piano Dreamers,melancholic,https://open.spotify.com/track/2TB1qsLM4P5zsmlolSgmZ8
6wOlX5KH6SWk1W1rzZ0hO5,Melancholic Piano at Rosehip Riverside Resort,Clara Viola,melancholic,https://open.spotify.com/track/6wOlX5KH6SWk1W1rzZ0hO5
0cCNxobucKsYvXPkMwe4rY,Melancholic Stories,AXS Music,melancholic,https://open.spotify.com/track/0cCNxobucKsYvXPkMwe4rY
6JgZx1YtTwfkOkqJTpJEOA,Melancholic Piano Serenade in the Night Wind,Lester Nelson,melancholic,https://open.spotify.com/track/6JgZx1YtTwfkOkqJTpJEOA
27xz3pcJEOKm2IvKaeGyuM,Melancholic Piano Solo – Concentration Calm,Dreamshift,melancholic,https://open.spotify.com/track/27xz3pcJEOKm2IvKaeGyuM
0tr5kHc1KTk1Y2IEh4378Z,Melancholic Melodies,Lofi Cassete Tunes,melancholic,https://open.spotify.com/track/0tr5kHc1KTk1Y2IEh4378Z
1wnneoxheqqSw8lanm8hOA,Melancholic piano walz,Serge Praded,melancholic,https://open.spotify.com/track/1wnneoxheqqSw8lanm8hOA
0DKwpUNr1Gtw347wWbLLmL,Melancholic Piano for a Quiet Study Night,Myrtle Franklin,melancholic,https://open.spotify.com/track/0DKwpUNr1Gtw347wWbLLmL
5qqRRKWYCHallIZFSGz3oX,Melancholic Piano,Juventino Ruiz Martínez,melancholic,https://open.spotify.com/track/5qqRRKWYCHallIZFSGz3oX
1F7dGf03Hpf7qkfjQINjSS,Emotional Ambient Piano,OlexandrMusic,melancholic,https://open.spotify.com/track/1F7dGf03Hpf7qkfjQINjSS
147A5vR7iSqjgAJsXFV0Mh,Melancholic Piano - Solo Piano C Major,Jacory Brown,melancholic,https://open.spotify.com/track/147A5vR7iSqjgAJsXFV0Mh
3Oq4QFD8CopuvoDyof4TsA,Depression,Jurrivh,melancholic,https://open.spotify.com/track/3Oq4QFD8CopuvoDyof4TsA
2Vuqz7EZtKKCWQj2TMNOgy,Melancholy,Martèn LeGrand,melancholic,https://open.spotify.com/track/2Vuqz7EZtKKCWQj2TMNOgy
5RtTNFfEOldcKfRZRHL7hZ,Melancholy Smile,Young Pop`s Orchestra,melancholic,https://open.spotify.com/track/5RtTNFfEOldcKfRZRHL7hZ
3aIguFSaFd8N5t5VD1fQ56,Gloomy Nights,Phlocalyst,melancholic,https://open.spotify.com/track/3aIguFSaFd8N5t5VD1fQ56
0UwMWpZQoQ6QDPlDSD5HYR,Love Songs,Jayce,melancholic,https://open.spotify.com/track/0UwMWpZQoQ6QDPlDSD5HYR
4xRxYWgAtL6pzRz94GlZlA,The Ride,Drake,melancholic,https://open.spotify.com/track/4xRxYWgAtL6pzRz94GlZlA
64BHHZoyiorH9XHRc5mVbw,Deep and Gloomy Silence,Fuzzy & Glad,melancholic,https://open.spotify.com/track/64BHHZoyiorH9XHRc5mVbw
6mxPuJkPOu7PAqrO0meeCC,Gloomy Noise,Crystal Slowdown,melancholic,https://open.spotify.com/track/6mxPuJkPOu7PAqrO0meeCC
6nBQFAIVFmAx2oZ8p6lUg6,Tempo (feat. Missy Elliott),Lizzo,melancholic,https://open.spotify.com/track/6nBQFAIVFmAx2oZ8p6lUg6
6Ar0tt32WpPr72Xp3KEJ4D,Gloomy Club,Joel Fausto & Illusion Orchestra,melancholic,https://open.spotify.com/track/6Ar0tt32WpPr72Xp3KEJ4D
5IFCyWplye09HytIP80RCF,Too Close,Next,melancholic,https://open.spotify.com/track/5IFCyWplye09HytIP80RCF
1KwOF5ZIBWi6HdLwaYFV9M,Stormy,Kent Gustavson,melancholic,https://open.spotify.com/track/1KwOF5ZIBWi6HdLwaYFV9M
53IfrjS0WFtyocnXFdrlEo,Brooklyn,Jesse Malin,melancholic,https://open.spotify.com/track/53IfrjS0WFtyocnXFdrlEo
5FL2rN1wOdc2lhxJZlKUoC,Wide Open,Lyfe Harris,melancholic,https://open.spotify.com/track/5FL2rN1wOdc2lhxJZlKUoC
6QGArbBqEmgBc4OvjKafm1,Someone Sang And Slowly Danced,Joel Fausto & Illusion Orchestra,melancholic,https://open.spotify.com/track/6QGArbBqEmgBc4OvjKafm1
20BFo9REyGdCxrlPmD3xph,Drum Show,Twenty One Pilots,melancholic,https://open.spotify.com/track/20BFo9REyGdCxrlPmD3xph
0AacceFxDEyw97GWX1TunT,Ain't Enough Whiskey,Kameron Marlowe,melancholic,https://open.spotify.com/track/0AacceFxDEyw97GWX1TunT
2kBamITd69LMvfYhkaSkaD,Right Now the Best,Zach Bryan,melancholic,https://open.spotify.com/track/2kBamITd69LMvfYhkaSkaD
7tXHxqwYkwboCfm7bYN4T9,Brooklyn - Acoustic,Jesse Malin,melancholic,https://open.spotify.com/track/7tXHxqwYkwboCfm7bYN4T9
0EMGEIKwmQXMwGjRwCuMqp,Slow Turn,GloomyDayl,melancholic,https://open.spotify.com/track/0EMGEIKwmQXMwGjRwCuMqp
1y0Q9D7FjNyFM2KtASweUb,Brooklyn (Walt Whitman in the Trash),Jesse Malin,melancholic,https://open.spotify.com/track/1y0Q9D7FjNyFM2KtASweUb
2DmmHm0jmO2xhaVNQjfqh4,Gloomy Day,tri5te,melancholic,https://open.spotify.com/track/2DmmHm0jmO2xhaVNQjfqh4
2MQmvEq9tH7crlSCuIvwKI,Gloomy Star (feat. 1ho & Chan),Airman,melancholic,https://open.spotify.com/track/2MQmvEq9tH7crlSCuIvwKI
6brl7bwOHmGFkNw3MBqssT,So Sick,Ne-Yo,melancholic,https://open.spotify.com/track/6brl7bwOHmGFkNw3MBqssT
7zc1Sv8AJcE5qZwOAofPv1,Gloomy You,The Human Experience,melancholic,https://open.spotify.com/track/7zc1Sv8AJcE5qZwOAofPv1
1JFhkfD0gdQKYwfTnEPb5I,Adagio - Live,Federico Nicola Aschieri,melancholic,https://open.spotify.com/track/1JFhkfD0gdQKYwfTnEPb5I
3l8pXh8xpOF8aC5N61uVn6,I Wanna Luv U,NB Ridaz,melancholic,https://open.spotify.com/track/3l8pXh8xpOF8aC5N61uVn6
62IfazzLFMMBUFQggjSQBz,Brooklyn (Walt Whitman in the Trash),Jesse Malin,melancholic,https://open.spotify.com/track/62IfazzLFMMBUFQggjSQBz
66902moi15HoSt6rfoNF37,Brooklyn (Walt Whitman in the Trash),Jesse Malin,melancholic,https://open.spotify.com/track/66902moi15HoSt6rfoNF37
1l8A2GNOK2IqUxFy7QlUmK,Gloomy (Sad Piano),Martin Czerny,melancholic,https://open.spotify.com/track/1l8A2GNOK2IqUxFy7QlUmK
2P4UGMPaY715xmU2aHYTqz,Gloomy,Golsa Nazari,melancholic,https://open.spotify.com/track/2P4UGMPaY715xmU2aHYTqz
10E1pLrqGgMWy0jGVhYrkK,i wish our rain to be stopped,NANO,melancholic,https://open.spotify.com/track/10E1pLrqGgMWy0jGVhYrkK
41ACOHahQYV8Cmt8W6Pn6n,gloomy thursday,Slowdawn,melancholic,https://open.spotify.com/track/41ACOHahQYV8Cmt8W6Pn6n
4rPl7ezxtoqshKnI1kk3dX,Drum Show,Twenty One Pilots,melancholic,https://open.spotify.com/track/4rPl7ezxtoqshKnI1kk3dX
1yPBKTeXddXd4aMH9Fa07y,Backroad Heart,Jax Wilder,melancholic,https://open.spotify.com/track/1yPBKTeXddXd4aMH9Fa07y
2JryVayOa4rGCLQMeYvWyT,Brooklyn - Walt Whitman in the Trash,Jesse Malin,melancholic,https://open.spotify.com/track/2JryVayOa4rGCLQMeYvWyT
29liFABG8wlwhaPIXZZjTG,Brooklyn (Walt Whitman in the Trash),Jesse Malin,melancholic,https://open.spotify.com/track/29liFABG8wlwhaPIXZZjTG
4ZjJdLI161v34sqSk1Jn6c,Brooklyn (Walt Whitman in the Trash),Jesse Malin,melancholic,https://open.spotify.com/track/4ZjJdLI161v34sqSk1Jn6c
15c0cgF0bhNBWfP3a6ho31,gloomy days,ltrxxvii,melancholic,https://open.spotify.com/track/15c0cgF0bhNBWfP3a6ho31
6lobKeszdBMBcXqhZ5IlNo,gloomy,lofi box,melancholic,https://open.spotify.com/track/6lobKeszdBMBcXqhZ5IlNo
4rBlJSg6i223O1kWo8LCxZ,Hearing Weird Noises In The Back Room,Joel Fausto & Illusion Orchestra,melancholic,https://open.spotify.com/track/4rBlJSg6i223O1kWo8LCxZ
2WNejS9Fn0JhpYr2ovUnx9,Drunk Lady Licking Her Hand,Joel Fausto & Illusion Orchestra,melancholic,https://open.spotify.com/track/2WNejS9Fn0JhpYr2ovUnx9
4LRKHjC3WH5AKZSGZzlnGk,Tempo (feat. Missy Elliott),Lizzo,melancholic,https://open.spotify.com/track/4LRKHjC3WH5AKZSGZzlnGk
4K9umAd9TkXbPld2Bx4v8c,Thong Song,Kyuss,melancholic,https://open.spotify.com/track/4K9umAd9TkXbPld2Bx4v8c
2S6vAbFkIqqAzw0J908pv8,"Gray clouds hang, they won't let go",Etta Marlowe,melancholic,https://open.spotify.com/track/2S6vAbFkIqqAzw0J908pv8
0V2C0Nj9WXOS7lN7bvKfOK,Brooklyn,Jesse Malin,melancholic,https://open.spotify.com/track/0V2C0Nj9WXOS7lN7bvKfOK
2Ohkq2xdLHkOnrNRV4tztg,Feels Like Magic,Sweet & Irie,melancholic,https://open.spotify.com/track/2Ohkq2xdLHkOnrNRV4tztg
3oxA8L1ZlEflbE3PSWt43U,A Gloomy Day,Kim Moongo,melancholic,https://open.spotify.com/track/3oxA8L1ZlEflbE3PSWt43U
5GwpUBI3P3yeViG17wvTnD,GLOOMY SLOWED,DJ UND3RGRXUND,melancholic,https://open.spotify.com/track/5GwpUBI3P3yeViG17wvTnD
1GIjzCOELaHxj0HUupy8TX,GLOOMY - Slowed + Reverb,Dazzlë,melancholic,https://open.spotify.com/track/1GIjzCOELaHxj0HUupy8TX
6xHYm2EU36MVICXga6Qhv9,GLOOMY ULTRA SLOWED,DJ UND3RGRXUND,melancholic,https://open.spotify.com/track/6xHYm2EU36MVICXga6Qhv9
0bTewSq5dfsE1LCNDFdmwL,gloomy (Ultra Slowed),CHERIZEM,melancholic,https://open.spotify.com/track/0bTewSq5dfsE1LCNDFdmwL
3bNsWZO3oQxRYlTMS4H7cw,Tempo (feat. Missy Elliott),Lizzo,melancholic,https://open.spotify.com/track/3bNsWZO3oQxRYlTMS4H7cw
2fyTojfPYs67KBWN4WYRX7,Too Close,Next,melancholic,https://open.spotify.com/track/2fyTojfPYs67KBWN4WYRX7
2bekT3ymwGCg9syVbj4obt,Blue Dream,Kingdom Of Giants,melancholic,https://open.spotify.com/track/2bekT3ymwGCg9syVbj4obt
6aqG6VFDGxrVkPJxumd9kG,Song I Can Drink Too,Koe Wetzel,melancholic,https://open.spotify.com/track/6aqG6VFDGxrVkPJxumd9kG
38Mh3KBXS95kSJTar6dI9l,Gloomy Night,Melodrama,melancholic,https://open.spotify.com/track/38Mh3KBXS95kSJTar6dI9l
2MTyM9UdQSDdiGErARqrG8,Gloomy Weather,Sleepy John,melancholic,https://open.spotify.com/track/2MTyM9UdQSDdiGErARqrG8
4x8ZWbIpVmFFgfVXPO33wW,Gloomy Melody - Slowed,DJ Oliver Mendes,melancholic,https://open.spotify.com/track/4x8ZWbIpVmFFgfVXPO33wW
74lZCPcvE7APF7XjyW4pMa,GLOOMY SUPER SLOWED,DJ UND3RGRXUND,melancholic,https://open.spotify.com/track/74lZCPcvE7APF7XjyW4pMa
6LHXHAK0cJ8cZrCFriQObd,Slow Gloomy Saturday Drizzle,Codename : Catatonic,melancholic,https://open.spotify.com/track/6LHXHAK0cJ8cZrCFriQObd
1y8fh1MZVJ0DCSKxVwyhW7,Wicked and Weird,Buck 65,melancholic,https://open.spotify.com/track/1y8fh1MZVJ0DCSKxVwyhW7
5kKMiBXBzvK75J8nyETELV,All The Way,SahBabii,melancholic,https://open.spotify.com/track/5kKMiBXBzvK75J8nyETELV
2Z6qYfyqEf7kttXPocAUCL,Beers We Ain't Drank Yet,Jon Wolfe,melancholic,https://open.spotify.com/track/2Z6qYfyqEf7kttXPocAUCL
4NSd7B4H9kECxcICYOjIIr,A Gloomy Letter - Instrumental,Kwak Jin Eon,melancholic,https://open.spotify.com/track/4NSd7B4H9kECxcICYOjIIr
2IIINgshwzKYVTJioZOZBh,Sad Rainy Day Lo-Fi,Sconnect Music Lofi Chill,melancholic,https://open.spotify.com/track/2IIINgshwzKYVTJioZOZBh
6Te95ibwL6HNqMLVr544Jm,GLOOMY - Super Slowed + Reverb,Dazzlë,melancholic,https://open.spotify.com/track/6Te95ibwL6HNqMLVr544Jm
5I3xoswk8sUSPhIEJijVfP,Gloomy Dance - Slowed,SKY!FLXWER,melancholic,https://open.spotify.com/track/5I3xoswk8sUSPhIEJijVfP
0evwY6bkTeMLwLI2PfNf6r,GLOOMY BRAZIL - Super Slowed,unxvxrse,melancholic,https://open.spotify.com/track/0evwY6bkTeMLwLI2PfNf6r
1Q0FDNRgl5sFN5aJctxk2G,Tempo (feat. Missy Elliott),Lizzo,melancholic,https://open.spotify.com/track/1Q0FDNRgl5sFN5aJctxk2G
5JHbwrC8KTnsxfKkWJx09p,Too Close,Blue,melancholic,https://open.spotify.com/track/5JHbwrC8KTnsxfKkWJx09p
6nWyXg2lleictGNdqxrzFf,Wait Until Tonite,DJ X.O.,melancholic,https://open.spotify.com/track/6nWyXg2lleictGNdqxrzFf
1LTAktjPrsDNa56oVPO5Kv,"Gloomy Star (feat. 1ho & Chan) [From ""Airman Morning Diaries #4""]",Airman,melancholic,https://open.spotify.com/track/1LTAktjPrsDNa56oVPO5Kv
6MA39TGO1UoAXzbN1WSOP5,gloomy forest - slowed,lak1povsky,melancholic,https://open.spotify.com/track/6MA39TGO1UoAXzbN1WSOP5
3uoYGqCLM1Hj79awkNDqpN,gloomy (Slowed),CHERIZEM,melancholic,https://open.spotify.com/track/3uoYGqCLM1Hj79awkNDqpN
0g9fs9sPdfWONY32YzpPIL,Gloomy (Slowed),SlaBik,melancholic,https://open.spotify.com/track/0g9fs9sPdfWONY32YzpPIL
0EyZsgLUJEHE1dn0XJxiui,"Gloomy Weather, Warm Company",chill chill journal,melancholic,https://open.spotify.com/track/0EyZsgLUJEHE1dn0XJxiui
66TQ27YzY5xuxXy4cyDgdp,GLOOMY BRAZIL - Slowed & Reverb,unxvxrse,melancholic,https://open.spotify.com/track/66TQ27YzY5xuxXy4cyDgdp
4fUyiOrp6wewxl1m3Tyw7k,Long Way Home,5 Seconds of Summer,melancholic,https://open.spotify.com/track/4fUyiOrp6wewxl1m3Tyw7k
2aMi7wkUtVZ7QTm6paGgox,LEMME FIND OUT,Bino Rideaux,melancholic,https://open.spotify.com/track/2aMi7wkUtVZ7QTm6paGgox
3KkWGDCb6byHjNYjxBihGK,Habits,NAV,melancholic,https://open.spotify.com/track/3KkWGDCb6byHjNYjxBihGK
4rIgrJI3oJEFN2jEyzLC3n,Beer Taste Good,Casey Donahew,melancholic,https://open.spotify.com/track/4rIgrJI3oJEFN2jEyzLC3n
6LB26gxTRmrR38OZADZcHV,gloomy forest - speed up,lak1povsky,melancholic,https://open.spotify.com/track/6LB26gxTRmrR38OZADZcHV
0cg7mgTyolXQZzOpBe8B0S,Me & Myself,Ollie,melancholic,https://open.spotify.com/track/0cg7mgTyolXQZzOpBe8B0S
5RlNEjPt2kUPtaMDpaNLl7,gloomy sunday (slowed + reverb pt. 2),"NoRIP-E, The Philosopher",melancholic,https://open.spotify.com/track/5RlNEjPt2kUPtaMDpaNLl7
7FGCE7JX5GRs0PJdXpoddW,TIRED OF LOVE SONGS,Rebel G Society,melancholic,https://open.spotify.com/track/7FGCE7JX5GRs0PJdXpoddW
2qMbaqh9zhJTA4frEewbap,gloomy sunday (slowed + reverb),"NoRIP-E, The Philosopher",melancholic,https://open.spotify.com/track/2qMbaqh9zhJTA4frEewbap
22ZJtfFCXtw8tYrnGaGqqy,gloomy sunday (slowed + reverb pt. 2),"NoRIP-E, The Philosopher",melancholic,https://open.spotify.com/track/22ZJtfFCXtw8tYrnGaGqqy
1gTbmofGqIvLTUJHlYsQ8s,"All You, All Night, All Summer",Adam Hambrick,melancholic,https://open.spotify.com/track/1gTbmofGqIvLTUJHlYsQ8s
6f7M5UzYYeLFCMIBQhxk2J,Lặng,Rhymastic,romantic,https://open.spotify.com/track/6f7M5UzYYeLFCMIBQhxk2J
7AjidsPsZxGpKxpdbHUPqa,Think of Me,Tom Kellock,romantic,https://open.spotify.com/track/7AjidsPsZxGpKxpdbHUPqa
4Ids0ZTkGYslAf9DPXpLF4,I Can't Make You Love Me,Tom Kellock,romantic,https://open.spotify.com/track/4Ids0ZTkGYslAf9DPXpLF4
1xgEKRvKO0erYx1JD7YTEO,Is This Love,Whitesnake,romantic,https://open.spotify.com/track/1xgEKRvKO0erYx1JD7YTEO
6C7Ry06XCEfpXSjgND9nh7,Old Photographs,Kaye Malana-Cantong,romantic,https://open.spotify.com/track/6C7Ry06XCEfpXSjgND9nh7
1bCG8ynSzstfMKFWYH7eZU,Tears in Heaven,Tom Kellock,romantic,https://open.spotify.com/track/1bCG8ynSzstfMKFWYH7eZU
46oiHspKloS444z1R8QSUe,If It Makes You Happy,Christian Carmichael,romantic,https://open.spotify.com/track/46oiHspKloS444z1R8QSUe
3XcG6AmivoA1RZQJYRkbJ9,The Best,Christian Carmichael,romantic,https://open.spotify.com/track/3XcG6AmivoA1RZQJYRkbJ9
1mW4jT6jZvnRF1OG9nJhHy,Procuro Olvidarte,Simone,romantic,https://open.spotify.com/track/1mW4jT6jZvnRF1OG9nJhHy
1RARODu6hwSaJLmcV6oedT,Te Conozco,Ricardo Arjona,romantic,https://open.spotify.com/track/1RARODu6hwSaJLmcV6oedT
3LpNOmjxx3Axfvd6WyVtEB,Lập Đông - Ballad,Beta Music,romantic,https://open.spotify.com/track/3LpNOmjxx3Axfvd6WyVtEB
3nxIxbUDPQ7rY0JzvoHQzb,Bài ca tình yêu - Original version,Đinh Mạnh Ninh,romantic,https://open.spotify.com/track/3nxIxbUDPQ7rY0JzvoHQzb
5Hk0Q0OcpAj54CHkQ2J75C,Lost Without Your Love,Kaye Malana-Cantong,romantic,https://open.spotify.com/track/5Hk0Q0OcpAj54CHkQ2J75C
6EZQqllElfRapKcitW1QZk,Beauty and the Beast,Tom Kellock,romantic,https://open.spotify.com/track/6EZQqllElfRapKcitW1QZk
1jVPx8uhbYgtkiasQjGnWn,Give It a Try,Bonfire,romantic,https://open.spotify.com/track/1jVPx8uhbYgtkiasQjGnWn
3nuNdgNMwAZMtt9H87fAaK,A Star,Fine,romantic,https://open.spotify.com/track/3nuNdgNMwAZMtt9H87fAaK
2nueygGmkAc9ix74BV82cB,Romance,Guitarist Văn Vượng,romantic,https://open.spotify.com/track/2nueygGmkAc9ix74BV82cB
1C3edbXJi0XenNYskVpygS,Cho Em Một Lần Yêu - Ballad Version,Ant Entertainment,romantic,https://open.spotify.com/track/1C3edbXJi0XenNYskVpygS
7H6LoRlzYDPDOlQUricDWy,Woman in Love,Christian Carmichael,romantic,https://open.spotify.com/track/7H6LoRlzYDPDOlQUricDWy
3Qib4nFerUJVJv8burPKPn,Have I Told You Lately,Tom Kellock,romantic,https://open.spotify.com/track/3Qib4nFerUJVJv8burPKPn
5DrV3m10HzUkAU6cqFE2rf,Is It Okay If I Call You Mine,Kaye Malana-Cantong,romantic,https://open.spotify.com/track/5DrV3m10HzUkAU6cqFE2rf
3C8HQ87nAzMWBI7YOhSgr4,Romantic Ballads,Maa Kali,romantic,https://open.spotify.com/track/3C8HQ87nAzMWBI7YOhSgr4
71y6PBg69IAQDb94fNfQuE,Romantic Ballads,Anurati Roy,romantic,https://open.spotify.com/track/71y6PBg69IAQDb94fNfQuE
5F7ogp7NeREBDVzw0jLheM,Biết Tìm Đâu - Ballad,Ngân Ngân,romantic,https://open.spotify.com/track/5F7ogp7NeREBDVzw0jLheM
3iah3BMEAP0ZRqcdvHeFi4,Anh Nhớ Em Người Yêu Cũ - Ballad,Ngân Ngân,romantic,https://open.spotify.com/track/3iah3BMEAP0ZRqcdvHeFi4
11AxFBDfeslhGLshI3i042,You're Beautiful,Sergio Mella,romantic,https://open.spotify.com/track/11AxFBDfeslhGLshI3i042
4X4ye8hxO1yF33x98DCYFM,Love Story,Saxo Lê Tấn Quốc,romantic,https://open.spotify.com/track/4X4ye8hxO1yF33x98DCYFM
2bKH51MyabPm4z58KsTt77,Cause I'm Your Lady,Lucia Stone,romantic,https://open.spotify.com/track/2bKH51MyabPm4z58KsTt77
62mM1aTXE82EfVgz6BHopr,It Takes a Man and a Woman,Kaye Malana-Cantong,romantic,https://open.spotify.com/track/62mM1aTXE82EfVgz6BHopr
7AvbPs0Zt9yTyApMoYzk9B,Till There Was You,Sergio Mella,romantic,https://open.spotify.com/track/7AvbPs0Zt9yTyApMoYzk9B
7wAmKGTm2G7CKVJsuG6nIf,Romance D'amour - Love Version,Pianist of Love,romantic,https://open.spotify.com/track/7wAmKGTm2G7CKVJsuG6nIf
7AqAplakO1Kh0g06LcdMyT,Romantic Waltz,Hunter Keys,romantic,https://open.spotify.com/track/7AqAplakO1Kh0g06LcdMyT
4MdJw5HXwwaju40lgkRqX3,Nothing Compares 2 U,Christian Carmichael,romantic,https://open.spotify.com/track/4MdJw5HXwwaju40lgkRqX3
5ruEKhw4hhagmZtJNAd5pp,Love Is All Around,Lee Andre,romantic,https://open.spotify.com/track/5ruEKhw4hhagmZtJNAd5pp
0QNWSEAwxIu4mPm64rrkOp,Luân Vũ Ngày Mưa (Les valse de vienne),Thuỳ Dung,romantic,https://open.spotify.com/track/0QNWSEAwxIu4mPm64rrkOp
02AHqMPPCvPmNF1hUyZa1Q,Our Love (Don't Throw It All Away),Kaye Malana-Cantong,romantic,https://open.spotify.com/track/02AHqMPPCvPmNF1hUyZa1Q
6MU8lw4mwTOwuEnsV74L86,Don't Give up on Us,Kaye Malana-Cantong,romantic,https://open.spotify.com/track/6MU8lw4mwTOwuEnsV74L86
1fQd7TG4rQmDQCY9OXaOS1,Missing You,Billy Chester,romantic,https://open.spotify.com/track/1fQd7TG4rQmDQCY9OXaOS1
4lKY8oaeAyFnn4ZcU3lh09,Đêm Lao Xao - Ballad,Ngân Ngân,romantic,https://open.spotify.com/track/4lKY8oaeAyFnn4ZcU3lh09
2kX7fD2HFHKa323o557bc8,How Deep Is Your Love,Sergio Mella,romantic,https://open.spotify.com/track/2kX7fD2HFHKa323o557bc8
2JrqlM3XRuARebKWohD9fj,Romance,Jazzy Nightfall,romantic,https://open.spotify.com/track/2JrqlM3XRuARebKWohD9fj
3LWq7Qo1dFoCaUL2wtZKly,Listen to Your Heart,Natasha Rodsten,romantic,https://open.spotify.com/track/3LWq7Qo1dFoCaUL2wtZKly
7dEV2TS3CvlnxMHOzzjjWf,Rock Buồn,Ngọc Anh,romantic,https://open.spotify.com/track/7dEV2TS3CvlnxMHOzzjjWf
7bEwRCuqo31aYtZYptCWgZ,It's Hard To Be Tender,London Starlight Orchestra & Singers,romantic,https://open.spotify.com/track/7bEwRCuqo31aYtZYptCWgZ
5gtmgrV0jW8owVONlmbdu0,The Closer I Get to You,Kaye Malana-Cantong,romantic,https://open.spotify.com/track/5gtmgrV0jW8owVONlmbdu0
3jVSpRb6A3FT1BJNPO4ZdV,Ngỡ - Ballad,Ngân Ngân,romantic,https://open.spotify.com/track/3jVSpRb6A3FT1BJNPO4ZdV
4eYWzWKGT6o3qDfYHCQhKS,Ngã Tư Đường - Ballad,Ngân Ngân,romantic,https://open.spotify.com/track/4eYWzWKGT6o3qDfYHCQhKS
3kd81MZmZyM3FM5yQT1A3J,Old Ballad,Cozy Coffee Shop,romantic,https://open.spotify.com/track/3kd81MZmZyM3FM5yQT1A3J
1whN5U4f6Ca1taoNh4OzWt,Đêm Trăng Tình Yêu - Ballad,Đạt Long Vinh,romantic,https://open.spotify.com/track/1whN5U4f6Ca1taoNh4OzWt
4qaEUpfbTWFX5bMVZmocUp,For Your Babies,Sergio Mella,romantic,https://open.spotify.com/track/4qaEUpfbTWFX5bMVZmocUp
7iWSBg3XA8uvYypH5u0Glp,Dream a Little Dream of Me,Sergio Mella,romantic,https://open.spotify.com/track/7iWSBg3XA8uvYypH5u0Glp
1364MhIhJFarePARIMQqQg,I'll Stand by You,Natasha Rodsten,romantic,https://open.spotify.com/track/1364MhIhJFarePARIMQqQg
3b0JIbR6ZkU9YdFRxmcqGj,Just a Love Song,Kaye Malana-Cantong,romantic,https://open.spotify.com/track/3b0JIbR6ZkU9YdFRxmcqGj
4O3i1BAZ1CSFrerchXmnp0,It Must Have Been Love,Ela Shutter,romantic,https://open.spotify.com/track/4O3i1BAZ1CSFrerchXmnp0
5Q7wnZNezbaBvHGZ1hnAwC,Romantic Blues,Soft Music,romantic,https://open.spotify.com/track/5Q7wnZNezbaBvHGZ1hnAwC
2MHecmd0dILhIUiUX0hMi8,What is There to Say,Mitchell Ayres & His Orchestra,romantic,https://open.spotify.com/track/2MHecmd0dILhIUiUX0hMi8
6Letczl5dGTaLuTbA4JhuH,Baby Can I Hold You,Sergio Mella,romantic,https://open.spotify.com/track/6Letczl5dGTaLuTbA4JhuH
77pDVxt33aQUJn3eAIg0uV,Bài Ca Đất Phương Nam,Tố My,romantic,https://open.spotify.com/track/77pDVxt33aQUJn3eAIg0uV
5I6Y1mIXl83eGwf4QyWg33,Classic,Kaye Malana-Cantong,romantic,https://open.spotify.com/track/5I6Y1mIXl83eGwf4QyWg33
4ZFESB058iFXPWgBlOmNQ6,Black Velvet,Lisa Gey,romantic,https://open.spotify.com/track/4ZFESB058iFXPWgBlOmNQ6
37kw2DVFpSXfbIU8Afo1G5,Bài ca tình nhớ,Ý Lan,romantic,https://open.spotify.com/track/37kw2DVFpSXfbIU8Afo1G5
3clZrNLT1A1zoYD6rVQYV6,Without You,Kaye Malana-Cantong,romantic,https://open.spotify.com/track/3clZrNLT1A1zoYD6rVQYV6
7MRwY4k66yM8UUNjqECvVg,I Don't Want to Lose You,Kaye Malana-Cantong,romantic,https://open.spotify.com/track/7MRwY4k66yM8UUNjqECvVg
72Xo9jc8RHWSTXsBfStOOs,Unchained Melody,Sergio Mella,romantic,https://open.spotify.com/track/72Xo9jc8RHWSTXsBfStOOs
40xZPXkwkS2mbZOqPZTZVF,Spending My Time,Christian Carmichael,romantic,https://open.spotify.com/track/40xZPXkwkS2mbZOqPZTZVF
5yNKJqIh1uCtSkoGOjW6wC,You Make Me Feel Brand New,Sergio Mella,romantic,https://open.spotify.com/track/5yNKJqIh1uCtSkoGOjW6wC
7FmXb2zQgCtLjg3FmXlZm5,Liên Khúc Đoạn Tuyệt Album 5 Ca Khúc Của Tác Giả Hoài Nam - Ballad Remix,Góc Phố Ai,romantic,https://open.spotify.com/track/7FmXb2zQgCtLjg3FmXlZm5
36StXauKqTAggy9IVUp8Rd,Nothing Compares 2 U,Natasha Rodsten,romantic,https://open.spotify.com/track/36StXauKqTAggy9IVUp8Rd
1Bn06x44PVCWzQl0ZYGFsc,"Trăng sáng đôi miền (Vũ Thắng Lợi, Trọng Tấn)",Vũ Thắng Lợi,romantic,https://open.spotify.com/track/1Bn06x44PVCWzQl0ZYGFsc
61c7NIVnq6Dm7XkGIc2Zbt,Hai Mùa Noel - Rock Ballad Version,Jan Nguyên MS,romantic,https://open.spotify.com/track/61c7NIVnq6Dm7XkGIc2Zbt
6elMKLyONiSs9Z3l7RG1nF,Ballade Pour Adeline,Sergio Mella,romantic,https://open.spotify.com/track/6elMKLyONiSs9Z3l7RG1nF
3vVqdyIADUExhoQc60MqPT,Save a Prayer - 2009 Remaster,Duran Duran,romantic,https://open.spotify.com/track/3vVqdyIADUExhoQc60MqPT
4m9Pj1jegXcsTAxvx9OPLG,Everywhere,Natasha Rodsten,romantic,https://open.spotify.com/track/4m9Pj1jegXcsTAxvx9OPLG
0u04FjMR2FedXkOQIFUx2r,Think Twice,Lisa Gey,romantic,https://open.spotify.com/track/0u04FjMR2FedXkOQIFUx2r
08CnNzPlK1xcgo5sZx19wy,Bài Hát Tình Yêu,Đức Huy,romantic,https://open.spotify.com/track/08CnNzPlK1xcgo5sZx19wy
4wjpYyLTtN46VdzRi3JUHj,Why Won't You Love Me,Toni Braxton,romantic,https://open.spotify.com/track/4wjpYyLTtN46VdzRi3JUHj
62BixvSCT4XDSonZIiUlBQ,Nhạc Tình Đêm Mưa,Hà Thanh Xuân,romantic,https://open.spotify.com/track/62BixvSCT4XDSonZIiUlBQ
5yyqEVbaA1JTjsdWQ6GMg8,More Than Words,Robbie Heinz,romantic,https://open.spotify.com/track/5yyqEVbaA1JTjsdWQ6GMg8
6qL5UWxRSQYml9O99ozoLv,Love Songs - Bonus,Kaash Paige,romantic,https://open.spotify.com/track/6qL5UWxRSQYml9O99ozoLv
50kpGaPAhYJ3sGmk6vplg0,Love Yourself,Justin Bieber,romantic,https://open.spotify.com/track/50kpGaPAhYJ3sGmk6vplg0
1UNEuG9DYOWiikf00ayr52,Love Me Not,Ravyn Lenae,romantic,https://open.spotify.com/track/1UNEuG9DYOWiikf00ayr52
3W7KHojYGgYaoX9ogKO9hU,Nothing's Gonna Hurt You Baby,Cigarettes After Sex,romantic,https://open.spotify.com/track/3W7KHojYGgYaoX9ogKO9hU
3BnMfPPWs59CVfcQ8CcdfR,begged,Olivia Rodrigo,romantic,https://open.spotify.com/track/3BnMfPPWs59CVfcQ8CcdfR
0th0fyFczXLhfdKIEmyhEU,R&B All Night,KnowKnow,romantic,https://open.spotify.com/track/0th0fyFczXLhfdKIEmyhEU
4WFgvKVfEhb3IUAFGrutTR,Love Me Not,Ravyn Lenae,romantic,https://open.spotify.com/track/4WFgvKVfEhb3IUAFGrutTR
2wM7umhsdzsrJXg9E8kMMA,R&B ME (Feat. Changbin of Stray Kids),JUN. K,romantic,https://open.spotify.com/track/2wM7umhsdzsrJXg9E8kMMA
7lrAsaTw9CTh5uSr0fvHOd,Step In the Name of Love - Remix,R. Kelly,romantic,https://open.spotify.com/track/7lrAsaTw9CTh5uSr0fvHOd
0wBXJiZbbWDzsoZRtQaUGD,Nite N Day (feat. Babyfxce E & 1up Tee) [Bonus],Luhh Dyl,romantic,https://open.spotify.com/track/0wBXJiZbbWDzsoZRtQaUGD
0W4NhJhcqKCqEP2GIpDCDq,Love,Keyshia Cole,romantic,https://open.spotify.com/track/0W4NhJhcqKCqEP2GIpDCDq
0IaQqjhhn7Ls6jSQX2MoQ1,LOVE SOMEBODY (feat. Coolkid & Puppy),RAP VIỆT,romantic,https://open.spotify.com/track/0IaQqjhhn7Ls6jSQX2MoQ1
0u2P5u6lvoDfwTYjAADbn4,lovely (with Khalid),Billie Eilish,romantic,https://open.spotify.com/track/0u2P5u6lvoDfwTYjAADbn4
7sc90lOLQuoPWd4CTMTV5q,R&B Thug,R. Kelly,romantic,https://open.spotify.com/track/7sc90lOLQuoPWd4CTMTV5q
4P8t48ZG1miuAzz16QqSf4,Nite N Day (feat. Babyfxce E & 1up Tee) [Bonus],Luhh Dyl,romantic,https://open.spotify.com/track/4P8t48ZG1miuAzz16QqSf4
6dBUzqjtbnIa1TwYbyw5CM,Lovers Rock,TV Girl,romantic,https://open.spotify.com/track/6dBUzqjtbnIa1TwYbyw5CM
3ld1FzyNgpZwGn4h9cOXrq,Love Me Not (feat. Rex Orange County),Ravyn Lenae,romantic,https://open.spotify.com/track/3ld1FzyNgpZwGn4h9cOXrq
5oO3drDxtziYU2H1X23ZIp,Love On The Brain,Rihanna,romantic,https://open.spotify.com/track/5oO3drDxtziYU2H1X23ZIp
2nr2QnF7ffu2yTjNVtVBcs,Last time,Dangrangto,romantic,https://open.spotify.com/track/2nr2QnF7ffu2yTjNVtVBcs
2Q21kSWWasNnpGTHfJYl1C,Sweet Love,CONGB,romantic,https://open.spotify.com/track/2Q21kSWWasNnpGTHfJYl1C
0Y2QAFRdkzrNAJDPJ5lATF,Talk of the Town,Fred again..,romantic,https://open.spotify.com/track/0Y2QAFRdkzrNAJDPJ5lATF
6euh6chaRsi3Ywb1gA9LlO,MVP,Russ,romantic,https://open.spotify.com/track/6euh6chaRsi3Ywb1gA9LlO
1O8jgjoGRcRwcD4QPQbz8S,Talk of the Town,Fred again..,romantic,https://open.spotify.com/track/1O8jgjoGRcRwcD4QPQbz8S
270qVYB3n1zKoiTQGZ7vjZ,Cold Hearted World 3,Nines,romantic,https://open.spotify.com/track/270qVYB3n1zKoiTQGZ7vjZ
0laYHRpNTS6i8FXdupHkJ4,Love You Like A Love Song,Selena Gomez & The Scene,romantic,https://open.spotify.com/track/0laYHRpNTS6i8FXdupHkJ4
2XHzzp1j4IfTNp1FTn7YFg,Love Me,Lil Wayne,romantic,https://open.spotify.com/track/2XHzzp1j4IfTNp1FTn7YFg
1dGr1c8CrMLDpV6mPbImSI,Lover,Taylor Swift,romantic,https://open.spotify.com/track/1dGr1c8CrMLDpV6mPbImSI
09YuacyyW9Z6QvTbOfAHUk,Y6U,Rhymastic,romantic,https://open.spotify.com/track/09YuacyyW9Z6QvTbOfAHUk
7aQjPecQdIuNd1sz3KCDhD,Lovefool,The Cardigans,romantic,https://open.spotify.com/track/7aQjPecQdIuNd1sz3KCDhD
5qmJIlMbH22MJjlEjlFAPX,Love Me Again,林佳辰,romantic,https://open.spotify.com/track/5qmJIlMbH22MJjlEjlFAPX
6B2FtBtIds4rqeLPTW0D76,Outfit (with 21 Savage),Lil Baby,romantic,https://open.spotify.com/track/6B2FtBtIds4rqeLPTW0D76
7IkZpSOJKGXCGhqAvHs7FG,Nautilus,Shindy,romantic,https://open.spotify.com/track/7IkZpSOJKGXCGhqAvHs7FG
5F7caGhe84C6ONva5S8yXF,Dreams,The Game,romantic,https://open.spotify.com/track/5F7caGhe84C6ONva5S8yXF
5EFczt9dqrCu60udoD41Yy,Love Songs - Remix,Kaash Paige,romantic,https://open.spotify.com/track/5EFczt9dqrCu60udoD41Yy
0lYBSQXN6rCTvUZvg9S0lU,Let Me Love You,DJ Snake,romantic,https://open.spotify.com/track/0lYBSQXN6rCTvUZvg9S0lU
1PtQJZVZIdWIYdARpZRDFO,Running Up That Hill (A Deal With God),Kate Bush,romantic,https://open.spotify.com/track/1PtQJZVZIdWIYdARpZRDFO
3vQ4T78TTMOjQXGfXVKQJo,Redbone,Childish Gambino,romantic,https://open.spotify.com/track/3vQ4T78TTMOjQXGfXVKQJo
3Zf0BzU8CPFyyGAXtoSf5p,I Love The Way You Love Me,Boyzone,romantic,https://open.spotify.com/track/3Zf0BzU8CPFyyGAXtoSf5p
1i9lZvlaDdWDPyXEE95aiq,TELEKINESIS (feat. SZA & Future),Travis Scott,romantic,https://open.spotify.com/track/1i9lZvlaDdWDPyXEE95aiq
05UzmrLWBaFx6mKdVXwVt2,Cloud nine,JAY B,romantic,https://open.spotify.com/track/05UzmrLWBaFx6mKdVXwVt2
61fT12l0R16DiB9dd4zkfy,Just Playing (Dreams) - 2005 Remaster,The Notorious B.I.G.,romantic,https://open.spotify.com/track/61fT12l0R16DiB9dd4zkfy
6gqVKsZLPd8Lk2j0SPJ422,Love Songs - Remix,Kaash Paige,romantic,https://open.spotify.com/track/6gqVKsZLPd8Lk2j0SPJ422
5Mk1tgVrSuoWWwPVFNS0jB,Loveeeeeee Song,Rihanna,romantic,https://open.spotify.com/track/5Mk1tgVrSuoWWwPVFNS0jB
06RYQJ7vyC3qyKmH6I6cev,Love Songs,Kaash Paige,romantic,https://open.spotify.com/track/06RYQJ7vyC3qyKmH6I6cev
1lOe9qE0vR9zwWQAOk6CoO,Ransom,Lil Tecca,romantic,https://open.spotify.com/track/1lOe9qE0vR9zwWQAOk6CoO
0bRXwKfigvpKZUurwqAlEh,Lovely Day,Bill Withers,romantic,https://open.spotify.com/track/0bRXwKfigvpKZUurwqAlEh
6vb7pqjfeoccALgALAsEax,Step In the Name of Love - Remix,R. Kelly,romantic,https://open.spotify.com/track/6vb7pqjfeoccALgALAsEax
3A4cpTBPaIQdtPFb5JxtaX,Slow Jamz,Twista,romantic,https://open.spotify.com/track/3A4cpTBPaIQdtPFb5JxtaX
1mEQbSq0PCNjyL6oMgHKFQ,LOVE SONG,Justin Bieber,romantic,https://open.spotify.com/track/1mEQbSq0PCNjyL6oMgHKFQ
2duvkmcQAezPigFEGlERuA,begged,Olivia Rodrigo,romantic,https://open.spotify.com/track/2duvkmcQAezPigFEGlERuA
45Egmo7icyopuzJN0oMEdk,Love Lies,Khalid,romantic,https://open.spotify.com/track/45Egmo7icyopuzJN0oMEdk
5j0McHPthKpOXRr3fBq8M0,Love in This Club (feat. Young Jeezy),USHER,romantic,https://open.spotify.com/track/5j0McHPthKpOXRr3fBq8M0
6mxKWahJzbv7SVF8nkZwLT,Outfit (with 21 Savage),Lil Baby,romantic,https://open.spotify.com/track/6mxKWahJzbv7SVF8nkZwLT
2Z3FJeBcVlWVVi1QYqAUJn,ur friends,lavi kou,romantic,https://open.spotify.com/track/2Z3FJeBcVlWVVi1QYqAUJn
3JVTsvTldB6arHVlmxmTnM,Company (feat. Future),24kGoldn,romantic,https://open.spotify.com/track/3JVTsvTldB6arHVlmxmTnM
7opPwFWIXOq3aJfJ3wNWWq,Tetris,DaCav5,romantic,https://open.spotify.com/track/7opPwFWIXOq3aJfJ3wNWWq
0tziUvXJBqjdmV8gWxOjfV,Love Songs,Kaash Paige,romantic,https://open.spotify.com/track/0tziUvXJBqjdmV8gWxOjfV
7rAr4Ai9dysthnfNRRC55Q,Bring Your Love,Madonna,romantic,https://open.spotify.com/track/7rAr4Ai9dysthnfNRRC55Q
3OzCF9i6Ey7EkkAYJztmKp,Bad At Love,Halsey,romantic,https://open.spotify.com/track/3OzCF9i6Ey7EkkAYJztmKp
2hrUO4drrO63i7FYbCLBl2,Rockabye (feat. Sean Paul & Anne-Marie),Clean Bandit,romantic,https://open.spotify.com/track/2hrUO4drrO63i7FYbCLBl2
19UHihdNXBwYEMcD3fw2s7,Love 1216,Thịnh Suy,romantic,https://open.spotify.com/track/19UHihdNXBwYEMcD3fw2s7
1AGYWoWugOiOwKBNbspBWk,I Love The Way You Love Me,Boyzone,romantic,https://open.spotify.com/track/1AGYWoWugOiOwKBNbspBWk
0rWF5FdQvfQD46gLME2Zx9,pink bubblegum,lavi kou,romantic,https://open.spotify.com/track/0rWF5FdQvfQD46gLME2Zx9
2TMmxS4qWwfZ5h2xwaDFsY,George Bondo (feat. Conway the Machine & Benny The Butcher),Westside Gunn,romantic,https://open.spotify.com/track/2TMmxS4qWwfZ5h2xwaDFsY
3zHq9ouUJQFQRf3cm1rRLu,"Love Me Like You Do - From ""Fifty Shades Of Grey""",Ellie Goulding,romantic,https://open.spotify.com/track/3zHq9ouUJQFQRf3cm1rRLu
6nGeLlakfzlBcFdZXteDq7,Love Story,Indila,romantic,https://open.spotify.com/track/6nGeLlakfzlBcFdZXteDq7
6gH4TId535zZLoBFSdnDFm,Love Me,JMSN,romantic,https://open.spotify.com/track/6gH4TId535zZLoBFSdnDFm
0Z57YWES04xGh3AImDz6Qr,Real Love Baby,Father John Misty,romantic,https://open.spotify.com/track/0Z57YWES04xGh3AImDz6Qr
3ivJymJnoceuUUe7wTP6m4,To Live & Die In L.A.,2Pac,romantic,https://open.spotify.com/track/3ivJymJnoceuUUe7wTP6m4
4W8hCr8DuzuTkvDj895CeZ,PARK CHINOIS,K-Trap,romantic,https://open.spotify.com/track/4W8hCr8DuzuTkvDj895CeZ
43JSZNyRzLa3nD9W0hfD48,Nuttin' But Love,Heavy D & The Boyz,romantic,https://open.spotify.com/track/43JSZNyRzLa3nD9W0hfD48
1boHm9rjmvzxpJASd9dnGK,Slow Jamz (feat. Kanye West & Jamie Foxx),Twista,romantic,https://open.spotify.com/track/1boHm9rjmvzxpJASd9dnGK
1D4PL9B8gOg78jiHg3FvBb,Love Story,Taylor Swift,romantic,https://open.spotify.com/track/1D4PL9B8gOg78jiHg3FvBb
7wZUrN8oemZfsEd1CGkbXE,Bleeding Love,Leona Lewis,romantic,https://open.spotify.com/track/7wZUrN8oemZfsEd1CGkbXE
0q75NwOoFiARAVp4EXU4Bs,Love Galore (feat. Travis Scott),SZA,romantic,https://open.spotify.com/track/0q75NwOoFiARAVp4EXU4Bs
1eDI5oU04SLsXl0TfxfwYf,Love Me JeJe,Tems,romantic,https://open.spotify.com/track/1eDI5oU04SLsXl0TfxfwYf
5PY5pZzVXZvnwhrj7bt5Y0,Vô Giá - R&B Version,Lâng,romantic,https://open.spotify.com/track/5PY5pZzVXZvnwhrj7bt5Y0
5SxE7oAsXqfVhr6tvdTBIL,Pretty Girls Like R&B,Aaron Page,romantic,https://open.spotify.com/track/5SxE7oAsXqfVhr6tvdTBIL
11MhCaSeL9ei6OcBGCkfp4,明天 (feat. 袁娅维TIA RAY),Masiwei,romantic,https://open.spotify.com/track/11MhCaSeL9ei6OcBGCkfp4
2GtFOkArU10Lr11BbVKl28,Step in the Name of Love - Remix - Radio Edit,R. Kelly,romantic,https://open.spotify.com/track/2GtFOkArU10Lr11BbVKl28
1oDDnv2bkupCm5n7LKlVLO,My Romance,Cozy Coffee Shop,romantic,https://open.spotify.com/track/1oDDnv2bkupCm5n7LKlVLO
4tMVgNhHAj0b743NZ2640Q,Date Night,Jazz Music Lovers Club,romantic,https://open.spotify.com/track/4tMVgNhHAj0b743NZ2640Q
5Nu3AA0xnzBKgc2BlSAOIm,Cozy Nights,40Jxy,romantic,https://open.spotify.com/track/5Nu3AA0xnzBKgc2BlSAOIm
29GyG0MJIyRfbRv5nSZ9is,Reminders,Mariah the Scientist,romantic,https://open.spotify.com/track/29GyG0MJIyRfbRv5nSZ9is
5Zd6VJhlVOlVp3Bwp1vgnn,Night Date in Paris,Cozy Jazz Ambience,romantic,https://open.spotify.com/track/5Zd6VJhlVOlVp3Bwp1vgnn
3rRdLgBuUu5rpLPusvgCLZ,Reminders,Mariah the Scientist,romantic,https://open.spotify.com/track/3rRdLgBuUu5rpLPusvgCLZ
2XJ0M5v104BXGcDDlItm9v,City Lights,Nujabes,romantic,https://open.spotify.com/track/2XJ0M5v104BXGcDDlItm9v
6Kj8zBlHIoNp6eGfP6UPWj,Night Date in Paris,Noah Tremont,romantic,https://open.spotify.com/track/6Kj8zBlHIoNp6eGfP6UPWj
74bq4cvAewqBA5D9Yglzpe,Cozy Ballad,Jazz Night Music Paradise,romantic,https://open.spotify.com/track/74bq4cvAewqBA5D9Yglzpe
7b9Vb3YigciRcg7hLAC1Ie,Cozy Night for Two,Smooth Jazz Music Ensemble,romantic,https://open.spotify.com/track/7b9Vb3YigciRcg7hLAC1Ie
2VG52GWiXf7ghP20NJOdpD,Those Peaceful Nights,Cozy Coffee Shop,romantic,https://open.spotify.com/track/2VG52GWiXf7ghP20NJOdpD
7jVEnYflx4IrFJ8A5R8f1h,A Gentle Reminder,Cozy Coffee Shop,romantic,https://open.spotify.com/track/7jVEnYflx4IrFJ8A5R8f1h
0do2GvysPS4YFtCsWipYZu,Jazz Noir for a Cozy Date Night,Golden Ourz,romantic,https://open.spotify.com/track/0do2GvysPS4YFtCsWipYZu
0mFLOWakblOug05Iv69HUw,"ASMR Mommy Girlfriend Cuddles With You - script by echo-writing - F4A, Mommy Girlfriend, Pt. 3",Xarty VA,romantic,https://open.spotify.com/track/0mFLOWakblOug05Iv69HUw
0cNZDc0JOXCKBcNhav7ppq,Cozy Night,Cune Music,romantic,https://open.spotify.com/track/0cNZDc0JOXCKBcNhav7ppq
7lb6L37akYoOpgVbz0rCjk,Cozy Night for Two,Love Music Zone,romantic,https://open.spotify.com/track/7lb6L37akYoOpgVbz0rCjk
25PzRnT6p9PErueaJtA8ML,Soul Mate,Sainté,romantic,https://open.spotify.com/track/25PzRnT6p9PErueaJtA8ML
3I2YU7E6fnSHW8Lli26uw9,Bing Crosby,Jeff Wayne,romantic,https://open.spotify.com/track/3I2YU7E6fnSHW8Lli26uw9
1ur4aTgLgg29ZgyJ8GWVvr,Soft Days Together,Tom Media,romantic,https://open.spotify.com/track/1ur4aTgLgg29ZgyJ8GWVvr
19l2tan1roLPwSW6E0gWun,My First Choice,Cozy Coffee Shop,romantic,https://open.spotify.com/track/19l2tan1roLPwSW6E0gWun
3TGxwWNbP0cyuFvuGQV58d,A Gentle Reminder,Cozy Coffee Shop,romantic,https://open.spotify.com/track/3TGxwWNbP0cyuFvuGQV58d
38vSWT97D9hEAJNTDT4Iqd,Cozy November Jazz,Instrumental Jazz Music Ambient,romantic,https://open.spotify.com/track/38vSWT97D9hEAJNTDT4Iqd
1M6M9D7GuKEdYS7ePe0igT,Cozy Sunday Lounge,Kaia Caresson,romantic,https://open.spotify.com/track/1M6M9D7GuKEdYS7ePe0igT
4odeiQbEUvBNsLMD0CzbVj,Cozy Comedy,Comedy Lounge Jazz,romantic,https://open.spotify.com/track/4odeiQbEUvBNsLMD0CzbVj
7lOpsA5O42Wkjlrt9YKO7w,Jumping Coffin,Aesop Rock,romantic,https://open.spotify.com/track/7lOpsA5O42Wkjlrt9YKO7w
2sLTyF6TEFsURJvMudHAlL,"ON THE RADAR CONCRETE CYPHER (feat. Lil Yachty, Camo!, KARRAHBOOO, Dc2trill, Draft Day)",Concrete Boys,romantic,https://open.spotify.com/track/2sLTyF6TEFsURJvMudHAlL
4kiKrp7xbWCHXxrr5oziUb,They Reminisce Over You,Pete Rock & C.L. Smooth,romantic,https://open.spotify.com/track/4kiKrp7xbWCHXxrr5oziUb
7MsQslYzysyxhlHyFr6fIb,Sweet Smiles in the Night,Cozy Coffee Shop,romantic,https://open.spotify.com/track/7MsQslYzysyxhlHyFr6fIb
2a3uOhm6Cz5z8BRZpmYZcO,Moonrays,Cozy Coffee Shop,romantic,https://open.spotify.com/track/2a3uOhm6Cz5z8BRZpmYZcO
2XGsnKaRd0DVbiRUhXEeEr,Classic Date Night,Cozy Lounge Jazz,romantic,https://open.spotify.com/track/2XGsnKaRd0DVbiRUhXEeEr
6zQ8vA5JyzhsPWsdpqOspr,On The Street Where You Live,Cozy Coffee Shop,romantic,https://open.spotify.com/track/6zQ8vA5JyzhsPWsdpqOspr
2CuLV0vjrq6KY3QA12t5Ot,Warm Date Night,Soft Instrumental Stories,romantic,https://open.spotify.com/track/2CuLV0vjrq6KY3QA12t5Ot
0Q8YvWlhmogZmh4oG4SvEW,That Night,Romantic Restaurant Music Crew,romantic,https://open.spotify.com/track/0Q8YvWlhmogZmh4oG4SvEW
5uNuXw1VtZEqMOdcQe1vN0,They Reminisce Over You,Pete Rock,romantic,https://open.spotify.com/track/5uNuXw1VtZEqMOdcQe1vN0
4Qb2FKzmyPiKCpXTspySnU,Winter's Warmth,DJ yog,romantic,https://open.spotify.com/track/4Qb2FKzmyPiKCpXTspySnU
2momaM3jvxfrd0Mvq2Icgv,They Reminisce Over You (T.R.O.Y.),Pete Rock & C.L. Smooth,romantic,https://open.spotify.com/track/2momaM3jvxfrd0Mvq2Icgv
22Fl8Crf9GWkgzjgkilehu,A Gentle Reminder,Cozy Coffee Shop,romantic,https://open.spotify.com/track/22Fl8Crf9GWkgzjgkilehu
0tIXEBwNisMoYAE1HsBzQz,Daybreak Cafe,Tom Media,romantic,https://open.spotify.com/track/0tIXEBwNisMoYAE1HsBzQz
24GvAw2vYHnEPZYdjzRvLX,Passionate Night,Little Jazz Project,romantic,https://open.spotify.com/track/24GvAw2vYHnEPZYdjzRvLX
1fxrSpk0w66zue5M2Tu6T0,Cozy Fire,Jazzscape Symphony,romantic,https://open.spotify.com/track/1fxrSpk0w66zue5M2Tu6T0
6dVgGZYe59yi1Ko8KIvbgz,Sensual Night,Little Jazz Project,romantic,https://open.spotify.com/track/6dVgGZYe59yi1Ko8KIvbgz
2NAk62QshoBZwmvrOlaHmc,Goodbye Honey,Jazz Night Music Paradise,romantic,https://open.spotify.com/track/2NAk62QshoBZwmvrOlaHmc
2Mb3zpobD0CvJGWv6NpsPy,They Reminisce Over You (T.R.O.Y.),Pete Rock & C.L. Smooth,romantic,https://open.spotify.com/track/2Mb3zpobD0CvJGWv6NpsPy
4OYhFy8YZynglAS15Jj1Aq,They Reminisce Over You,Pete Rock,romantic,https://open.spotify.com/track/4OYhFy8YZynglAS15Jj1Aq
3ijhjCvdsSwUnq3eUxvNfP,They Reminisce Over You,Pete Rock,romantic,https://open.spotify.com/track/3ijhjCvdsSwUnq3eUxvNfP
3Li3JsJJ6qN0UC47ueewVY,They Reminisce Over You,Pete Rock,romantic,https://open.spotify.com/track/3Li3JsJJ6qN0UC47ueewVY
7A8BwkIA9nHnBpHAKatALQ,A Cozy Night,Jazzy Coffee,romantic,https://open.spotify.com/track/7A8BwkIA9nHnBpHAKatALQ
5VlFL29ZzLEvLLPxcInuPD,Cozy Midnight Glow,Tom Media,romantic,https://open.spotify.com/track/5VlFL29ZzLEvLLPxcInuPD
65kCBrHY8aAJw5TQoJAHQt,Sweet And Lovely,Cozy Coffee Shop,romantic,https://open.spotify.com/track/65kCBrHY8aAJw5TQoJAHQt
63yaOu3t3RDKyGhqD21cEF,Slowly Moving,Jazz Night Music Paradise,romantic,https://open.spotify.com/track/63yaOu3t3RDKyGhqD21cEF
1JJDC8GLbFx6IYDFbzuHMP,Stay with Me,Jazz Night Music Paradise,romantic,https://open.spotify.com/track/1JJDC8GLbFx6IYDFbzuHMP
3pSY4wtKRjRk1JrvuVBeIB,They Reminisce Over You,Pete Rock,romantic,https://open.spotify.com/track/3pSY4wtKRjRk1JrvuVBeIB
5StckOwvlurwAAhtr7hThz,So Warm,Jazz Night Music Paradise,romantic,https://open.spotify.com/track/5StckOwvlurwAAhtr7hThz
1ZSOvJpgOXuSJo1rW0cI8o,Twinflames,Jazz Night Music Paradise,romantic,https://open.spotify.com/track/1ZSOvJpgOXuSJo1rW0cI8o
6Mob3JRjx3ibfGekkg3xiS,They Reminisce Over You,C.L. Smooth,romantic,https://open.spotify.com/track/6Mob3JRjx3ibfGekkg3xiS
2C2B1WGbP2axNwxxMfCzGq,Forward Compatibility Engine,Aesop Rock,romantic,https://open.spotify.com/track/2C2B1WGbP2axNwxxMfCzGq
2h79GHg7LU3T61nhATo83U,Sweet Jazz,Cozy Bedroom,romantic,https://open.spotify.com/track/2h79GHg7LU3T61nhATo83U
6GMrkiJX9xSSBuywYS4Bm6,Stay With Me,Tom Media,romantic,https://open.spotify.com/track/6GMrkiJX9xSSBuywYS4Bm6
4tnjvbbdSuWOH6wqEkMyhF,So Tight,Jazz Night Music Paradise,romantic,https://open.spotify.com/track/4tnjvbbdSuWOH6wqEkMyhF
7i5G8O8RBwFOyIbCoVuXl5,Day & Night,Love Music Zone,romantic,https://open.spotify.com/track/7i5G8O8RBwFOyIbCoVuXl5
1v92bm7qP9w6NtlmYSBb9w,My Love,Jazz Night Music Paradise,romantic,https://open.spotify.com/track/1v92bm7qP9w6NtlmYSBb9w
7vw86wsAcZMMWdFfNj6e0c,Landlord Elijah,Pan Amsterdam,romantic,https://open.spotify.com/track/7vw86wsAcZMMWdFfNj6e0c
5qoKDWOlWppa1ThrzYfzA8,Apple Pie,Mindtimisy,romantic,https://open.spotify.com/track/5qoKDWOlWppa1ThrzYfzA8
59gQVFzcSSlHOoMFcW3WBl,One for the Road,Paul Gilbert,romantic,https://open.spotify.com/track/59gQVFzcSSlHOoMFcW3WBl
70HR1M0sDqCZQ7UJ2xAvvr,They Reminisce Over You,Pete Rock & C.L. Smooth,romantic,https://open.spotify.com/track/70HR1M0sDqCZQ7UJ2xAvvr
2kTB9lrIsDZF6vsSMsxXIP,Cozy Bedroom,Cozy Apartment,romantic,https://open.spotify.com/track/2kTB9lrIsDZF6vsSMsxXIP
7hk5laZmzp8saIqzWNQF4g,Sweet Moments,Tom Media,romantic,https://open.spotify.com/track/7hk5laZmzp8saIqzWNQF4g
0sjhPgo54DSuWG0rgO40U8,Romantic Date Lofi Chill,Ev's Lofi,romantic,https://open.spotify.com/track/0sjhPgo54DSuWG0rgO40U8
65mosJDvtP4KidcMPXgyF0,Unhurried Evening,Jazz Sax Lounge Collection,romantic,https://open.spotify.com/track/65mosJDvtP4KidcMPXgyF0
2z7yriMfYYDPGCFwNElvkV,Pleasant Atmosphere,Jazz Sax Lounge Collection,romantic,https://open.spotify.com/track/2z7yriMfYYDPGCFwNElvkV
5YQgUL8gKBSDxwuE9yjUTg,Sexy Lounge Music Chillout,Jazz Sax Lounge Collection,romantic,https://open.spotify.com/track/5YQgUL8gKBSDxwuE9yjUTg
1vd6RAAMj6SZyXFKtsW2jl,The Interview,The Smashing Pumpkins,romantic,https://open.spotify.com/track/1vd6RAAMj6SZyXFKtsW2jl
2piJFlpb1kFrvNsgTj9lNY,First Date (Intro),KXNG EEZY,romantic,https://open.spotify.com/track/2piJFlpb1kFrvNsgTj9lNY
071oewnpyKhhrrGKKNEOGb,Call Me Inspired,Miles Santini,romantic,https://open.spotify.com/track/071oewnpyKhhrrGKKNEOGb
1AdUPNCEN5MnY15BjbzFVO,Dinner Date Jazz,Vintage Cafe,romantic,https://open.spotify.com/track/1AdUPNCEN5MnY15BjbzFVO
3CnBBbnBMmGur0dVjSw0Rb,Night Rythm,Cozy Bedroom,romantic,https://open.spotify.com/track/3CnBBbnBMmGur0dVjSw0Rb
6AawiSZLBgMkWTngcx99Vc,Stay With Me Tonight,Cozy Apartment,romantic,https://open.spotify.com/track/6AawiSZLBgMkWTngcx99Vc
4vIsURZL8NP1yN8uGTuFlY,Erothic Bedroom,Jazz Sax Lounge Collection,romantic,https://open.spotify.com/track/4vIsURZL8NP1yN8uGTuFlY
0u7WQpHIUgTLWjLBvBvYoW,Intimacy Magic Time,Jazz Sax Lounge Collection,romantic,https://open.spotify.com/track/0u7WQpHIUgTLWjLBvBvYoW
39zextFm4Oz34tgogtfrmB,"Blissful Time, Love & Emotions",Love Jazz Zone,romantic,https://open.spotify.com/track/39zextFm4Oz34tgogtfrmB
4Hbydftcjbyt6kXdkU6Sry,Calm Soul Jazz,Sexual Music Collection,romantic,https://open.spotify.com/track/4Hbydftcjbyt6kXdkU6Sry
6UpsS6SWNvDeQg7MSXKeOe,Juzz in My Chest,OFFHOUR,romantic,https://open.spotify.com/track/6UpsS6SWNvDeQg7MSXKeOe
3TzBtzdaMEGcLAErgHE6pM,They Reminisce Over You (T.R.O.Y.),Pete Rock & C.L. Smooth,romantic,https://open.spotify.com/track/3TzBtzdaMEGcLAErgHE6pM
6vXZavOcI1Ql37X9jZmwip,They Reminisce over You (T.R.O.Y.) - Vibes Mix,Pete Rock & C.L. Smooth,romantic,https://open.spotify.com/track/6vXZavOcI1Ql37X9jZmwip
2HCvLQooNWGmRJ56KxuFlP,Date Night Jazz by the Window,Frankie Lounge,romantic,https://open.spotify.com/track/2HCvLQooNWGmRJ56KxuFlP
2cMK0zWhc1P11gqb9HgpA3,Date Night,Lō-fÿkkø,romantic,https://open.spotify.com/track/2cMK0zWhc1P11gqb9HgpA3
6vlbjv1RRjsLy8ylrwtrjr,Romantic Dinner Jazz Mood,Ønejazz,romantic,https://open.spotify.com/track/6vlbjv1RRjsLy8ylrwtrjr
1X18IDrvxpum1VJTkdknd9,Love at Midnight,Love Jazz Zone,romantic,https://open.spotify.com/track/1X18IDrvxpum1VJTkdknd9
3oxxnYafYfPar2bcCU87jg,Pass Me the Jazz,The Real Group,romantic,https://open.spotify.com/track/3oxxnYafYfPar2bcCU87jg
3qjviw4o1nxDcnbNPa08Nl,Tantra & Pleasure,Love Jazz Zone,romantic,https://open.spotify.com/track/3qjviw4o1nxDcnbNPa08Nl
5QsE84RNg9bvtzRuY4mbst,Private Moments,Love Jazz Zone,romantic,https://open.spotify.com/track/5QsE84RNg9bvtzRuY4mbst
6mGLQd2xn21bShH0YRO8Hp,Dancing on the Rooftop,The Life of Pearls,romantic,https://open.spotify.com/track/6mGLQd2xn21bShH0YRO8Hp
7dYvqMkoKjaX5yi2iAqrZ2,They Reminisce Over You (T.R.O.Y.),Pete Rock & C.L. Smooth,romantic,https://open.spotify.com/track/7dYvqMkoKjaX5yi2iAqrZ2
0PADopz59WBUMpcTMpgfNL,Forward Compatibility Engine,Aesop Rock,romantic,https://open.spotify.com/track/0PADopz59WBUMpcTMpgfNL
018AF1LkPscpM2Vl1DOr0h,The Mummy Theme,The City of Prague Philharmonic Orchestra,cinematic,https://open.spotify.com/track/018AF1LkPscpM2Vl1DOr0h
5vlFQjnX5BjrqtOTR7aVCK,Gladiator Theme,The City of Prague Philharmonic Orchestra,cinematic,https://open.spotify.com/track/5vlFQjnX5BjrqtOTR7aVCK
321ZFqMZGTBVPFqD0j2PQ3,One Night Only - Highlights Version,Jennifer Hudson,cinematic,https://open.spotify.com/track/321ZFqMZGTBVPFqD0j2PQ3
1hY60LJWE6B9gHV1Oi9kE5,"The Goonies 'R' Good Enough - From ""The Goonies"" Soundtrack",Cyndi Lauper,cinematic,https://open.spotify.com/track/1hY60LJWE6B9gHV1Oi9kE5
2yfU54f4pguJe9kFhqlxvo,The Dark Knight - A Watchful Guardian,London Music Works,cinematic,https://open.spotify.com/track/2yfU54f4pguJe9kFhqlxvo
60Xoti1ZEVOxUm7iR1NMdq,Singsing,Ex Battalion,cinematic,https://open.spotify.com/track/60Xoti1ZEVOxUm7iR1NMdq
7zoZd2MuTaQEdF1rlq6Vv1,Like That Bitch,Flo Milli,cinematic,https://open.spotify.com/track/7zoZd2MuTaQEdF1rlq6Vv1
4O6ZaZrRCFfiZZKjnrXqlk,That Thing You Do!,The Wonders,cinematic,https://open.spotify.com/track/4O6ZaZrRCFfiZZKjnrXqlk
5xSg6JHYUn6sSe620zE7Ay,low,HADI,cinematic,https://open.spotify.com/track/5xSg6JHYUn6sSe620zE7Ay
0y1RrtxmKVY5Uv98468ItL,"Singsing - From ""Abay Babes""",Ex Battalion,cinematic,https://open.spotify.com/track/0y1RrtxmKVY5Uv98468ItL
5XVWHHbxVricopU2bKp5a4,Epic Cinematic Dramatic Adventure Trailer,Romansenykmusic,cinematic,https://open.spotify.com/track/5XVWHHbxVricopU2bKp5a4
6kB9mxuJAeXdBlFBx7EdpQ,Star Wars Throne Room,The City of Prague Philharmonic Orchestra,cinematic,https://open.spotify.com/track/6kB9mxuJAeXdBlFBx7EdpQ
7H9FYo4d8LvSMs7iUCcg5B,Attack of the Clones - Across the Stars,The City of Prague Philharmonic Orchestra,cinematic,https://open.spotify.com/track/7H9FYo4d8LvSMs7iUCcg5B
5Zr3P2o8kfqUMyULWMvV0f,Angel Wing Paradise,Anarchy 99,cinematic,https://open.spotify.com/track/5Zr3P2o8kfqUMyULWMvV0f
0aKAV3r05KViNXmUEZARZy,"The Goonies 'R' Good Enough - From ""The Goonies"" Soundtrack",Cyndi Lauper,cinematic,https://open.spotify.com/track/0aKAV3r05KViNXmUEZARZy
0WArU9Oo0GLuDKa8BQAYZO,Headaches,Babsy.,cinematic,https://open.spotify.com/track/0WArU9Oo0GLuDKa8BQAYZO
1px9mhgWWt5R8iZadd5AOh,Look Out For Number One,Thomas Faragher,cinematic,https://open.spotify.com/track/1px9mhgWWt5R8iZadd5AOh
04ZXHE7W89Q3AKzSTG24iG,Epic Powerful,DensoMusic,cinematic,https://open.spotify.com/track/04ZXHE7W89Q3AKzSTG24iG
6GANVgQuSn3g86TobkBuqJ,The Fellowship of the Ring - Breaking of the Fellowship,The City of Prague Philharmonic Orchestra,cinematic,https://open.spotify.com/track/6GANVgQuSn3g86TobkBuqJ
2oN4bZSZgHUghRMlSPgisu,Buckbeak's Flight (from Harry Potter and the Prisoner of Azkaban),The City of Prague Philharmonic Orchestra,cinematic,https://open.spotify.com/track/2oN4bZSZgHUghRMlSPgisu
3MB3Gn9UcV5qRLKADhtTtl,Back to the Future Theme,The City of Prague Philharmonic Orchestra,cinematic,https://open.spotify.com/track/3MB3Gn9UcV5qRLKADhtTtl
09LMmJBZmxK9sVVDIjXbFA,Luv (sic.) pt3,Nujabes,cinematic,https://open.spotify.com/track/09LMmJBZmxK9sVVDIjXbFA
141P7NlXMEOGbaJIrvGqvi,"Show Me (feat. Trey Songz, Juicy J, 2 Chainz & Chris Brown) - Remix",Kid Ink,cinematic,https://open.spotify.com/track/141P7NlXMEOGbaJIrvGqvi
04IDw9yXssLNZRFZ41EM3A,Quits,Tim Hicks,cinematic,https://open.spotify.com/track/04IDw9yXssLNZRFZ41EM3A
1yabaX59rsEmWzFXN0mlYi,Epic Motivational,StereojamMusic,cinematic,https://open.spotify.com/track/1yabaX59rsEmWzFXN0mlYi
1PaA7SWRMD4XjzmXjpzdYo,Epic Adventures,StereojamMusic,cinematic,https://open.spotify.com/track/1PaA7SWRMD4XjzmXjpzdYo
6dC582kdzMLeI2KmOUU7bb,Jack Sparrow (from Pirates of the Caribbean),The City of Prague Philharmonic Orchestra,cinematic,https://open.spotify.com/track/6dC582kdzMLeI2KmOUU7bb
5LNAI3HkoUTGV8SXGDne14,Isengard Unleashed (from The Two Towers),The City of Prague Philharmonic Orchestra,cinematic,https://open.spotify.com/track/5LNAI3HkoUTGV8SXGDne14
708pWmi9ahbQIm1ZpMnmmr,The Matrix - He Is The One,The City of Prague Philharmonic Orchestra,cinematic,https://open.spotify.com/track/708pWmi9ahbQIm1ZpMnmmr
1QYZ5D5pNSRm0Bo7B3Yhv8,Falling In Love Tonight,Fantasia,cinematic,https://open.spotify.com/track/1QYZ5D5pNSRm0Bo7B3Yhv8
2Oh11QctU0I63ToGOcbzNj,Fragile,Jesu,cinematic,https://open.spotify.com/track/2Oh11QctU0I63ToGOcbzNj
7wH5TqLbDYRhvgbPi80JeT,Epic Emotional,AShamaluevMusic,cinematic,https://open.spotify.com/track/7wH5TqLbDYRhvgbPi80JeT
4cDceFKTJRqc9eo7Kccq51,Epicness Cinematic Dramatic Trailer,Romansenykmusic,cinematic,https://open.spotify.com/track/4cDceFKTJRqc9eo7Kccq51
26JpuUb1DWyRY0xAqI3q81,Eternal Love Theme (Epic Orchestral Inspired BGM),Cineforge Music,cinematic,https://open.spotify.com/track/26JpuUb1DWyRY0xAqI3q81
06uVyy6NZGHtTJTGD7YERn,Minas Tirith (from The Return of the King),The City of Prague Philharmonic Orchestra,cinematic,https://open.spotify.com/track/06uVyy6NZGHtTJTGD7YERn
1NSjYuQaY6GiY6lss9xizI,Armageddon - Main Theme,The City of Prague Philharmonic Orchestra,cinematic,https://open.spotify.com/track/1NSjYuQaY6GiY6lss9xizI
2yjNBrRzqhubcm46bDpNIq,Terminator 2 Theme,Mark Ayres,cinematic,https://open.spotify.com/track/2yjNBrRzqhubcm46bDpNIq
637rAVDLzgCDBdKGPwAh7j,Headphone Silence - Henrik Schwarz Remix/Dixon Edit/Ame Approved,Ane Brun,cinematic,https://open.spotify.com/track/637rAVDLzgCDBdKGPwAh7j
6tW3zBBqRXuM3hDvzRXsa8,Quits,Tim Hicks,cinematic,https://open.spotify.com/track/6tW3zBBqRXuM3hDvzRXsa8
7KKGKMF3zKUnEPCJgfIh8H,8 Days,Boldy James,cinematic,https://open.spotify.com/track/7KKGKMF3zKUnEPCJgfIh8H
5VAJmqwJK0FeQfQH4fWUTo,FSU (feat. Ekoh),Chris Webby,cinematic,https://open.spotify.com/track/5VAJmqwJK0FeQfQH4fWUTo
7JuZOOWU2cbrn623bSu98j,Epic Emotional Trailer,ProLuxeStudio,cinematic,https://open.spotify.com/track/7JuZOOWU2cbrn623bSu98j
6iOhaJUUWcVkb3KNRWvS7O,Epic Drama Cinematic Trailer,Romansenykmusic,cinematic,https://open.spotify.com/track/6iOhaJUUWcVkb3KNRWvS7O
6xp9Bbfj5UYsZTXKqZnuDy,Epic War Trailer,BrightNotesSounds,cinematic,https://open.spotify.com/track/6xp9Bbfj5UYsZTXKqZnuDy
6S8YbQ61KQxsHEGFBdDQSu,The Medallion Calls (from Pirates of the Caribbean),The City of Prague Philharmonic Orchestra,cinematic,https://open.spotify.com/track/6S8YbQ61KQxsHEGFBdDQSu
35Na19pDE5r6DuKOivb6DL,1492: Conquest of Paradise (Edit),The City of Prague Philharmonic Orchestra,cinematic,https://open.spotify.com/track/35Na19pDE5r6DuKOivb6DL
6H000qefA3b3OKce1Y9IBw,Out of Africa,John Barry,cinematic,https://open.spotify.com/track/6H000qefA3b3OKce1Y9IBw
38lsILD81eIjcMAbUo9SSd,Headphone Silence,Ane Brun,cinematic,https://open.spotify.com/track/38lsILD81eIjcMAbUo9SSd
1ShgIBmOiK1jNfV2M3NvxJ,Outro - Explicit Album Version,Three 6 Mafia,cinematic,https://open.spotify.com/track/1ShgIBmOiK1jNfV2M3NvxJ
0syn2jjRH06F8LXJtpzIaT,Vibes,Harry Jxye,cinematic,https://open.spotify.com/track/0syn2jjRH06F8LXJtpzIaT
6orysH2CQ23r3AY2DuQMcl,"Waltz No. 2 (From ""Eyes Wide Shut"")",Epic Movie Soundtracks,cinematic,https://open.spotify.com/track/6orysH2CQ23r3AY2DuQMcl
0pjY4y4XjXxpShr4X8ciN5,HandClap [Epic Orchestra],Flow Music,cinematic,https://open.spotify.com/track/0pjY4y4XjXxpShr4X8ciN5
3pyP0yNWMEjrk48MUHRDwV,The Epic,OlexandrMusic,cinematic,https://open.spotify.com/track/3pyP0yNWMEjrk48MUHRDwV
1mmrWZsgFHhMmWCA5Ohiyw,Indiana Jones - Map Room (from Raiders of the Lost Ark),The City of Prague Philharmonic Orchestra,cinematic,https://open.spotify.com/track/1mmrWZsgFHhMmWCA5Ohiyw
1ONe9VtzGUa3RWvKmA3dPw,One Last Shot (from Pirates of the Caribbean),The City of Prague Philharmonic Orchestra,cinematic,https://open.spotify.com/track/1ONe9VtzGUa3RWvKmA3dPw
3aCiztGcMMoNQ5lIzxwwo6,The Rocketeer Theme,The City of Prague Philharmonic Orchestra,cinematic,https://open.spotify.com/track/3aCiztGcMMoNQ5lIzxwwo6
1ulQ8uSuC8LiAeKrCMD0l3,Love Me Like You Do,Sabrina,cinematic,https://open.spotify.com/track/1ulQ8uSuC8LiAeKrCMD0l3
4xTXYjr9QXBZsbiQ7wzUgg,Love Me Like You Do,Sabrina,cinematic,https://open.spotify.com/track/4xTXYjr9QXBZsbiQ7wzUgg
5L6VEkCEd1IaLnaT0OBGHi,Hollywood 1979,Tom Wilson,cinematic,https://open.spotify.com/track/5L6VEkCEd1IaLnaT0OBGHi
4kw01bD9vCkKRgtjHlTRTm,Already Done,Zeds Dead,cinematic,https://open.spotify.com/track/4kw01bD9vCkKRgtjHlTRTm
6hAlQWtIZV0DowgZ6yFv2u,Trailer Epic Action,Romansenykmusic,cinematic,https://open.spotify.com/track/6hAlQWtIZV0DowgZ6yFv2u
2BnaZ9vI51qInfmTncDZeG,Epic Proportions,Hollywood Film Music Orchestra,cinematic,https://open.spotify.com/track/2BnaZ9vI51qInfmTncDZeG
5QeZYoY0u9Fqxw204LYfEL,Cinematic Inspiring Epic,ProLuxeStudio,cinematic,https://open.spotify.com/track/5QeZYoY0u9Fqxw204LYfEL
0NmchePyErXqRkrKT2NPGB,Whatta Man / Seven Nation Army,Cinderella Original Motion Picture Cast,cinematic,https://open.spotify.com/track/0NmchePyErXqRkrKT2NPGB
6VJA5XMWwvxB3tgL8fJ6VB,Am I Wrong,Camila Cabello,cinematic,https://open.spotify.com/track/6VJA5XMWwvxB3tgL8fJ6VB
0cF91NEbpjoTeMW88f1TQa,Inception - Dream within a Dream,London Music Works,cinematic,https://open.spotify.com/track/0cF91NEbpjoTeMW88f1TQa
2LiDZmGERLzjrtBTCofj2G,Dreamland,Glass Animals,cinematic,https://open.spotify.com/track/2LiDZmGERLzjrtBTCofj2G
1p6qScAQKRDb3aOyyf0HFo,The Holiday Circuit,Lugeer,cinematic,https://open.spotify.com/track/1p6qScAQKRDb3aOyyf0HFo
5ZM9zxVqkaU2xAgnb2b2at,Venus & River,Capital Cities,cinematic,https://open.spotify.com/track/5ZM9zxVqkaU2xAgnb2b2at
2S4TJVtSYHFdpQmmi62F9W,Epic,Veaceslav Draganov,cinematic,https://open.spotify.com/track/2S4TJVtSYHFdpQmmi62F9W
7K8NRwkKDP4cDeLyCKOcdL,Inspiring Cinematic Uplifting,Romansenykmusic,cinematic,https://open.spotify.com/track/7K8NRwkKDP4cDeLyCKOcdL
0RggsY32eUVYASgahrfmSX,Material Girl,Idina Menzel,cinematic,https://open.spotify.com/track/0RggsY32eUVYASgahrfmSX
4eXkL0CypEdxQlp1s9Xsvd,Let's Get Loud,Camila Cabello,cinematic,https://open.spotify.com/track/4eXkL0CypEdxQlp1s9Xsvd
6GOa0zh0PjxKukD99byEyz,冨岡義勇vs猗窩座 鬼滅の刃 無限城 Akaza vs Giyu Theme Demon Slayer infinity Castle Movie - Epic,Sliverk,cinematic,https://open.spotify.com/track/6GOa0zh0PjxKukD99byEyz
24Ef3GDylktvAXkTG0C8f3,"Million To One - from the Amazon Original Movie ""Cinderella""",Camila Cabello,cinematic,https://open.spotify.com/track/24Ef3GDylktvAXkTG0C8f3
6u26A1v5Ttvk9s3xVxPk4J,Ride or Die,Brown Boy,cinematic,https://open.spotify.com/track/6u26A1v5Ttvk9s3xVxPk4J
5uiRdWr6PSZzTJTDZ1BQj5,Apocalypse,Pedestrians,cinematic,https://open.spotify.com/track/5uiRdWr6PSZzTJTDZ1BQj5
5akEJZN65S8cEHJL7gytbU,Yea Yea,G. Finesse,cinematic,https://open.spotify.com/track/5akEJZN65S8cEHJL7gytbU
1SGnWl33MUNd9QHYAoqJtW,Captain Underpants Theme Song,"""Weird Al"" Yankovic",cinematic,https://open.spotify.com/track/1SGnWl33MUNd9QHYAoqJtW
0BMyRHOFOvHjAEzeNfQIeN,Better When I'm Dancin',Meghan Trainor,cinematic,https://open.spotify.com/track/0BMyRHOFOvHjAEzeNfQIeN
0o9tqLrIYs06aJx1YOPHEg,A Hero Rides With Us,Epic Score,cinematic,https://open.spotify.com/track/0o9tqLrIYs06aJx1YOPHEg
0CkZPSukSL20TLyWdCz4Uv,Epical,StereojamMusic,cinematic,https://open.spotify.com/track/0CkZPSukSL20TLyWdCz4Uv
0BaTr26bChBZpGgKcF5t3Y,Whispering Night – Relaxing Epic Music for Sleep,epic,cinematic,https://open.spotify.com/track/0BaTr26bChBZpGgKcF5t3Y
73QEmww7TRmy7zF3qV5DAE,Dream Girl,Idina Menzel,cinematic,https://open.spotify.com/track/73QEmww7TRmy7zF3qV5DAE
4bIY68HHLTFkuJXQ8bJV8X,Unbearable,Nathan Wagner,cinematic,https://open.spotify.com/track/4bIY68HHLTFkuJXQ8bJV8X
1hQM22L8FSThJB5drLpfQs,Everything's Fine,Healy,cinematic,https://open.spotify.com/track/1hQM22L8FSThJB5drLpfQs
3ijBjDDAS79QA6PDBOWDBl,Introdiction,Scroobius Pip,cinematic,https://open.spotify.com/track/3ijBjDDAS79QA6PDBOWDBl
54KFQB6N4pn926IUUYZGzK,To Build A Home,The Cinematic Orchestra,cinematic,https://open.spotify.com/track/54KFQB6N4pn926IUUYZGzK
355CyM3ExVDti91y9bVRg0,Cinematic Orchestral,AShamaluevMusic,cinematic,https://open.spotify.com/track/355CyM3ExVDti91y9bVRg0
6q4c1vPRZREh7nw3wG7Ixz,That Home,The Cinematic Orchestra,cinematic,https://open.spotify.com/track/6q4c1vPRZREh7nw3wG7Ixz
6fzDZEA7zNlbIMkCghlXBK,The Sound of Silence (Dark Cinematic Orchestral),The Obsidian Orchestra,cinematic,https://open.spotify.com/track/6fzDZEA7zNlbIMkCghlXBK
4yzttHEI1hkkvY6XznIxCq,Cinematic Piano and Orchestra Emotional,Romansenykmusic,cinematic,https://open.spotify.com/track/4yzttHEI1hkkvY6XznIxCq
2ohp3bQjeJ8kzjw2CIp6HF,From Now On - Cinematic Orchestral,Crystal Tempo,cinematic,https://open.spotify.com/track/2ohp3bQjeJ8kzjw2CIp6HF
4awMzcoJaXkg9FsGZnQ6vn,Resolved,Jamie Salisbury,cinematic,https://open.spotify.com/track/4awMzcoJaXkg9FsGZnQ6vn
1EYdzbkD0OLrQsn8R4IvPr,Cinematic Epic,MUSICAI STUDIO,cinematic,https://open.spotify.com/track/1EYdzbkD0OLrQsn8R4IvPr
5QY1NBQWewkZjjqTZXOEFy,Dark Implications,Jamie Salisbury,cinematic,https://open.spotify.com/track/5QY1NBQWewkZjjqTZXOEFy
0vMLVUGRO7ambDRZMmkGNI,Gilded Silence,Evolkyra,cinematic,https://open.spotify.com/track/0vMLVUGRO7ambDRZMmkGNI
0Gr2XQOIMaaUH86iOrWGur,Arrival of the Birds,The Cinematic Orchestra,cinematic,https://open.spotify.com/track/0Gr2XQOIMaaUH86iOrWGur
2JHqnefV2NU2RVSwWtWE5N,Interstellar Theme - Cinematic Orchestral Cover,Gabriel Tembo,cinematic,https://open.spotify.com/track/2JHqnefV2NU2RVSwWtWE5N
3gYUHlwa1bKy6n3VM4zt9a,This Is Me - Cinematic Orchestral,Crystal Tempo,cinematic,https://open.spotify.com/track/3gYUHlwa1bKy6n3VM4zt9a
126Yx40DG4ECXdkvhKvgcP,Mi princesa - Cinematic Orchestral Version,Angel Melo,cinematic,https://open.spotify.com/track/126Yx40DG4ECXdkvhKvgcP
1eGkbttIwH2JTL9UWpGVEM,Sweet Dreams (Eurythmics) | Dark Gothic Remake | Cinematic Orchestral Music,Noctis Corvus,cinematic,https://open.spotify.com/track/1eGkbttIwH2JTL9UWpGVEM
2EAl5HkkVLtKrgDRxx4VnS,Once Upon a December (Anastasia) | Dark Fantasy Gothic Remake | Cinematic Orchestral Music,Noctis Corvus,cinematic,https://open.spotify.com/track/2EAl5HkkVLtKrgDRxx4VnS
5wq3wWky3nUX4LNBBFylZH,Inspiring Cinematic Trailer,ProLuxeStudio,cinematic,https://open.spotify.com/track/5wq3wWky3nUX4LNBBFylZH
0Lr0QfBaPt4jqFViNzldMk,"Brave Shine (From ""Fate/stay night: Unlimited Blade Works"") - Epic Cinematic Orchestral Version",Pharozen,cinematic,https://open.spotify.com/track/0Lr0QfBaPt4jqFViNzldMk
1CI4dvkq91mbpESOgVGiBg,Cinematic Inspiring Violins,Rafael Krux,cinematic,https://open.spotify.com/track/1CI4dvkq91mbpESOgVGiBg
7wQOlPCJwGIQ4xLtkpagpC,Cello Cinematic Orchestral,Instrologie,cinematic,https://open.spotify.com/track/7wQOlPCJwGIQ4xLtkpagpC
73OnhVq0jkiESpAmyxJRCi,The Sound of Silence (Simon & Garfunkel) | Gothic Remake | Cinematic Orchestral Music,Noctis Corvus,cinematic,https://open.spotify.com/track/73OnhVq0jkiESpAmyxJRCi
01gggSvLa6CHhg5OjbYZmz,Beautiful Classic Orchestral,Carlos Estella,cinematic,https://open.spotify.com/track/01gggSvLa6CHhg5OjbYZmz
3rgAcrMWxxBSDZqPZR8swn,Cinema Paradiso,Cine Piano,cinematic,https://open.spotify.com/track/3rgAcrMWxxBSDZqPZR8swn
3rrqERTe9MIi5wq2qlJg5S,To Build A Home - Album Edit,The Cinematic Orchestra,cinematic,https://open.spotify.com/track/3rrqERTe9MIi5wq2qlJg5S
6h681rjBdSExLrq0nrlwz5,"DIKEFALE MEGALOSA(ΔΙΚΕΦΑΛΕ ΜΕΓΑΛΩΣΑ)/Epic, Cinematic Orchestral/Most beautiful PAOK fans chant",DAEDALUS mp,cinematic,https://open.spotify.com/track/6h681rjBdSExLrq0nrlwz5
0pEG5Qqf4wkknUlM1qERHa,brave heart (Digimon Adventure) Orchestral Version - Cinematic Orchestral Version,Orchiverse,cinematic,https://open.spotify.com/track/0pEG5Qqf4wkknUlM1qERHa
29tbK8bIGfjdqmwf90Y6a9,Cinematic,Gamma Skies,cinematic,https://open.spotify.com/track/29tbK8bIGfjdqmwf90Y6a9
2otvsnQRed4ERu3r4vUFr1,A Sad Loss,DLG Orchestra,cinematic,https://open.spotify.com/track/2otvsnQRed4ERu3r4vUFr1
3cpeK3f7IrsoCdeZvQzLZz,Cinematic Inspiring Epic Trailer,Carlos Estella,cinematic,https://open.spotify.com/track/3cpeK3f7IrsoCdeZvQzLZz
3A8TQo0P6bomcBCaeibXeO,An Epic Cinematic,Carlos Estella,cinematic,https://open.spotify.com/track/3A8TQo0P6bomcBCaeibXeO
2QGClDsGB6lVvEKCz1QdfL,Cinematic emotional fusion,Zara & Kai,cinematic,https://open.spotify.com/track/2QGClDsGB6lVvEKCz1QdfL
3qb3M8zTVhA26KV9qSm1lt,Devil's Waltz,Jamie Salisbury,cinematic,https://open.spotify.com/track/3qb3M8zTVhA26KV9qSm1lt
4w77PD208ggNaFYHidK9Ef,Cinematic Orchestral,VeromaxMusic,cinematic,https://open.spotify.com/track/4w77PD208ggNaFYHidK9Ef
5OOkWUz8NhgtdMIiiM3LRd,Cinematic Ochestra,Leinad,cinematic,https://open.spotify.com/track/5OOkWUz8NhgtdMIiiM3LRd
5DPRlUz7ZLbfmbnoA45QzN,Cinematic Orchestral Suspense Film Horror Music,DepasRec,cinematic,https://open.spotify.com/track/5DPRlUz7ZLbfmbnoA45QzN
14Qc1j4lCIO7wd26qvKw6m,Cinematic Orchestral Themes,Cinematic Symphony,cinematic,https://open.spotify.com/track/14Qc1j4lCIO7wd26qvKw6m
0RtMouYepREAjBRIEfRskY,Cinematic Orchestral Symphony,SK Infinity,cinematic,https://open.spotify.com/track/0RtMouYepREAjBRIEfRskY
0kVyIh0cpZTsnCPWpz3LRD,Cinematic Orchestral Mix,Ishan,cinematic,https://open.spotify.com/track/0kVyIh0cpZTsnCPWpz3LRD
32VwIplpcMcpDC7TXQxt5A,Hope,DLG Orchestra,cinematic,https://open.spotify.com/track/32VwIplpcMcpDC7TXQxt5A
68j9luKGjyD7Jd5uby5Esa,Cinematic Heart,GoldenQuill,cinematic,https://open.spotify.com/track/68j9luKGjyD7Jd5uby5Esa
5Qb84YhYLWImJapG471qnH,Orchestral Road to Better Days,Uplifting Music Studio,cinematic,https://open.spotify.com/track/5Qb84YhYLWImJapG471qnH
2rKmh587TKFF15CfuE5PgA,"Cinematic miniature, no.2",HrNiko,cinematic,https://open.spotify.com/track/2rKmh587TKFF15CfuE5PgA
2uaCrGjq2c87GdEJUDX3v8,Cinematic Orchestral,IAMINDRAKUMAR,cinematic,https://open.spotify.com/track/2uaCrGjq2c87GdEJUDX3v8
06X3g31LMDs4rek1v5WkSP,Re-Arrange - The Cinematic Orchestra remix,Krust,cinematic,https://open.spotify.com/track/06X3g31LMDs4rek1v5WkSP
6Wu6R7DXuiPULqUUmQ8c3k,Cinematic Trailer,OlexandrMusic,cinematic,https://open.spotify.com/track/6Wu6R7DXuiPULqUUmQ8c3k
3jRNm8EjtoBlmtG2yzVwlL,Deep Cinematic Emotional Ambient,Romansenykmusic,cinematic,https://open.spotify.com/track/3jRNm8EjtoBlmtG2yzVwlL
6kCU77fdLUrJlLIKw7HBPZ,Emotional Orchestra Epic Cinematic,Andrii Matskevych,cinematic,https://open.spotify.com/track/6kCU77fdLUrJlLIKw7HBPZ
7wYWEHN2WaSoRlbbHQ9qUf,Cinematic orchestral background music inspired by ancient Greek mythology,DIJAY EMME 2.0,cinematic,https://open.spotify.com/track/7wYWEHN2WaSoRlbbHQ9qUf
3TwX3TDYxQud168lrRj5Hv,Classic Inspiration,Carlos Estella,cinematic,https://open.spotify.com/track/3TwX3TDYxQud168lrRj5Hv
0RFJAtUAbDgYJwVbxbKSeg,In the Slipstream,Nick Harvey,cinematic,https://open.spotify.com/track/0RFJAtUAbDgYJwVbxbKSeg
119raso1f3xtWnh8ZREqnB,Miniscule Largeness,Nick Harvey,cinematic,https://open.spotify.com/track/119raso1f3xtWnh8ZREqnB
2MedsPEKCl15NkmzL3lgb5,Cinematic Orchestral Action Trailer (Longer Variation),Gregor Quendel,cinematic,https://open.spotify.com/track/2MedsPEKCl15NkmzL3lgb5
4V9wKddEsFXvxytQycwjMp,Cinematic Orchestral Action Trailer,Gregor Quendel,cinematic,https://open.spotify.com/track/4V9wKddEsFXvxytQycwjMp
3aOW74ULL3IkmFFMhOHJX7,Cinematic Orchestral Arpeggio Trailer,Gregor Quendel,cinematic,https://open.spotify.com/track/3aOW74ULL3IkmFFMhOHJX7
6gtfFtai0hVoH7yTiah7ix,Uplifting Motivational Cinematic Orchestra,musicdream,cinematic,https://open.spotify.com/track/6gtfFtai0hVoH7yTiah7ix
1hMHmqPKQJL6suFVDmLetO,Cinematic Orchestral Trailer,makesound music,cinematic,https://open.spotify.com/track/1hMHmqPKQJL6suFVDmLetO
4fhqM7Efn1SQEQp5aE9q75,Emotional Epic Cinematic Movie,musicdream,cinematic,https://open.spotify.com/track/4fhqM7Efn1SQEQp5aE9q75
4dqQn2QhJd1qG4MNit4vI3,Spektral,DLG Orchestra,cinematic,https://open.spotify.com/track/4dqQn2QhJd1qG4MNit4vI3
5InYbe4EUvkWoVO7jTJog9,Galactica,DLG Orchestra,cinematic,https://open.spotify.com/track/5InYbe4EUvkWoVO7jTJog9
4Rn03JD0vgCwGM0JzuAHYb,Inescapable Silence,KOSA1,cinematic,https://open.spotify.com/track/4Rn03JD0vgCwGM0JzuAHYb
7GUIMEgEeewF1U2d0C0Rng,Cinematic - Instrumental,Jie Komuya,cinematic,https://open.spotify.com/track/7GUIMEgEeewF1U2d0C0Rng
1ZzbLnKE2Xogf7vDsfyNKv,Cinematic Orchestral Adventure,Carlos Estella,cinematic,https://open.spotify.com/track/1ZzbLnKE2Xogf7vDsfyNKv
1Krf05099nRwgwMJNvmhyZ,Cinematic Orchestral Logo,PraskMusic,cinematic,https://open.spotify.com/track/1Krf05099nRwgwMJNvmhyZ
3dY7Y27ALysMsSGkypd4rC,Cinematic Orchestral Inspiring,Glebator,cinematic,https://open.spotify.com/track/3dY7Y27ALysMsSGkypd4rC
62L5k8TMjGWJkVpaVSfUw8,Rise of the Forgotten – Cinematic Orchestral Journey,Orchestral,cinematic,https://open.spotify.com/track/62L5k8TMjGWJkVpaVSfUw8
2gwc95aCO9GjdFyHumXxgt,Cinematic Orchestral,Robin Munson,cinematic,https://open.spotify.com/track/2gwc95aCO9GjdFyHumXxgt
1vXXy87vUyqNnUTsoIXBSX,Cinematic Orchestral (Journey Through the Stars),North Studio 1976,cinematic,https://open.spotify.com/track/1vXXy87vUyqNnUTsoIXBSX
1SvMQbUksgpgVUduLYed1I,Cinematic Orchestral Music for Gaming,Love Sleep Repeat,cinematic,https://open.spotify.com/track/1SvMQbUksgpgVUduLYed1I
4FCPioFHLL77F2LGO13Hed,CINEMATIC ORCHESTRAL SPACE,KoreaSaii,cinematic,https://open.spotify.com/track/4FCPioFHLL77F2LGO13Hed
3U8FvCykK55cm7Sdbw8rUr,Cinematica - Extremely Slowed,JXNDRO,cinematic,https://open.spotify.com/track/3U8FvCykK55cm7Sdbw8rUr
5M2fMPbjTfBSaHDBQ9hiEW,Kjm,DLG Orchestra,cinematic,https://open.spotify.com/track/5M2fMPbjTfBSaHDBQ9hiEW
3iRW391RwTm8QN9jSqjwmQ,Ambient Emotional Cinematic,Romansenykmusic,cinematic,https://open.spotify.com/track/3iRW391RwTm8QN9jSqjwmQ
3bDbRoceWG1rEYx0LH5n9o,Bella Ciao | Cinematic Orchestral,AnthemNations,cinematic,https://open.spotify.com/track/3bDbRoceWG1rEYx0LH5n9o
3ZK82DuOBAkDejGfv2xCBQ,BEAT IT - Epic Dark Cinematic Orchestral,Elyan,cinematic,https://open.spotify.com/track/3ZK82DuOBAkDejGfv2xCBQ
4LCWGTeaJYGbm2DNQsF7mo,Mystery of Love,DLG Orchestra,cinematic,https://open.spotify.com/track/4LCWGTeaJYGbm2DNQsF7mo
55FHNe7SMsW0Rf5Php7vNC,Epic Uplifting Melodic Orchestral,Carlos Estella,cinematic,https://open.spotify.com/track/55FHNe7SMsW0Rf5Php7vNC
7rYlvEKhuJpvl1H6F3bzwh,Cinematic,v9era,cinematic,https://open.spotify.com/track/7rYlvEKhuJpvl1H6F3bzwh
5y7pxcghREcI1XRhYOO3eu,Cinematic Lounge Night,Lounge Music Serenity,cinematic,https://open.spotify.com/track/5y7pxcghREcI1XRhYOO3eu
1SYceDJFz98po0p7FHG3RD,Inspiring Piano Cinematic Orchestral,Carlos Estella,cinematic,https://open.spotify.com/track/1SYceDJFz98po0p7FHG3RD
1Nq1KggBlFvEHVd6Ig4B9l,Cinematic Dramatic Trailer,Pasha Velchev,cinematic,https://open.spotify.com/track/1Nq1KggBlFvEHVd6Ig4B9l
2pbCF5I5LbGgI4XYvGrKZI,Cinematic,Sergey Bryukhno,cinematic,https://open.spotify.com/track/2pbCF5I5LbGgI4XYvGrKZI
4o8IMLxD5xm8amnL8dRwAE,FLY ME TO THE MOON | 新世紀エヴァンゲリオン Evangelion - Cinematic Orchestral,The Pixel Philharmonic,cinematic,https://open.spotify.com/track/4o8IMLxD5xm8amnL8dRwAE
1sJdDfFvNt5SYrdNIjaugN,Robotic Fight,DLG Orchestra,cinematic,https://open.spotify.com/track/1sJdDfFvNt5SYrdNIjaugN
2JsvLoeIWngvNpoMPFtJHc,A True Hard Story,DLG Orchestra,cinematic,https://open.spotify.com/track/2JsvLoeIWngvNpoMPFtJHc
0BUAbnCmPQYV1xhE09hZZP,Cinematic Home in the Heart,Uplifting Music Studio,cinematic,https://open.spotify.com/track/0BUAbnCmPQYV1xhE09hZZP
1Hy0QaHYP6TbTLIb4SROl2,Thoughtful Cinematic,Romansenykmusic,cinematic,https://open.spotify.com/track/1Hy0QaHYP6TbTLIb4SROl2
4o0jTyZdvnmn1WMlEVHEv9,Daha Senden Gayrı Aşık Mı Yoktur (Cinematic Epic Orchestral),EXODIA ANATOLIAN,cinematic,https://open.spotify.com/track/4o0jTyZdvnmn1WMlEVHEv9
0vMCY3g12nDkKCzise4lxo,"Imperial March - Hans Zimmer Style (From ""Star Wars"") - Epic Version",Pianistec,cinematic,https://open.spotify.com/track/0vMCY3g12nDkKCzise4lxo
3hQS4d2AvrY8soF5D9PNML,Time ( Hans Zimmer style 2024 ),Мурат Казбетович Исаев,cinematic,https://open.spotify.com/track/3hQS4d2AvrY8soF5D9PNML
5tWVV4nWN7dg53miu8yHrw,"Imperial March - Hans Zimmer Style (From ""Star Wars"") - Epic Version",Pianistec,cinematic,https://open.spotify.com/track/5tWVV4nWN7dg53miu8yHrw
7jTRMO7EAwwtmIFqIuJI6i,"The Force Theme - Binary Sunset (Hans Zimmer Style) (From ""Star Wars"") - Epic Version",Pianistec,cinematic,https://open.spotify.com/track/7jTRMO7EAwwtmIFqIuJI6i
2mnF9PUMKK6W0yhP2vmdg9,The Red Book,Hans Zimmer,cinematic,https://open.spotify.com/track/2mnF9PUMKK6W0yhP2vmdg9
2bocAPQcUTLUXx8lAOTiK3,Team,Iggy Azalea,cinematic,https://open.spotify.com/track/2bocAPQcUTLUXx8lAOTiK3
00aXfNHkqzLIq7WucwnmzL,Fin.,RAYE,cinematic,https://open.spotify.com/track/00aXfNHkqzLIq7WucwnmzL
3WN17zGd3yNhnHrRx15dXh,KEANU'S SONG,KB,cinematic,https://open.spotify.com/track/3WN17zGd3yNhnHrRx15dXh
1IWDzlzjmhKZQp3dqXfv6W,Carried Away,$uicideboy$,cinematic,https://open.spotify.com/track/1IWDzlzjmhKZQp3dqXfv6W
6g2Cz1mbkGfYV7HRnf2WpI,Tuff Cookie,Peter Fox,cinematic,https://open.spotify.com/track/6g2Cz1mbkGfYV7HRnf2WpI
6pWgRkpqVfxnj3WuIcJ7WP,Cornfield Chase,Hans Zimmer,cinematic,https://open.spotify.com/track/6pWgRkpqVfxnj3WuIcJ7WP
6MUSzUOFtvzG25GAbQQS8e,Shelly Goes New York Style,Hans Zimmer,cinematic,https://open.spotify.com/track/6MUSzUOFtvzG25GAbQQS8e
6t0jzmeZerf2KZB3GzfEot,Hans Zimmer Focus Starter (The Overture of Concentration),Sam Star Marshall,cinematic,https://open.spotify.com/track/6t0jzmeZerf2KZB3GzfEot
2fzAeAl7v1CDlrMDs4zfvM,Violin Động Lực (VH Remix),D2O MEDIA,cinematic,https://open.spotify.com/track/2fzAeAl7v1CDlrMDs4zfvM
14t3JxIf20ZLpJvEBCFmhZ,Fairy Tail (Remix) - Instrumental,Quang Nhật,cinematic,https://open.spotify.com/track/14t3JxIf20ZLpJvEBCFmhZ
6sizQj16amSoj5iXMDCx5J,Hallow Kitty,Kwam.E,cinematic,https://open.spotify.com/track/6sizQj16amSoj5iXMDCx5J
4AHK5Ei5O5AF2FZAUAp5hG,Otello,OG Keemo,cinematic,https://open.spotify.com/track/4AHK5Ei5O5AF2FZAUAp5hG
6ZFbXIJkuI1dVNWvzJzown,Time,Hans Zimmer,cinematic,https://open.spotify.com/track/6ZFbXIJkuI1dVNWvzJzown
5UeIwcUIKTVPqBnuXnhmBD,F1,Hans Zimmer,cinematic,https://open.spotify.com/track/5UeIwcUIKTVPqBnuXnhmBD
6PejFV6SGf2ArBMCso9Z1d,Mơ - Piano Version,Cà Pháo Pianist,cinematic,https://open.spotify.com/track/6PejFV6SGf2ArBMCso9Z1d
5exJiA2rnmnpLuOze6r1f3,Study Music Mental Recovery (The Sunset of Repose),Sam Star Marshall,cinematic,https://open.spotify.com/track/5exJiA2rnmnpLuOze6r1f3
76d4xSsF3GvbIzGuzXDW3S,Piano Meditation (The Monologue of Thoughts),Sam Star Marshall,cinematic,https://open.spotify.com/track/76d4xSsF3GvbIzGuzXDW3S
2Wo3H4az4XGt3uX5xxQ7FE,Interstellar Creative Flow (The Journey of Inspiration),Sam Star Marshall,cinematic,https://open.spotify.com/track/2Wo3H4az4XGt3uX5xxQ7FE
1HqOmjLPq4x5h61mQ3PXEg,Floatin (with SUMPP),Wax,cinematic,https://open.spotify.com/track/1HqOmjLPq4x5h61mQ3PXEg
5U9xl2Bp6tqkL62uccDeC7,Prypiat,Raid,cinematic,https://open.spotify.com/track/5U9xl2Bp6tqkL62uccDeC7
4qEtmpRNulQ5lXa9dyPpeo,How Do You Talk To A Star?,Everybody's Worried About Owen,cinematic,https://open.spotify.com/track/4qEtmpRNulQ5lXa9dyPpeo
27qC3KK5wjQzyNenY53fep,F1,Hans Zimmer,cinematic,https://open.spotify.com/track/27qC3KK5wjQzyNenY53fep
2n6lDimK27CJG4GdrLXGZD,Violin Động Lực,VH,cinematic,https://open.spotify.com/track/2n6lDimK27CJG4GdrLXGZD
6Qku6JaqNuAcOQHb8PiBjo,Stress Relief Soundtrack (The Distant Mountain of Calm),Sam Star Marshall,cinematic,https://open.spotify.com/track/6Qku6JaqNuAcOQHb8PiBjo
2oEXXFKBzi42OIkNAjQALC,Epic Sleep Meditation (The Return of Serenity),Sam Star Marshall,cinematic,https://open.spotify.com/track/2oEXXFKBzi42OIkNAjQALC
4WEiiIhUQmqIpzUyjTspZv,Đêm Thanh Vắng - Piano Thư Giãn,Tam Vinh Producer,cinematic,https://open.spotify.com/track/4WEiiIhUQmqIpzUyjTspZv
3gVeXlJhcCYb2bgIl64n8n,Foggin' Rap,Shu-Bi-Dua,cinematic,https://open.spotify.com/track/3gVeXlJhcCYb2bgIl64n8n
4Gp4wlGZQryxjHUtmGwOs7,Mozart,Qveen Herby,cinematic,https://open.spotify.com/track/4Gp4wlGZQryxjHUtmGwOs7
3WHt6cBg1apdAMg9gmGqLJ,Coming In Repentance,Thomas Austin,cinematic,https://open.spotify.com/track/3WHt6cBg1apdAMg9gmGqLJ
2X90DUE1e7xHFCI4fZ5yhV,Küken,MUSA,cinematic,https://open.spotify.com/track/2X90DUE1e7xHFCI4fZ5yhV
0MaBD9okvGSs41WZnPtYpl,NØRD1,Ligeså Forvirret,cinematic,https://open.spotify.com/track/0MaBD9okvGSs41WZnPtYpl
1mUG7ftwIxuq5fhMPkyM02,Flight,Hans Zimmer,cinematic,https://open.spotify.com/track/1mUG7ftwIxuq5fhMPkyM02
4kzuh98WdimkaFcDVo1kYZ,Tấm Thân Dãi Dầu - Lofi Ver.,H2O Music,cinematic,https://open.spotify.com/track/4kzuh98WdimkaFcDVo1kYZ
3YRGH7KDnEJrWd5ElpoakS,Giàn mướp đắng của mẹ,Tam Vinh Producer,cinematic,https://open.spotify.com/track/3YRGH7KDnEJrWd5ElpoakS
33A8iPxI9Fq1dkj2xzl7Gb,Team - Young Bombs Remix,Iggy Azalea,cinematic,https://open.spotify.com/track/33A8iPxI9Fq1dkj2xzl7Gb
6sCGDydfIRLkspUFZ4p1qq,Zimmer 31,Kalazh44,cinematic,https://open.spotify.com/track/6sCGDydfIRLkspUFZ4p1qq
5VabwTVAE28HA5d3W5ftAj,Dom får mig aldrig levande (feat. Thomas Stenström),Petter,cinematic,https://open.spotify.com/track/5VabwTVAE28HA5d3W5ftAj
4ukdJ16St6L2aH2ZsYJ4x5,Italien,BRUCHBUDE,cinematic,https://open.spotify.com/track/4ukdJ16St6L2aH2ZsYJ4x5
6zyOVTr6xKDq5DChRXG7Kn,Agoeie,Joost,cinematic,https://open.spotify.com/track/6zyOVTr6xKDq5DChRXG7Kn
3gYMAGx3GqewIysmcddCVs,Caved In,CunninLynguists,cinematic,https://open.spotify.com/track/3gYMAGx3GqewIysmcddCVs
6GUq9y0Iy5QrAuPYxTrFp2,S.T.A.Y.,Hans Zimmer,cinematic,https://open.spotify.com/track/6GUq9y0Iy5QrAuPYxTrFp2
615JiPjSiueBgp9HjXgCZ2,Cornfield Chase - Piano Version,Hans Zimmer,cinematic,https://open.spotify.com/track/615JiPjSiueBgp9HjXgCZ2
5aaXqH8rgKZxg61HjECldi,No Time for Caution,Hans Zimmer,cinematic,https://open.spotify.com/track/5aaXqH8rgKZxg61HjECldi
3yr6uERS0QeSYZLOaXPeNG,"Đọc Sách, Nhâm Nhi Cafe Và Lắng Nghe Piano",Tam Vinh Producer,cinematic,https://open.spotify.com/track/3yr6uERS0QeSYZLOaXPeNG
0IiLqOlUbAvixVgFpNGs1o,Porsche,Ufo361,cinematic,https://open.spotify.com/track/0IiLqOlUbAvixVgFpNGs1o
56MDdzieU2dTT3YLpCdpcA,BMW,Pashanim,cinematic,https://open.spotify.com/track/56MDdzieU2dTT3YLpCdpcA
3fbMy9uh9pUALxXnPCjJZu,EGO DEATH,Runkus,cinematic,https://open.spotify.com/track/3fbMy9uh9pUALxXnPCjJZu
5yM78L24J1NM4FEPgsS36S,Dạo Bước HongKong 1999,YanBi,cinematic,https://open.spotify.com/track/5yM78L24J1NM4FEPgsS36S
5tfLdvZeEGmhCSmYVNIQkL,Sài Gòn Hôm Nay Mưa - Live Piano Version,JSOL,cinematic,https://open.spotify.com/track/5tfLdvZeEGmhCSmYVNIQkL
6ASUt6XXQZFmsVamQ15tFB,Tập Trung Học Tập,Tam Vinh Producer,cinematic,https://open.spotify.com/track/6ASUt6XXQZFmsVamQ15tFB
37qlzYHfWT5BilobB3e6z6,Bức Tranh Vintage Cho Một Ngày Thư Giãn Trọn Vẹn,Tam Vinh Producer,cinematic,https://open.spotify.com/track/37qlzYHfWT5BilobB3e6z6
71sCFshbN2zUXXrIQn4ft0,Team,Iggy Azalea,cinematic,https://open.spotify.com/track/71sCFshbN2zUXXrIQn4ft0
5MpqT8kyDuuObVwHOYlRM6,Foggin' Rap,Shu-Bi-Dua,cinematic,https://open.spotify.com/track/5MpqT8kyDuuObVwHOYlRM6
4I7QMxrfdrEiwxWhkgGyjH,RMDB,Kay One,cinematic,https://open.spotify.com/track/4I7QMxrfdrEiwxWhkgGyjH
3Ep38M5mizhxeFCC69LnTf,Italien,BRUCHBUDE,cinematic,https://open.spotify.com/track/3Ep38M5mizhxeFCC69LnTf
2czetDfHFHIZaNxwLBeI1U,Musikliebe,GReeeN,cinematic,https://open.spotify.com/track/2czetDfHFHIZaNxwLBeI1U
0zxdVwyiPVxmBkZFTHe2xl,.Y,Papillon,cinematic,https://open.spotify.com/track/0zxdVwyiPVxmBkZFTHe2xl
5TXY9UWJMiMopFTpW0uUBb,Inception: Time - Orchestra Version - Live,Hans Zimmer,cinematic,https://open.spotify.com/track/5TXY9UWJMiMopFTpW0uUBb
1gLLVtr9kIjmyoRzENZ11w,First Step,Hans Zimmer,cinematic,https://open.spotify.com/track/1gLLVtr9kIjmyoRzENZ11w
65T0d1FNsJ5gmz8gN4Qu1M,Anything You Wish You'd Done Differently?,Hans Zimmer,cinematic,https://open.spotify.com/track/65T0d1FNsJ5gmz8gN4Qu1M
12aYSz7og5Agn8Ar9oVGqF,Billie Stylish,Schwiizergoofe,cinematic,https://open.spotify.com/track/12aYSz7og5Agn8Ar9oVGqF
2nCVIPXaxx7DPXw0B7OElG,Tập Trung Học Tập Cao Độ Và Sâu Hơn,Tam Vinh Producer,cinematic,https://open.spotify.com/track/2nCVIPXaxx7DPXw0B7OElG
6GqMRJeUKMK0fXJK9ae1wN,Berlins Most Wanted,Fler,cinematic,https://open.spotify.com/track/6GqMRJeUKMK0fXJK9ae1wN
2SyPjLkEbVsuvrA1aOGbIg,11. Plage,K.I.Z,cinematic,https://open.spotify.com/track/2SyPjLkEbVsuvrA1aOGbIg
2E85mFVFaEDJBKwO4EEk5U,Dom får mig aldrig levande (feat. Thomas Stenström),Petter,cinematic,https://open.spotify.com/track/2E85mFVFaEDJBKwO4EEk5U
2nlVLT7q2mJBVkOppKSG78,Vyapaari,Panther,cinematic,https://open.spotify.com/track/2nlVLT7q2mJBVkOppKSG78
6IS4NZkvcbahtyIND939N9,Canon In D - Piano Version,Cà Pháo Pianist,cinematic,https://open.spotify.com/track/6IS4NZkvcbahtyIND939N9
1kw2pkwfcK5weniVOoLDAG,Dear Brother,Christopher Wong,cinematic,https://open.spotify.com/track/1kw2pkwfcK5weniVOoLDAG
7eDBzBOQ1qCJJ7f2EdYto6,Billie Stylish,Schwiizergoofe,cinematic,https://open.spotify.com/track/7eDBzBOQ1qCJJ7f2EdYto6
0ZhYi3mNC33t8mzpvdt1xA,The Green Grass,Christopher Wong,cinematic,https://open.spotify.com/track/0ZhYi3mNC33t8mzpvdt1xA
3LOHsgqR4FVlGKMsViFlFL,Classic,Soufian,cinematic,https://open.spotify.com/track/3LOHsgqR4FVlGKMsViFlFL
6mphpGbG8lfnEQdp3GwYJv,"All Stars 2 (feat. Clavish, Frosty, Q2T and Chappo CSB)",Nines,cinematic,https://open.spotify.com/track/6mphpGbG8lfnEQdp3GwYJv
4G7aPxyEJaWk1gsLXiBDSX,Vibes sind Illegal,Marcii 44,cinematic,https://open.spotify.com/track/4G7aPxyEJaWk1gsLXiBDSX
6LSrvhGTCR96I8rmAapTh2,Mic Jordan,Barbaro el Urbano Vargas,cinematic,https://open.spotify.com/track/6LSrvhGTCR96I8rmAapTh2
1fTAs4YpBA7R21i0iB4j54,Stay,Hans Zimmer,cinematic,https://open.spotify.com/track/1fTAs4YpBA7R21i0iB4j54
5NFAE8XxEjBrpNu4tEvhqG,Rise,Hans Zimmer,cinematic,https://open.spotify.com/track/5NFAE8XxEjBrpNu4tEvhqG
6IVGnulrg4sm8UN3pSPvJC,Hanoian Dreams,Low G,cinematic,https://open.spotify.com/track/6IVGnulrg4sm8UN3pSPvJC
1I3OPCOaCnjsmqV0bFcboF,Classic,Soufian,cinematic,https://open.spotify.com/track/1I3OPCOaCnjsmqV0bFcboF
2g7jUqnco4LhmX0bZVLHYb,GTA,Garvan Shvarts,cinematic,https://open.spotify.com/track/2g7jUqnco4LhmX0bZVLHYb
6jzpoUhFl6GZi1CI3g8TXi,Cánh Đồng Oải Hương (Lavender Fields),TimelessRemixes,cinematic,https://open.spotify.com/track/6jzpoUhFl6GZi1CI3g8TXi
4UDXLhzmdHcqcHJ5nCQ7zK,Wednesday,K.Q,cinematic,https://open.spotify.com/track/4UDXLhzmdHcqcHJ5nCQ7zK
3XrhJS4Vw60sMQtvgFhyO8,Feueralarm,PA69,cinematic,https://open.spotify.com/track/3XrhJS4Vw60sMQtvgFhyO8
2bP6V1rwNOorgcYH4Fouxl,FAST LANE,JJ47,cinematic,https://open.spotify.com/track/2bP6V1rwNOorgcYH4Fouxl
2CmK7IjfO2jsLyJHu7rqUq,Booty Drop,Doechii,soft,https://open.spotify.com/track/2CmK7IjfO2jsLyJHu7rqUq
4IBWskcFEzOD09BtUBCKC1,Girlie-Pop!,Amaarae,soft,https://open.spotify.com/track/4IBWskcFEzOD09BtUBCKC1
1iOdhNBdePXR632DhYZVO2,Booty Drop,Doechii,soft,https://open.spotify.com/track/1iOdhNBdePXR632DhYZVO2
4lOHfhr6qQ7fVAG7niKJId,Soft,Kings of Leon,soft,https://open.spotify.com/track/4lOHfhr6qQ7fVAG7niKJId
3JyPrk7TuXyBY5eTmwZsSk,Come Softly - For Daniel D.,Grouper,soft,https://open.spotify.com/track/3JyPrk7TuXyBY5eTmwZsSk
2Euwbryh21DOB5zEH0WT4P,sulky baby,yeule,soft,https://open.spotify.com/track/2Euwbryh21DOB5zEH0WT4P
56GaYWGPrKJt6e6SGKKiUD,Locket,AUDREY NUNA,soft,https://open.spotify.com/track/56GaYWGPrKJt6e6SGKKiUD
1rYTctlTnzXuhow8aq9ydN,Killing Me Softly With His Song,AuraMas,soft,https://open.spotify.com/track/1rYTctlTnzXuhow8aq9ydN
4nqhu0HPZ2BbVeOPPVy5cm,Soft and Relaxing Jazz Ballad (Live),Lana Ross,soft,https://open.spotify.com/track/4nqhu0HPZ2BbVeOPPVy5cm
3GmFqwInrwt9zpdtL0nNIK,Só Por Uma Noite,Julia Smith,soft,https://open.spotify.com/track/3GmFqwInrwt9zpdtL0nNIK
0LjqYn4t7MN27FP9EsOtsC,Killing Me Softly,Metal Saxo Band,soft,https://open.spotify.com/track/0LjqYn4t7MN27FP9EsOtsC
23NOMgXeLSNexUZ4Ghin25,i.v.,Soft Hair,soft,https://open.spotify.com/track/23NOMgXeLSNexUZ4Ghin25
2ajhenDRiiAnCHHjsIOHhJ,Laffy Taffy,D4L,soft,https://open.spotify.com/track/2ajhenDRiiAnCHHjsIOHhJ
3r9fAWX4z2Ggm8kme7hFHj,Hypersoft Lovejinx Junkdream,james K,soft,https://open.spotify.com/track/3r9fAWX4z2Ggm8kme7hFHj
19WJ1TEz7RlwUrt7NFEW7t,Prospect (feat. Lil Baby),iann dior,soft,https://open.spotify.com/track/19WJ1TEz7RlwUrt7NFEW7t
56ehF3tXMjwLJkAmuKzRE2,Surf Swag,Lil Wayne,soft,https://open.spotify.com/track/56ehF3tXMjwLJkAmuKzRE2
4HzD6Ur4Xy6Zdabwdiql8Q,Incondicional,Suhai,soft,https://open.spotify.com/track/4HzD6Ur4Xy6Zdabwdiql8Q
3slTY4e39dWTcQJdB1eZ3u,Soft Emotional Ambient Music,Relaxing Music,soft,https://open.spotify.com/track/3slTY4e39dWTcQJdB1eZ3u
3X8XMBZBZeMZyKUE6hItl6,Soft Goodbye Dream Pop Love,GØDA,soft,https://open.spotify.com/track/3X8XMBZBZeMZyKUE6hItl6
5mXSLsHbwqqZmDAR2ejD5D,Outta Control - Remix,50 Cent,soft,https://open.spotify.com/track/5mXSLsHbwqqZmDAR2ejD5D
3HI8Suc5LWcJMzbiJN1e5u,Locket,AUDREY NUNA,soft,https://open.spotify.com/track/3HI8Suc5LWcJMzbiJN1e5u
7BRm4iMEfI7BRoUEtmtX0l,sulky baby,yeule,soft,https://open.spotify.com/track/7BRm4iMEfI7BRoUEtmtX0l
1dP1XYNu6Tanb2Mro9uMR3,With You,Kanako Yamamoto,soft,https://open.spotify.com/track/1dP1XYNu6Tanb2Mro9uMR3
4uzN9fvxOY4ytWCDhB6FbZ,KKBN,KR$NA,soft,https://open.spotify.com/track/4uzN9fvxOY4ytWCDhB6FbZ
3B54sVLJ402zGa6Xm4YGNe,Unforgettable,French Montana,soft,https://open.spotify.com/track/3B54sVLJ402zGa6Xm4YGNe
0rnmmN1zCPODaWQSsWKsNn,Soft Pop BGM for a Salon,Ambient BGM Channel,soft,https://open.spotify.com/track/0rnmmN1zCPODaWQSsWKsNn
6l2JLZzfbxbqaR10dVMx9p,Soft Pop BGM for a Hair Salon,Ambient BGM Channel,soft,https://open.spotify.com/track/6l2JLZzfbxbqaR10dVMx9p
1dr0F5jvRSHIxkNdtR2LuD,ambient chillout,LOFI BEATS,soft,https://open.spotify.com/track/1dr0F5jvRSHIxkNdtR2LuD
6wSTtDR8KZFULpLI5fL1jW,ambient music,LOFI BEATS,soft,https://open.spotify.com/track/6wSTtDR8KZFULpLI5fL1jW
5NaLmTqMjjkpl8TRMaoxTO,Can't Stop Won't Stop,Meekz,soft,https://open.spotify.com/track/5NaLmTqMjjkpl8TRMaoxTO
5HDRg2qrvX9qb6COeuDwfs,Back Down,50 Cent,soft,https://open.spotify.com/track/5HDRg2qrvX9qb6COeuDwfs
4Ks3j9evSjwyRGa8furtUR,Soft Ambient Piano,4.5Music,soft,https://open.spotify.com/track/4Ks3j9evSjwyRGa8furtUR
19TICONTGv1xTB9htpP7E7,Ambient Soft Corporate,3KTrack,soft,https://open.spotify.com/track/19TICONTGv1xTB9htpP7E7
514joG57v4yKTsfQmz7stz,Janice STFU,Drake,soft,https://open.spotify.com/track/514joG57v4yKTsfQmz7stz
46ovTGarDfhxirOGPdvYzW,Ambient Pop 125 bpm Drumless Backing Track with Metronome,Drumless Backing Tracks,soft,https://open.spotify.com/track/46ovTGarDfhxirOGPdvYzW
6RfmIZFHn53aD22XfS8XXK,Ambient Pop 125 bpm Drumless Backing Track without Click,Drumless Backing Tracks,soft,https://open.spotify.com/track/6RfmIZFHn53aD22XfS8XXK
72DuDVv06ZtKDceAlq40f2,Calm Down (feat. Eminem),Busta Rhymes,soft,https://open.spotify.com/track/72DuDVv06ZtKDceAlq40f2
4fAaLjbtc1Db9EorMgaD1S,Outta Control - Remix,50 Cent,soft,https://open.spotify.com/track/4fAaLjbtc1Db9EorMgaD1S
2e86VKCGEcOJFSVlTJRSD5,Outta Control - Remix,50 Cent,soft,https://open.spotify.com/track/2e86VKCGEcOJFSVlTJRSD5
2k0D2YUsFv4GdprVW183Go,Soft ambient corporate,MagpieMusic,soft,https://open.spotify.com/track/2k0D2YUsFv4GdprVW183Go
5cGfKEEtuxCOgLD4Gn4ly2,Soft Ambient (Piano Solo),Jaguar' Cito,soft,https://open.spotify.com/track/5cGfKEEtuxCOgLD4Gn4ly2
3E8GyhArf8O54t4rGKPp4K,Soft Ambient - Rainy Weather,Empire of Relaxation,soft,https://open.spotify.com/track/3E8GyhArf8O54t4rGKPp4K
6NNzlcqqQrnweyOHJiVRZh,Softpunk Ambient,Elephant Men,soft,https://open.spotify.com/track/6NNzlcqqQrnweyOHJiVRZh
4wiNxNXwnhVdwvxedo40FK,RUSSIAN ROULETT3,Mike WiLL Made-It,soft,https://open.spotify.com/track/4wiNxNXwnhVdwvxedo40FK
4iQ5gmTAzWfK8JyFC2LBox,What's Free (feat. Rick Ross & Jay Z),Meek Mill,soft,https://open.spotify.com/track/4iQ5gmTAzWfK8JyFC2LBox
7GkCDQoewpIImS7YBpMPyy,WASSUP (feat. JPEGMAFIA),Joey Valence & Brae,soft,https://open.spotify.com/track/7GkCDQoewpIImS7YBpMPyy
3nyATb0Rr7eHpgTR60w7hj,Soft Amber Nights,Tom Media,soft,https://open.spotify.com/track/3nyATb0Rr7eHpgTR60w7hj
25iktBoQZuWUEiagpzqVdz,Soft Sunset Ambient,Relaxing Music Studio One,soft,https://open.spotify.com/track/25iktBoQZuWUEiagpzqVdz
5oKfr6IVscyNXxv97nQiCa,Soft Love 1,Vitor Salgueiral,soft,https://open.spotify.com/track/5oKfr6IVscyNXxv97nQiCa
2kwtmk3MEM1rJ2ROBlDPJm,Diamond Boy (DTM),SZA,soft,https://open.spotify.com/track/2kwtmk3MEM1rJ2ROBlDPJm
2gBH5F01523VoMpxkIKTg9,Soft Love 4,Vitor Salgueiral,soft,https://open.spotify.com/track/2gBH5F01523VoMpxkIKTg9
7y5n4m6zYaAOo5V97idvoK,POP SHXT,Professor Green,soft,https://open.spotify.com/track/7y5n4m6zYaAOo5V97idvoK
6vJM7GDItenLQ2xB1y1wtO,Soft Rain Ambient Sleep,Spa Music Relaxation,soft,https://open.spotify.com/track/6vJM7GDItenLQ2xB1y1wtO
75oaQGQIQsZz3To8F6TTzl,Soft Focus,Lounge Pop,soft,https://open.spotify.com/track/75oaQGQIQsZz3To8F6TTzl
2dTGyaO4dqwRa2ZmBm2gcI,Soft Love 3,Vitor Salgueiral,soft,https://open.spotify.com/track/2dTGyaO4dqwRa2ZmBm2gcI
3LAkRQ6KRadkV0R83D3gfa,Soft Love 5,Vitor Salgueiral,soft,https://open.spotify.com/track/3LAkRQ6KRadkV0R83D3gfa
6MjCqaWp82nJkhKdsHojhB,Soft Love 6,Vitor Salgueiral,soft,https://open.spotify.com/track/6MjCqaWp82nJkhKdsHojhB
3USo3MdgSxGuZKig55q7k9,Kill Shit,Krizz Kaliko,soft,https://open.spotify.com/track/3USo3MdgSxGuZKig55q7k9
2R0PwfPJvH9Ezr2kpNPh0W,Lacquer Head,Primus,soft,https://open.spotify.com/track/2R0PwfPJvH9Ezr2kpNPh0W
1pLpEdOWbZvbX1s6gOizQC,RED,Seedhe Maut,soft,https://open.spotify.com/track/1pLpEdOWbZvbX1s6gOizQC
5bBW0KYxY0XZmoFkuiJ1Qo,Soft Ambient Focus,Productivity Music Lab,soft,https://open.spotify.com/track/5bBW0KYxY0XZmoFkuiJ1Qo
47AHMvZ9kh9SX99oNB06Di,Soft Ambient Dusk,Relaxing Music Studio One,soft,https://open.spotify.com/track/47AHMvZ9kh9SX99oNB06Di
5KeI897tZgjezHKvxlaOaR,Nonsense - Sped Up Version,Sabrina Carpenter,soft,https://open.spotify.com/track/5KeI897tZgjezHKvxlaOaR
3MVIHbuVWx7MLRRdHWnd8j,Nonsense,Sabrina Carpenter,soft,https://open.spotify.com/track/3MVIHbuVWx7MLRRdHWnd8j
43PtCXgEzcHMpHAsIZav2v,Ambient Focus Sounds,Alexmora,soft,https://open.spotify.com/track/43PtCXgEzcHMpHAsIZav2v
0MOREaozVb74CNqdUgMaMg,Soft Love 2,Vitor Salgueiral,soft,https://open.spotify.com/track/0MOREaozVb74CNqdUgMaMg
3Prg72TRbGsiJMHZ3D1nPR,Dade County Dreaming (feat. JT & Yung Miami),Camila Cabello,soft,https://open.spotify.com/track/3Prg72TRbGsiJMHZ3D1nPR
6D6zvWv8XPgvc1DwzQIEnd,Soft Lights,SIAFusion,soft,https://open.spotify.com/track/6D6zvWv8XPgvc1DwzQIEnd
1AETW4e42wn1bRDdYYQiop,Ambient Silence,BLKNIP,soft,https://open.spotify.com/track/1AETW4e42wn1bRDdYYQiop
54Unfy3pAfML3H1qrpwEPz,"Soft Ambient Dreams, relax music",piano instrumental,soft,https://open.spotify.com/track/54Unfy3pAfML3H1qrpwEPz
30xoObRQGGZjRw7dHRp2OK,Dreamy Ambient Soundscape,Relaxing Music,soft,https://open.spotify.com/track/30xoObRQGGZjRw7dHRp2OK
4IsCDwELoAMpDiOYqMVASO,Soft District,MELODİJİ,soft,https://open.spotify.com/track/4IsCDwELoAMpDiOYqMVASO
6LLbadkCyU4UC4ZxI1M1Tg,Velvet Decay,RainEcho,soft,https://open.spotify.com/track/6LLbadkCyU4UC4ZxI1M1Tg
4RGacGFT2ztXhGgzeaYzIR,Up To Something (feat. Travis Scott & Young Thug),Metro Boomin,soft,https://open.spotify.com/track/4RGacGFT2ztXhGgzeaYzIR
3e7cMFV9sPQ20jQn6M2l2w,Lobby Ambient Welcome,Uplifting Music Studio,soft,https://open.spotify.com/track/3e7cMFV9sPQ20jQn6M2l2w
1GYYv2GPExUFPqmHecnwXD,Softwave Echo,Turtle Pop Tunes,soft,https://open.spotify.com/track/1GYYv2GPExUFPqmHecnwXD
7zxyjP0NHBGLkFmw2a3vLS,Soft Focus Guitar Jazz,APOGHEA,soft,https://open.spotify.com/track/7zxyjP0NHBGLkFmw2a3vLS
5QCVFEOXmI9mCqiAZvokpW,Chingon (with Peso Peso),That Mexican OT,soft,https://open.spotify.com/track/5QCVFEOXmI9mCqiAZvokpW
4LszUCT6WJY5OuRFWbDkl8,Soft Acoustic Folk Sleep Music,The Nordic Echo,soft,https://open.spotify.com/track/4LszUCT6WJY5OuRFWbDkl8
06R84YHz9bqaQzEbIWxzsw,Gentle Heart,Joshua Hyslop,soft,https://open.spotify.com/track/06R84YHz9bqaQzEbIWxzsw
3dEdX1g7zycepndaSgVocd,Marigolds,Andrea Bejar,soft,https://open.spotify.com/track/3dEdX1g7zycepndaSgVocd
08jI4qmS0BZrfOZil1r7fv,Yours,The Neighborly,soft,https://open.spotify.com/track/08jI4qmS0BZrfOZil1r7fv
3YTLyZ1EtzkcX80aHYfEjM,"Trust Me, I'm Not a Hipster",Laura and the Storm,soft,https://open.spotify.com/track/3YTLyZ1EtzkcX80aHYfEjM
4cJsJdwEp3y4K1slV5fRZm,Interlude,Hollow Coves,soft,https://open.spotify.com/track/4cJsJdwEp3y4K1slV5fRZm
3FbXz5RRyPzJ2evJi3UqND,Little Lies,Arms & Legs,soft,https://open.spotify.com/track/3FbXz5RRyPzJ2evJi3UqND
3saCn2b1Ez6TusiKO8gm6y,JAPAN 47 PROJECT: 24. 三重 (Mie),katsuo-osamu,soft,https://open.spotify.com/track/3saCn2b1Ez6TusiKO8gm6y
4n7pu5noB9CqKWa2WVsCW4,Paper Cup Confessions,MIRA TWILIGHT,soft,https://open.spotify.com/track/4n7pu5noB9CqKWa2WVsCW4
7opV5dyqekijxbGn5b6BU4,Sgt. Pepper In the Gumbo Pot (narration),Jimmy Buffett,soft,https://open.spotify.com/track/7opV5dyqekijxbGn5b6BU4
28sxpMIurRNaFazKmbrCVH,Peaceful Folk Music Deep Sleep,The Nordic Echo,soft,https://open.spotify.com/track/28sxpMIurRNaFazKmbrCVH
353mb3rIwhUqYgA4eeC2um,Calm Folk Instrumental for Sleep,The Nordic Echo,soft,https://open.spotify.com/track/353mb3rIwhUqYgA4eeC2um
42TcPtq2TMJJZ1MmINUfUc,Darker Things,Lily Kershaw,soft,https://open.spotify.com/track/42TcPtq2TMJJZ1MmINUfUc
72xjEGzvtjyioPKM7T4oiJ,Dogwood Blossom,Fionn Regan,soft,https://open.spotify.com/track/72xjEGzvtjyioPKM7T4oiJ
2qNp94LDtM0vors2eziLEI,You Want Love,Freyr,soft,https://open.spotify.com/track/2qNp94LDtM0vors2eziLEI
5Sike2T9LP5d5gCORh5a6B,Waiting Room Magazines,Au Jus,soft,https://open.spotify.com/track/5Sike2T9LP5d5gCORh5a6B
0nXZw4vl94BsUHzfPBcOF9,Sleepless Shadows v2,AI-RIS,soft,https://open.spotify.com/track/0nXZw4vl94BsUHzfPBcOF9
0FS4Ar5Y67dTeo630J7s0q,Walk Into The Sun - Extended,The March Violets,soft,https://open.spotify.com/track/0FS4Ar5Y67dTeo630J7s0q
11oyVuqKauTYvRkkkRdHPF,Deep Sleep Relaxing Folk Music,The Nordic Echo,soft,https://open.spotify.com/track/11oyVuqKauTYvRkkkRdHPF
6fbYMM3wpfghscJddGBkWU,Slow Folk Instrumental Sleep Music,The Nordic Echo,soft,https://open.spotify.com/track/6fbYMM3wpfghscJddGBkWU
7kDaPKkSTB7bwE9WOucuVx,Sol,Blanco White,soft,https://open.spotify.com/track/7kDaPKkSTB7bwE9WOucuVx
1vuHmcfRwAFOVEq4ODsIIx,Years On,Novo Amor,soft,https://open.spotify.com/track/1vuHmcfRwAFOVEq4ODsIIx
6BzQnbYMiASXdwTerVH3zy,The Sun Is In Your Eyes - Voice Memo,Jacob Collier,soft,https://open.spotify.com/track/6BzQnbYMiASXdwTerVH3zy
7Fmj1zhsw53bGNLiVrCsgd,Anymore of Anything,Ocie Elliott,soft,https://open.spotify.com/track/7Fmj1zhsw53bGNLiVrCsgd
4MHd1DYvIArFsHTog4QgVB,If I Could Only Sing Like Ed Sheeran,Mary-Rose,soft,https://open.spotify.com/track/4MHd1DYvIArFsHTog4QgVB
1KigqGWmoxmxXxWP8LvGLg,American Folk Music,West Of Rome,soft,https://open.spotify.com/track/1KigqGWmoxmxXxWP8LvGLg
6k2kylzutG5XScpQL73I8x,Save Your Secrets,The Cribs,soft,https://open.spotify.com/track/6k2kylzutG5XScpQL73I8x
1vF7cFbGVUPmiNFgqlyei7,October Road,Open Road Folk Music,soft,https://open.spotify.com/track/1vF7cFbGVUPmiNFgqlyei7
07TPjCpTwFlahcTIKe673K,Relaxing Folk Instrumental Night Sleep,The Nordic Echo,soft,https://open.spotify.com/track/07TPjCpTwFlahcTIKe673K
1sfPsD7y9LUg3lMtsQEtKE,I'll Play You Out - Acoustic,Route 500,soft,https://open.spotify.com/track/1sfPsD7y9LUg3lMtsQEtKE
4MbbbyTIhGIqA5cJrULrQZ,Breathe,Alexi Murdoch,soft,https://open.spotify.com/track/4MbbbyTIhGIqA5cJrULrQZ
1Xss6O2U0zebURm2bIImWR,Worn in Well,Logan and Isabel,soft,https://open.spotify.com/track/1Xss6O2U0zebURm2bIImWR
0hSucwA3mTvIHmiC0vWWLb,Nothing (with You),Jamie Paige,soft,https://open.spotify.com/track/0hSucwA3mTvIHmiC0vWWLb
2O0gVNe54mEkGYeh6mHyAS,New Year's Snow,Daniel J Fraser,soft,https://open.spotify.com/track/2O0gVNe54mEkGYeh6mHyAS
0sdkb96ypD0qxdd1l4R5Rw,American Folk Music,West Of Rome,soft,https://open.spotify.com/track/0sdkb96ypD0qxdd1l4R5Rw
6npsdAkFns8UQEcBAZ8loU,Gentle Evening Acoustic Folk,The Nordic Echo,soft,https://open.spotify.com/track/6npsdAkFns8UQEcBAZ8loU
1PUhmrgJgU9l9bU9kdoZUG,Relaxing Acoustic Guitar – Soft Fingerpicked Instrumental for Calm and Rest,Relaxing Acoustic Guitar,soft,https://open.spotify.com/track/1PUhmrgJgU9l9bU9kdoZUG
53UVVZuXOzUj4tb3e63JyB,Gentleness,Hollow Transit,soft,https://open.spotify.com/track/53UVVZuXOzUj4tb3e63JyB
7iJ5qFD2bRy1wuMm9GSebW,Years On,Novo Amor,soft,https://open.spotify.com/track/7iJ5qFD2bRy1wuMm9GSebW
3bv34do4eRpUMf7B6zJefe,Rainbow and Arrow,Ocie Elliott,soft,https://open.spotify.com/track/3bv34do4eRpUMf7B6zJefe
6VnKIbHslTmwhEmH36ln4Q,Spell,Dora Jar,soft,https://open.spotify.com/track/6VnKIbHslTmwhEmH36ln4Q
5nd8YqjOCsEMsMQ5ihozUJ,It's Your Light,Prairie Pulse,soft,https://open.spotify.com/track/5nd8YqjOCsEMsMQ5ihozUJ
7cZwk7GHOPJZDq5vMTYZ2b,New Years Snow,Daniel J Fraser,soft,https://open.spotify.com/track/7cZwk7GHOPJZDq5vMTYZ2b
2xs4NFQdKjPBAeUYqmEXQy,A PEAceful Introduction,PEABOD,soft,https://open.spotify.com/track/2xs4NFQdKjPBAeUYqmEXQy
1dmLQnD9S6kSspae34Bd2k,Soft Acoustic Light,The Nordic Echo,soft,https://open.spotify.com/track/1dmLQnD9S6kSspae34Bd2k
7dFStjY90UqomLN0C1zmv0,Relaxing Guitar Sleep – Soft Acoustic Lullaby for Calm and Relaxation,Relaxing Acoustic Guitar,soft,https://open.spotify.com/track/7dFStjY90UqomLN0C1zmv0
2UjsiImkueoAmXCwoSyfsn,Calm Indie Folk Guitar від the Window,Santiago Heart,soft,https://open.spotify.com/track/2UjsiImkueoAmXCwoSyfsn
1r8Vg9Ja7ogvtWmnhB1zVL,Marigolds - Live Acoustic,Andrea Bejar,soft,https://open.spotify.com/track/1r8Vg9Ja7ogvtWmnhB1zVL
1b3W1sKREaZqNBsVJIZFpt,Walking With a Stranger,Chris Staples,soft,https://open.spotify.com/track/1b3W1sKREaZqNBsVJIZFpt
6j4mDM1LbxbTpiLC7FBCDd,Girl Like You,Paper Planes,soft,https://open.spotify.com/track/6j4mDM1LbxbTpiLC7FBCDd
1FZlgCfVvCIKf53nGmZvQD,Velvet NightFalls,Soo Gii,soft,https://open.spotify.com/track/1FZlgCfVvCIKf53nGmZvQD
3xcuLBog4LVQDWxVGK7MNC,That Place Beyond All Sorrow,Rick Richardson,soft,https://open.spotify.com/track/3xcuLBog4LVQDWxVGK7MNC
6iyjfXRRqZUnktXRIuBMMh,The Folk Singer,The Foster Kids,soft,https://open.spotify.com/track/6iyjfXRRqZUnktXRIuBMMh
0pxZox69WAuBzSgCRwtir8,Too Much,HONEYMOAN,soft,https://open.spotify.com/track/0pxZox69WAuBzSgCRwtir8
3fObS1r8RhW3HTdRM27jup,Warm Acoustic Folk Guitar Coffee Time,Santiago Heart,soft,https://open.spotify.com/track/3fObS1r8RhW3HTdRM27jup
0MpZlibb2Wqo5IC7nUakIN,Soft Calm Folk Relaxation,The Nordic Echo,soft,https://open.spotify.com/track/0MpZlibb2Wqo5IC7nUakIN
1tSHkOd93d45sloIBV0bvh,Acoustic Guitar Lullaby – Gentle Instrumental for Deep Sleep and Rest,Relaxing Acoustic Guitar,soft,https://open.spotify.com/track/1tSHkOd93d45sloIBV0bvh
5GLilt1jRW3niU4AEn7ARa,"However It Comes , Wherever It Goes",Passenger,soft,https://open.spotify.com/track/5GLilt1jRW3niU4AEn7ARa
6xbKjkdyxJWBFgbWKdOuHG,That Way,Children of Indigo,soft,https://open.spotify.com/track/6xbKjkdyxJWBFgbWKdOuHG
2LAuD8NFwuymC8xSlk2Cf5,Soft Strings Coffee Aroma,Music for coffee shop atmosphere,soft,https://open.spotify.com/track/2LAuD8NFwuymC8xSlk2Cf5
7FtrHI8JZLkdigLMb7Ui7i,Milk & Honey - Alternate Version,Hollow Coves,soft,https://open.spotify.com/track/7FtrHI8JZLkdigLMb7Ui7i
22j7UIVTIYDeGJZnoNVcin,STAVE 2 - The First Of The Three Spirits,Traditional,soft,https://open.spotify.com/track/22j7UIVTIYDeGJZnoNVcin
6akZ6ITPQfylEZRDkw8QWV,Dust Settles,Ali Saygıvar,soft,https://open.spotify.com/track/6akZ6ITPQfylEZRDkw8QWV
4XYLDfYDIS82JmsJRSef01,Firefly,My'Key Iso,soft,https://open.spotify.com/track/4XYLDfYDIS82JmsJRSef01
6EcKanoJrfQ9lWODXQEFrV,Tomb,Angelo De Augustine,soft,https://open.spotify.com/track/6EcKanoJrfQ9lWODXQEFrV
05LW1g6VhIokwTndRTiCEr,Indie Folk Guitar Slow Woodland Mood,Santiago Heart,soft,https://open.spotify.com/track/05LW1g6VhIokwTndRTiCEr
50ZopGo1OkwkEAVPDjqGtl,The Sea,Lily Kershaw,soft,https://open.spotify.com/track/50ZopGo1OkwkEAVPDjqGtl
6SW5Mgx6TWHK8nm1E2KBNG,Gentle Sleep,Tim Hans,soft,https://open.spotify.com/track/6SW5Mgx6TWHK8nm1E2KBNG
4YXGe4PYLz6yjKRpOOfkQh,Quiet Folk Guitar for Reading and Coffee,Santiago Heart,soft,https://open.spotify.com/track/4YXGe4PYLz6yjKRpOOfkQh
2WOKRUZ7NFmkk34aT0HU1K,Do It,Emma Harner,soft,https://open.spotify.com/track/2WOKRUZ7NFmkk34aT0HU1K
4QIxWkyYRD99yH9HoA6zoH,No Box,FFbatera,soft,https://open.spotify.com/track/4QIxWkyYRD99yH9HoA6zoH
5jSnHYTx2ClMesVpwudOcl,No Box,FFbatera,soft,https://open.spotify.com/track/5jSnHYTx2ClMesVpwudOcl
1aTCzZOl8v5OGqVlUJldEN,cartilage,Ethan Regan,soft,https://open.spotify.com/track/1aTCzZOl8v5OGqVlUJldEN
3Ki1XRwvSJ9UREfeFldVdB,Heavy Horses - 2003 Remaster,Jethro Tull,soft,https://open.spotify.com/track/3Ki1XRwvSJ9UREfeFldVdB
5GErtTAPEE6t31qrgmZER7,Gentle Acoustic,STIS,soft,https://open.spotify.com/track/5GErtTAPEE6t31qrgmZER7
5J37fwJAsmkFHDwqVPgpME,Gentle Acoustic Guitar Ambient Music,Peaceful Guitar Sky,soft,https://open.spotify.com/track/5J37fwJAsmkFHDwqVPgpME
797p8s5wjoYIvYSqtriIOb,Acoustic Guitar and Piano – Relaxing Instrumental for Calm and Rest,Relaxing Acoustic Guitar,soft,https://open.spotify.com/track/797p8s5wjoYIvYSqtriIOb
4tEbhflVi5PzSl2om3C3so,Pocket,Margot Liotta,soft,https://open.spotify.com/track/4tEbhflVi5PzSl2om3C3so
7xqMcLnvMZeszk6VaQd0Al,Under The Water,Hand Habits,soft,https://open.spotify.com/track/7xqMcLnvMZeszk6VaQd0Al
5napzNItoWe0a9cBn4syjn,Downpour,Charlie Cunningham,soft,https://open.spotify.com/track/5napzNItoWe0a9cBn4syjn
66rk3lmeH7c9DKYmbA5XEx,Telluride by My Side,Lila Hartwell,soft,https://open.spotify.com/track/66rk3lmeH7c9DKYmbA5XEx
2R8AvTXdAg1PGRNPBQRQQL,The Server's Song,Heather Dale,soft,https://open.spotify.com/track/2R8AvTXdAg1PGRNPBQRQQL
4o4LFS1tUBn69lQ7V83KAT,Daydreaming in Class,TAD SUZUKI,soft,https://open.spotify.com/track/4o4LFS1tUBn69lQ7V83KAT
06Ne5ZSMIoqVtRwxzOp9ft,Walk Into the Sun - Extended,The March Violets,soft,https://open.spotify.com/track/06Ne5ZSMIoqVtRwxzOp9ft
08d2feiCj1vaCvU5vSubcr,Guitar Cafe Music,Relaxing Acoustic Guitar,soft,https://open.spotify.com/track/08d2feiCj1vaCvU5vSubcr
6XxPxy3YfQNAnfPbM6PH3k,Guitar with Nature Sounds – Soft Acoustic Instrumental for Relaxation,Relaxing Acoustic Guitar,soft,https://open.spotify.com/track/6XxPxy3YfQNAnfPbM6PH3k
3xbg7d7q32Lw5BEjLzNitQ,Herb Garden Healing,The Acoustic Meadow - Cottagecore Folk,soft,https://open.spotify.com/track/3xbg7d7q32Lw5BEjLzNitQ
6owQobJAwNLqR7wP7o2flj,Aware for It All,Beta Radio,soft,https://open.spotify.com/track/6owQobJAwNLqR7wP7o2flj
2XsCBK0PkNahS01K4VBYF9,Shadow Bloom,Florist,soft,https://open.spotify.com/track/2XsCBK0PkNahS01K4VBYF9
7BL6fMnxXF6HrEy3Jb38m0,Gentle Guitar Espresso Mood,Music for coffee shop atmosphere,soft,https://open.spotify.com/track/7BL6fMnxXF6HrEy3Jb38m0
2dJuyVPol0mFK9uf7aCpAc,Live,Billie Marten,soft,https://open.spotify.com/track/2dJuyVPol0mFK9uf7aCpAc
5TQGXg3dqYY5jzpoCc45ZN,Folk Punk Star,Six Steps In,soft,https://open.spotify.com/track/5TQGXg3dqYY5jzpoCc45ZN
0joyFhinv2pijPglupDhIv,"We Are Falling, Falling - Recorded Live At The Adelaide Festival Theatre / March 1993",Peter Combe,soft,https://open.spotify.com/track/0joyFhinv2pijPglupDhIv
4Y1k1cFSl8UxJ1SAsR6NCm,Coconut,Gracious,soft,https://open.spotify.com/track/4Y1k1cFSl8UxJ1SAsR6NCm
4hhwyBxns9O6XIDQzL7bvF,Peaceful Sleep,Lullaby Time,soft,https://open.spotify.com/track/4hhwyBxns9O6XIDQzL7bvF
3vMaYcp3QPmyrP56egxuUX,Âm Thanh Dễ Ngủ - Piano Và Tiếng Côn Trùng,Tam Vinh Producer,soft,https://open.spotify.com/track/3vMaYcp3QPmyrP56egxuUX
2GlATHCDbLW7xq5BE0Bz5g,Shot Clock,Ella Mai,soft,https://open.spotify.com/track/2GlATHCDbLW7xq5BE0Bz5g
2Tnt1ux4o63qXFR8G9kePT,Still Sleepless - Ekko & Sidetrack Remix,D.O.D,soft,https://open.spotify.com/track/2Tnt1ux4o63qXFR8G9kePT
1gjnbW7j9o9vFKbuEXXvGY,Sleep Song,Gracie's Corner,soft,https://open.spotify.com/track/1gjnbW7j9o9vFKbuEXXvGY
6wOVTEdEbQrWhpmtV3R8jn,Peaceful Naptime Melodies,Musiscape,soft,https://open.spotify.com/track/6wOVTEdEbQrWhpmtV3R8jn
5qxChyzKLEyoPJ5qGrdurN,No Sleep Till Brooklyn,Beastie Boys,soft,https://open.spotify.com/track/5qxChyzKLEyoPJ5qGrdurN
1qnAqLOzgGWo6wNIat6spb,A Place Called Home (Lullaby),Gentle Giants Academy,soft,https://open.spotify.com/track/1qnAqLOzgGWo6wNIat6spb
51aLpGefehw4GIP8J3EU4K,Double Lift,No Potential,soft,https://open.spotify.com/track/51aLpGefehw4GIP8J3EU4K
6d7caWRf8ppGriZQzOguvd,Fake Friend,Alex Newman,soft,https://open.spotify.com/track/6d7caWRf8ppGriZQzOguvd
4HZv6v61sYeK2OPHuXwgM7,Chìm Vào Giấc Ngủ - Piano Và Tiếng Dế Gáy,Tam Vinh Producer,soft,https://open.spotify.com/track/4HZv6v61sYeK2OPHuXwgM7
0rj2bGRNjPu7DgZkvUecAW,Âm Thanh Dễ Ngủ - Piano Thư Giãn,Tam Vinh Producer,soft,https://open.spotify.com/track/0rj2bGRNjPu7DgZkvUecAW
1yX9gy5fK02j6nBnGJ1S3k,Sweet Dreams (feat. Miguel),j-hope,soft,https://open.spotify.com/track/1yX9gy5fK02j6nBnGJ1S3k
7oSBHzA5J69kqhFp4anTNy,Rain and Thunder,Sleep Waves,soft,https://open.spotify.com/track/7oSBHzA5J69kqhFp4anTNy
0trHOzAhNpGCsGBEu7dOJo,N.Y. State of Mind,Nas,soft,https://open.spotify.com/track/0trHOzAhNpGCsGBEu7dOJo
4fIc83ejoqx61ez5O3LMFZ,Lolligag,Mr. Macabre,soft,https://open.spotify.com/track/4fIc83ejoqx61ez5O3LMFZ
0bsvNWLPo8O2kSuon3diTP,Insanitys Mind,Jag Panzer,soft,https://open.spotify.com/track/0bsvNWLPo8O2kSuon3diTP
2VRBLbXxAqXYBJrRcclEvY,Peaceful Sleep's Embrace,Musiscape,soft,https://open.spotify.com/track/2VRBLbXxAqXYBJrRcclEvY
3zOgfB6xNtU0vaV38kthWk,Talk,Retronaut,soft,https://open.spotify.com/track/3zOgfB6xNtU0vaV38kthWk
5s8iK4yaAWctDqv5KEjXpj,Peaceful Rest,Calmly,soft,https://open.spotify.com/track/5s8iK4yaAWctDqv5KEjXpj
6NAvtppjAa8bYt3NKO85T5,Peaceful Nights,Calmly,soft,https://open.spotify.com/track/6NAvtppjAa8bYt3NKO85T5
2O6tm3Vd6PmzS0LUvmgVaF,Piano Kích Thích Ngủ Ngon - Piano Thư Giãn,Tam Vinh Producer,soft,https://open.spotify.com/track/2O6tm3Vd6PmzS0LUvmgVaF
2pONuBYwWrNm9jcJH6hmPc,Sleep,My Chemical Romance,soft,https://open.spotify.com/track/2pONuBYwWrNm9jcJH6hmPc
4QTO9eLRONw0rzOVWU4uB4,Are You That Somebody?,Aaliyah,soft,https://open.spotify.com/track/4QTO9eLRONw0rzOVWU4uB4
5vqwjG0UB6eF0vXVX9h45S,Peaceful Heart,Friede,soft,https://open.spotify.com/track/5vqwjG0UB6eF0vXVX9h45S
6XXyWP8pfPR6wasj9BER6P,Peaceful Piano Whispers,Sleepy Stan,soft,https://open.spotify.com/track/6XXyWP8pfPR6wasj9BER6P
06I0Xj013hTK9lesPGGdaO,Sleep with Rain,Piano Peace,soft,https://open.spotify.com/track/06I0Xj013hTK9lesPGGdaO
0vZsA1h8jCKi7IFTwbtlit,Peaceful Sleep,岡部啓一,soft,https://open.spotify.com/track/0vZsA1h8jCKi7IFTwbtlit
6GQFff8DRvetinRekpgCW3,Peaceful Dreams,Calmly,soft,https://open.spotify.com/track/6GQFff8DRvetinRekpgCW3
4vyG9ZhHT8MKJE5mTICMFC,Still Sleepless,D.O.D,soft,https://open.spotify.com/track/4vyG9ZhHT8MKJE5mTICMFC
2y2OPRFG8YftlHxxcIx4Mh,Sleep's Whispering Wind,Musiscape,soft,https://open.spotify.com/track/2y2OPRFG8YftlHxxcIx4Mh
1AHfovSnGPVYKaahRtA0U6,The Message,Nas,soft,https://open.spotify.com/track/1AHfovSnGPVYKaahRtA0U6
05qiSWpC4dtdUZs81jqA2u,Cold Turkey,$uicideboy$,soft,https://open.spotify.com/track/05qiSWpC4dtdUZs81jqA2u
6nzFAW2tADCcbzacHKn4a1,Peaceful Night for Puppies,Calm My Dog,soft,https://open.spotify.com/track/6nzFAW2tADCcbzacHKn4a1
09aEdfjfGtYT1P3GknEnDJ,Sleep with Pinked,Heavenly Lullaby,soft,https://open.spotify.com/track/09aEdfjfGtYT1P3GknEnDJ
7M6KTZcTs5KdCgiUvVVaS1,Peaceful Sleep,Soul Studio,soft,https://open.spotify.com/track/7M6KTZcTs5KdCgiUvVVaS1
2WaScNHR306pmH1kBomq7U,Peaceful Night Rain - with water sounds,JESSE,soft,https://open.spotify.com/track/2WaScNHR306pmH1kBomq7U
4P2hggOudmObOEjk7dbK4X,Peaceful Horizons - with water sounds,JESSE,soft,https://open.spotify.com/track/4P2hggOudmObOEjk7dbK4X
44GIBXo2GdakVC7PAJfcpb,Sleeping Water,The Slumbering One,soft,https://open.spotify.com/track/44GIBXo2GdakVC7PAJfcpb
0wXg2mr9DmmKhb7MbpBM62,Peaceful Piano at Night,Avy Williams,soft,https://open.spotify.com/track/0wXg2mr9DmmKhb7MbpBM62
3bK1zVFBKIzYjmptmI4NsJ,Overdrive (feat. Norma Jean Martine),Ofenbach,soft,https://open.spotify.com/track/3bK1zVFBKIzYjmptmI4NsJ
6XSxQJgbqqNmOjiiHCVqM6,Don't Sleep (feat. French Montana & Stefflon Don),Chromeo,soft,https://open.spotify.com/track/6XSxQJgbqqNmOjiiHCVqM6
2UyQQjPjq4nA7mYivEkzRx,Out the Mud,Kevin Gates,soft,https://open.spotify.com/track/2UyQQjPjq4nA7mYivEkzRx
7MWApG1UvibhGVVylUF5Ef,Sleep with Good Relax,Heavenly Lullaby,soft,https://open.spotify.com/track/7MWApG1UvibhGVVylUF5Ef
4dz42NBCdSKYCgLDu2FxxU,Peaceful Dreaming,Dream Supplier,soft,https://open.spotify.com/track/4dz42NBCdSKYCgLDu2FxxU
4T317D8kCVdPbqmsUdDA89,Peaceful Skies,Soothing Oasis,soft,https://open.spotify.com/track/4T317D8kCVdPbqmsUdDA89
6tfLIdLp56yDucnHJhngDn,peaceful sleep,Good Night Sleepy Time,soft,https://open.spotify.com/track/6tfLIdLp56yDucnHJhngDn
2qSkIjg1o9h3YT9RAgYN75,Espresso,Sabrina Carpenter,soft,https://open.spotify.com/track/2qSkIjg1o9h3YT9RAgYN75
2HRqTpkrJO5ggZyyK6NPWz,Espresso,Sabrina Carpenter,soft,https://open.spotify.com/track/2HRqTpkrJO5ggZyyK6NPWz
64BcM26tNk4mck12RD47O2,Sleepy Water Sounds,The Slumbering One,soft,https://open.spotify.com/track/64BcM26tNk4mck12RD47O2
1BYso4RiH8TJXQqA374Prh,Peaceful Nights,Sleepy Shepherd,soft,https://open.spotify.com/track/1BYso4RiH8TJXQqA374Prh
04zfFfRMXegKi4mMkGMeze,Yes,Coldplay,soft,https://open.spotify.com/track/04zfFfRMXegKi4mMkGMeze
5lZZmityu9TAjNvSY6GLhR,Zack And Codeine,Post Malone,soft,https://open.spotify.com/track/5lZZmityu9TAjNvSY6GLhR
1y9fIhMXyuw36582L2v1gi,Sleep During a Pink Noise,Heavenly Lullaby,soft,https://open.spotify.com/track/1y9fIhMXyuw36582L2v1gi
5T49lalVUoeOcgkmyNoALE,Peaceful Sleep,Relaxing Spa Music,soft,https://open.spotify.com/track/5T49lalVUoeOcgkmyNoALE
6Rqu9HruOivaYBcY91ra0N,Peaceful Slumber,The Slumbering One,soft,https://open.spotify.com/track/6Rqu9HruOivaYBcY91ra0N
5hS2EGBoBVezjhnW81CVxa,Don't Wanna Sleep,Swif7,soft,https://open.spotify.com/track/5hS2EGBoBVezjhnW81CVxa
18128ZbBsbhdVGpafMDVJy,Peaceful Lullaby,Elin & the Lullaby Orchestra,soft,https://open.spotify.com/track/18128ZbBsbhdVGpafMDVJy
21IYMdzTrzSe191Cy5eMap,Sailor Song,Gigi Perez,soft,https://open.spotify.com/track/21IYMdzTrzSe191Cy5eMap
2FeDSDSvuJOWAnf8A5hynw,"Peaceful Sleep Noise, Pt. 01",White Noise Baby Sleep,soft,https://open.spotify.com/track/2FeDSDSvuJOWAnf8A5hynw
753L5jOQM1OdajOZvnonGt,Peaceful Piano for Dogs – Calm Companion,Calm My Dog,soft,https://open.spotify.com/track/753L5jOQM1OdajOZvnonGt
6kDyRP48g1KWahq8irqZF9,Sweet to Dream,Jordana,soft,https://open.spotify.com/track/6kDyRP48g1KWahq8irqZF9
3v2xGR1yHoqzYCqiXrXJsU,Peaceful Ambience for Nervous Dogs,Happy Dog Society,soft,https://open.spotify.com/track/3v2xGR1yHoqzYCqiXrXJsU
3rKf7zoi2wbnsQ2HonK9K3,Peaceful Sleep,Lullaby Sleep,soft,https://open.spotify.com/track/3rKf7zoi2wbnsQ2HonK9K3
2LNCxrRNh8DrhB9k705VfD,Peace,Sleeping Sounds,soft,https://open.spotify.com/track/2LNCxrRNh8DrhB9k705VfD
2DHNCWZYmVr1Lv08q5b0kB,Roses,Kanye West,soft,https://open.spotify.com/track/2DHNCWZYmVr1Lv08q5b0kB
5fiKIc9nFfSt1FsBHrSvWZ,Receipts (feat. Gunna),Diplo,soft,https://open.spotify.com/track/5fiKIc9nFfSt1FsBHrSvWZ
14jC0V8KA9BEYI1OWNpIlC,Zombie (feat. Madchild & Insane Clown Posse),Jelly Roll,soft,https://open.spotify.com/track/14jC0V8KA9BEYI1OWNpIlC
7t87sUN9PulbbAvF7Uxajd,No Sleep Tonight,Enter Shikari,soft,https://open.spotify.com/track/7t87sUN9PulbbAvF7Uxajd
2KrrzMxZOduLyckgR6gxAI,Sleep with Pinked,Heavenly Noise,soft,https://open.spotify.com/track/2KrrzMxZOduLyckgR6gxAI
4y4bw2dCtbXBHySNdys28t,Sleep with Low Relax,Heavenly Noise,soft,https://open.spotify.com/track/4y4bw2dCtbXBHySNdys28t
39D7OIsJOvnALYVig7Kkef,Sleep During a Pink Noise,Heavenly Noise,soft,https://open.spotify.com/track/39D7OIsJOvnALYVig7Kkef
7MOnTD21rLPfTRBckzk9NT,Peaceful Piano,Keys To The Sky,soft,https://open.spotify.com/track/7MOnTD21rLPfTRBckzk9NT
2t0hOVWJRKIKtlwtOppIT1,Sleeping Peacefully with Calm Night Waves,Waves for Sleep,soft,https://open.spotify.com/track/2t0hOVWJRKIKtlwtOppIT1
6hu3K0i3C1dqmomWmh5LeD,Sleep In Peace - with rain,Posple,soft,https://open.spotify.com/track/6hu3K0i3C1dqmomWmh5LeD
2j4SwPOf01aDGJbpJ6DlUr,Peaceful Harmony,Sacred Flute,soft,https://open.spotify.com/track/2j4SwPOf01aDGJbpJ6DlUr
2s7F8qjzm1XcMKG7O4GzCY,EAT SLEEP RAGE,Ray Volpe,soft,https://open.spotify.com/track/2s7F8qjzm1XcMKG7O4GzCY
088pDcvutKWMjfdNLm6XE9,Peaceful Bath Tub Running Water,SleepTherapy,soft,https://open.spotify.com/track/088pDcvutKWMjfdNLm6XE9
4sVkYNsMcKma7kv2894hWe,Peaceful Paws Sanctuary,Relaxing Dog Society,soft,https://open.spotify.com/track/4sVkYNsMcKma7kv2894hWe
36tVdsRWDbPBekxVYEWhph,Buga (Lo Lo Lo),Kizz Daniel,soft,https://open.spotify.com/track/36tVdsRWDbPBekxVYEWhph
2Le4R47s0PyT0oWcD7qifb,Shadows,Twin Tribes,soft,https://open.spotify.com/track/2Le4R47s0PyT0oWcD7qifb
1zW9gsXs2KHa0rdvxsZqwR,Winds of Peace - with water sounds,Relaxing Music,soft,https://open.spotify.com/track/1zW9gsXs2KHa0rdvxsZqwR
3MEw4IDtZDhpEdaEWTUak0,Sweet Dreams (feat. Miguel),j-hope,soft,https://open.spotify.com/track/3MEw4IDtZDhpEdaEWTUak0
4fDSOjvqT93wWOXQfrNp42,Peaceful Sea,Ocean Sounds,soft,https://open.spotify.com/track/4fDSOjvqT93wWOXQfrNp42
2HvyNivWMMe2eywZL49cuu,Sleep Tight,Nursery Rhymes 123,soft,https://open.spotify.com/track/2HvyNivWMMe2eywZL49cuu
6WlMobp9s8p0FCFBzce2T4,Peaceful Dog Music,Sleepy Dogs,soft,https://open.spotify.com/track/6WlMobp9s8p0FCFBzce2T4
6Hn9Uc1mMNfqChXU3txNke,Mad,Ne-Yo,soft,https://open.spotify.com/track/6Hn9Uc1mMNfqChXU3txNke
2s8ZvXTG6J7yLs9UbqySvL,Blue is the Eye,Ye Vagabonds,soft,https://open.spotify.com/track/2s8ZvXTG6J7yLs9UbqySvL
4rVytHTDGLtcxS9Px9Fypx,Peaceful Melody,Sleepy Stella,soft,https://open.spotify.com/track/4rVytHTDGLtcxS9Px9Fypx
2EVbhRkcYyQY7b3Sc338EA,Sleep White Noise,Heavenly Lullaby,soft,https://open.spotify.com/track/2EVbhRkcYyQY7b3Sc338EA
0bZBVMiVy8C61dC1flSnQj,Driver 8,Hootie & The Blowfish,edgy,https://open.spotify.com/track/0bZBVMiVy8C61dC1flSnQj
3MlWCQrss13ZUSWwZVFdOX,Good,Better Than Ezra,edgy,https://open.spotify.com/track/3MlWCQrss13ZUSWwZVFdOX
2IXAIrKSQkY4S29pYdqvR5,Lua,Cidade Muda,edgy,https://open.spotify.com/track/2IXAIrKSQkY4S29pYdqvR5
7jplicU1AJlni8p7ofMdCn,Good,Better Than Ezra,edgy,https://open.spotify.com/track/7jplicU1AJlni8p7ofMdCn
01XGHuYVOqmT4FwAqoXVUV,Earth Plc,Dogman,edgy,https://open.spotify.com/track/01XGHuYVOqmT4FwAqoXVUV
7pyOucknjPKp4paiP7PXAQ,In the Meantime,Spacehog,edgy,https://open.spotify.com/track/7pyOucknjPKp4paiP7PXAQ
2cS0OxIKG5S91c3kZ1nFCQ,Any Time You Find,Wipers,edgy,https://open.spotify.com/track/2cS0OxIKG5S91c3kZ1nFCQ
35be0y0N266OgroVcKNQJH,Drowning,Hootie & The Blowfish,edgy,https://open.spotify.com/track/35be0y0N266OgroVcKNQJH
3v9YoMJCXZPvB1xPIQAoIG,No Authority,Fang,edgy,https://open.spotify.com/track/3v9YoMJCXZPvB1xPIQAoIG
0WrNr3Iy51OqLzhaVMCFi8,Alguna Vez,Tensionautas,edgy,https://open.spotify.com/track/0WrNr3Iy51OqLzhaVMCFi8
3K1Xt9aY4pyuKBi6ZpIea2,How You Remind Me,Nickelback,edgy,https://open.spotify.com/track/3K1Xt9aY4pyuKBi6ZpIea2
0OacuWt27xXxvsojQzcM2p,Innocence,Hootie & The Blowfish,edgy,https://open.spotify.com/track/0OacuWt27xXxvsojQzcM2p
4cVsgKJJvtaJKPjToUBsvQ,Good,Better Than Ezra,edgy,https://open.spotify.com/track/4cVsgKJJvtaJKPjToUBsvQ
50Ppjtw6EREw1zf8nRwq8B,Cuentos de libertad,EXPLOTA MARTE,edgy,https://open.spotify.com/track/50Ppjtw6EREw1zf8nRwq8B
5nzd9omLjMMIT9tSAuTwlr,In a Little While,Uncle Kracker,edgy,https://open.spotify.com/track/5nzd9omLjMMIT9tSAuTwlr
13Cl6G3hDS5yUpfhFI7QBe,Smile,Uncle Kracker,edgy,https://open.spotify.com/track/13Cl6G3hDS5yUpfhFI7QBe
3HQ5SXFEIuHatD3K2JXrDU,Hold My Hand - Don Gehman Remix,Hootie & The Blowfish,edgy,https://open.spotify.com/track/3HQ5SXFEIuHatD3K2JXrDU
2CbsuJj8moZgLiKA7DRjLx,"Please, Please, Please Let Me Get What I Want - Acoustic Version",Hootie & The Blowfish,edgy,https://open.spotify.com/track/2CbsuJj8moZgLiKA7DRjLx
3uQ1MEYUDWkHBiL7ZBwc2p,It's Got Me - Wilderness RMX,Minaxi,edgy,https://open.spotify.com/track/3uQ1MEYUDWkHBiL7ZBwc2p
0xvXwmLN4SHWf1g1LErSzI,Wadejel,Nasty Bomb,edgy,https://open.spotify.com/track/0xvXwmLN4SHWf1g1LErSzI
6BUkNLpuRj7jRsV8pCe8gq,How You Remind Me,Nickelback,edgy,https://open.spotify.com/track/6BUkNLpuRj7jRsV8pCe8gq
1MMrIZuRrYsftmysp5QlTO,I Go Blind,Hootie & The Blowfish,edgy,https://open.spotify.com/track/1MMrIZuRrYsftmysp5QlTO
76uFFESWLkn5vTB8GawQn4,In a Little While - Radio Edit,Uncle Kracker,edgy,https://open.spotify.com/track/76uFFESWLkn5vTB8GawQn4
7zkZ0Z5pObnvPaZAPbmq9J,Cursed Female,Porno for Pyros,edgy,https://open.spotify.com/track/7zkZ0Z5pObnvPaZAPbmq9J
5Gsb4sECVC8jmuv56DM3a4,Wolves of Winter Hill,Dogman,edgy,https://open.spotify.com/track/5Gsb4sECVC8jmuv56DM3a4
3oBNP2peLPpcF3BLSFGBp3,Smile,Uncle Kracker,edgy,https://open.spotify.com/track/3oBNP2peLPpcF3BLSFGBp3
6sUAVWJqAZ7BW2PXWkrGO8,Deeper Side,Hootie & The Blowfish,edgy,https://open.spotify.com/track/6sUAVWJqAZ7BW2PXWkrGO8
1OOYHh89JA8JyDdHrLonRp,Don't Know How (Not to Love You),Uncle Kracker,edgy,https://open.spotify.com/track/1OOYHh89JA8JyDdHrLonRp
6tw7xuilAjr94tavcVzWJ5,Hold My Hand - Don Gehman Remix,Hootie & The Blowfish,edgy,https://open.spotify.com/track/6tw7xuilAjr94tavcVzWJ5
5XcXQc1sBO1lpXkYRnlTGi,No Stranger to Shame,Uncle Kracker,edgy,https://open.spotify.com/track/5XcXQc1sBO1lpXkYRnlTGi
0Mx70RWFo7f21sJpE3TBpA,In the Meantime,Spacehog,edgy,https://open.spotify.com/track/0Mx70RWFo7f21sJpE3TBpA
07VgY8dX7Y2y1tLjtVY5DQ,In the Meantime,Spacehog,edgy,https://open.spotify.com/track/07VgY8dX7Y2y1tLjtVY5DQ
6dJQaueYda07Vof4qqFhGX,My Hometown,Uncle Kracker,edgy,https://open.spotify.com/track/6dJQaueYda07Vof4qqFhGX
6nBRXBbLnmmJ8wKAanLYmN,My Hometown,Uncle Kracker,edgy,https://open.spotify.com/track/6nBRXBbLnmmJ8wKAanLYmN
2BJhHjMUUvgwjKhdacoUPw,In the Meantime,Spacehog,edgy,https://open.spotify.com/track/2BJhHjMUUvgwjKhdacoUPw
6ucOiR94kmd4csPqRwMf25,Peace Is Free - Acoustic Version,Black Stone Cherry,edgy,https://open.spotify.com/track/6ucOiR94kmd4csPqRwMf25
06dlOwkkLNsTbwbYBwV2gM,"Please, Please, Please Let Me Get What I Want - Acoustic Version",Hootie & The Blowfish,edgy,https://open.spotify.com/track/06dlOwkkLNsTbwbYBwV2gM
6YyjjeX2oKXdsO89rpZyKB,Mainstreet,Uncle Kracker,edgy,https://open.spotify.com/track/6YyjjeX2oKXdsO89rpZyKB
3VwKj3y3nFdEwzvrJun214,Spirit of David,Pure Joy,edgy,https://open.spotify.com/track/3VwKj3y3nFdEwzvrJun214
6KebkUbZCRdyyBBzoScHsD,Deeper Side,Hootie & The Blowfish,edgy,https://open.spotify.com/track/6KebkUbZCRdyyBBzoScHsD
0NK97nQNrIfWZpi0dFAsAj,In the Meantime,Spacehog,edgy,https://open.spotify.com/track/0NK97nQNrIfWZpi0dFAsAj
0JucFN12WllikJBj34SwY6,In the Meantime,Spacehog,edgy,https://open.spotify.com/track/0JucFN12WllikJBj34SwY6
6eKEQjxUNqKn9dZsb3FlYc,In the Meantime,Spacehog,edgy,https://open.spotify.com/track/6eKEQjxUNqKn9dZsb3FlYc
09ZkpROBfEZerC22PiPdOB,You And Me,Lifehouse,edgy,https://open.spotify.com/track/09ZkpROBfEZerC22PiPdOB
1iMwkIUsie2pW4e4aKbf80,In the Meantime,Spacehog,edgy,https://open.spotify.com/track/1iMwkIUsie2pW4e4aKbf80
2XTyIBJOoZOKdYuEHSxHsl,Old Man & Me,Hootie & The Blowfish,edgy,https://open.spotify.com/track/2XTyIBJOoZOKdYuEHSxHsl
6elCsEPxY70v931BcmUnqC,Fuck You,The Derelicts,edgy,https://open.spotify.com/track/6elCsEPxY70v931BcmUnqC
395hqZD9vtDjREQnfqHuT4,Fathers and Songs,For Love Not Lisa,edgy,https://open.spotify.com/track/395hqZD9vtDjREQnfqHuT4
0uwULGpPDWaFNh4NVwzDCR,Alguna Vez,Tensionautas,edgy,https://open.spotify.com/track/0uwULGpPDWaFNh4NVwzDCR
3HglG1Xe8YBmHWUgAnm3Rp,We Have a Vision,Pure Joy,edgy,https://open.spotify.com/track/3HglG1Xe8YBmHWUgAnm3Rp
5TXFM3CvAgWQ67SBUbRpet,How You Remind Me,Nickelback,edgy,https://open.spotify.com/track/5TXFM3CvAgWQ67SBUbRpet
3Vvbw8qFHNnGtA7WBcyBTX,How You Remind Me,Nickelback,edgy,https://open.spotify.com/track/3Vvbw8qFHNnGtA7WBcyBTX
4PA7E5Yui8ge0BUZz1OWpf,Good,Better Than Ezra,edgy,https://open.spotify.com/track/4PA7E5Yui8ge0BUZz1OWpf
4p4WsKA5GjZ01jvNvvsu9m,Cumbersome,Seven Mary Three,edgy,https://open.spotify.com/track/4p4WsKA5GjZ01jvNvvsu9m
0HYogcgCj9derWMsIEArjE,Avalanche,Dogman,edgy,https://open.spotify.com/track/0HYogcgCj9derWMsIEArjE
2seTRuXexLLgkqK64cE4wR,In a Little While,Uncle Kracker,edgy,https://open.spotify.com/track/2seTRuXexLLgkqK64cE4wR
1bZlHwpzQoo7rOch45HT4I,In a Little While - Radio Edit,Uncle Kracker,edgy,https://open.spotify.com/track/1bZlHwpzQoo7rOch45HT4I
53e6mjNx39AjNMVOUB8qfd,Put Your Hands up - Swanky Tunes Radio Edit,Matchbox Twenty,edgy,https://open.spotify.com/track/53e6mjNx39AjNMVOUB8qfd
6iFt7OgItjQqO6hBvkTPsZ,Silly Little Pop Song,Hootie & The Blowfish,edgy,https://open.spotify.com/track/6iFt7OgItjQqO6hBvkTPsZ
2agxm5UJSZUeUNZZT25CC8,Corner Bar,Uncle Kracker,edgy,https://open.spotify.com/track/2agxm5UJSZUeUNZZT25CC8
0At5TiGc8ZPxay70lanN2J,In the Meantime,Spacehog,edgy,https://open.spotify.com/track/0At5TiGc8ZPxay70lanN2J
1uCVVd132Lr8fh3zCLT0JG,In the Meantime,Spacehog,edgy,https://open.spotify.com/track/1uCVVd132Lr8fh3zCLT0JG
4gcdUBJMgiPjX9MPyrTtpj,My Hometown,Uncle Kracker,edgy,https://open.spotify.com/track/4gcdUBJMgiPjX9MPyrTtpj
03izBTgd89F0AUHhI5wScq,Die Trying - Acoustic,Art Of Dying,edgy,https://open.spotify.com/track/03izBTgd89F0AUHhI5wScq
77MZp8srPY25bgOD3aH0VA,Hold My Hand - Don Gehman Remix,Hootie & The Blowfish,edgy,https://open.spotify.com/track/77MZp8srPY25bgOD3aH0VA
7duZuDpbMj0owphZFi3zVt,Drowning,Hootie & The Blowfish,edgy,https://open.spotify.com/track/7duZuDpbMj0owphZFi3zVt
4uNFcJBq0Azz5sOsqbwxi4,Tear It Out,Where It Sleeps,edgy,https://open.spotify.com/track/4uNFcJBq0Azz5sOsqbwxi4
4o5VPuFM0clafZZMk1MInh,Mercy - Acoustic,Stone Sour,edgy,https://open.spotify.com/track/4o5VPuFM0clafZZMk1MInh
3l9qs8reNUw8LR5eeN2uGZ,Put Your Hands up - Swanky Tunes Radio Edit,Matchbox Twenty,edgy,https://open.spotify.com/track/3l9qs8reNUw8LR5eeN2uGZ
7z9mHCGB4rbR5gUezxH94w,She's So Mean - Ralphi Rosario Radio Edit,Matchbox Twenty,edgy,https://open.spotify.com/track/7z9mHCGB4rbR5gUezxH94w
10yeyQng9u0zuIOgikVubj,My Hometown,Uncle Kracker,edgy,https://open.spotify.com/track/10yeyQng9u0zuIOgikVubj
63C6KXKBDHCoRnnCA6fYW3,My Hometown,Uncle Kracker,edgy,https://open.spotify.com/track/63C6KXKBDHCoRnnCA6fYW3
2h2B4gXudILl4aFGrFoZt6,Innocence,Hootie & The Blowfish,edgy,https://open.spotify.com/track/2h2B4gXudILl4aFGrFoZt6
0upkkoC5UJOyfpIRH6yd9n,I Go Blind,Hootie & The Blowfish,edgy,https://open.spotify.com/track/0upkkoC5UJOyfpIRH6yd9n
22OzVUK9tYVUVFDUj2NaVv,It's a Love Thing (A Higher Being Wants Us to Sing),Dogman,edgy,https://open.spotify.com/track/22OzVUK9tYVUVFDUj2NaVv
11lJb7fNgXBnjm5ji7gLjl,Rockstar,Nickelback,edgy,https://open.spotify.com/track/11lJb7fNgXBnjm5ji7gLjl
5gMHTKQt5wiHBiSxW3GFEf,Good,Better Than Ezra,edgy,https://open.spotify.com/track/5gMHTKQt5wiHBiSxW3GFEf
5I9JuP3v8wTcwOMmj2nc10,Porno for Pyros,Porno for Pyros,edgy,https://open.spotify.com/track/5I9JuP3v8wTcwOMmj2nc10
6prksJoFMcipqEWNxy3kUr,Put Your Hands up - Swanky Tunes Radio Edit,Matchbox Twenty,edgy,https://open.spotify.com/track/6prksJoFMcipqEWNxy3kUr
3lPghQUGji79FL0njzz1sX,Sacrifice of Praise,Pure Joy,edgy,https://open.spotify.com/track/3lPghQUGji79FL0njzz1sX
1MaEVcQaP2cwnnFg1x3QAS,How You Remind Me,Nickelback,edgy,https://open.spotify.com/track/1MaEVcQaP2cwnnFg1x3QAS
2xKQQ26zPOD8MKPuBQDvNF,In the Blood,Better Than Ezra,edgy,https://open.spotify.com/track/2xKQQ26zPOD8MKPuBQDvNF
7JSzWjZdyc5myqoCNZoI8Y,Good,Better Than Ezra,edgy,https://open.spotify.com/track/7JSzWjZdyc5myqoCNZoI8Y
7iFf67gg97FJR9VObpfT5X,Secrets,Where It Sleeps,edgy,https://open.spotify.com/track/7iFf67gg97FJR9VObpfT5X
2o2Uoit9Sy2VhAnSCTJtjP,We Know How It Ends (Let's Make a Film of Our Lives),Dogman,edgy,https://open.spotify.com/track/2o2Uoit9Sy2VhAnSCTJtjP
2hSsyqbtp8TgqQSuskJPXk,Good,Better Than Ezra,edgy,https://open.spotify.com/track/2hSsyqbtp8TgqQSuskJPXk
3ddpZtIYiKtfZauo72Igdq,Smile,Uncle Kracker,edgy,https://open.spotify.com/track/3ddpZtIYiKtfZauo72Igdq
2J1FEDlB1MrtVfZtX1ibX4,Peace Is Free - Acoustic Version,Black Stone Cherry,edgy,https://open.spotify.com/track/2J1FEDlB1MrtVfZtX1ibX4
31kl1ycGG275u4c0E6wg9H,"Ruined - Millipede ""Softly Broken"" Remix",Lacing,edgy,https://open.spotify.com/track/31kl1ycGG275u4c0E6wg9H
0e73j0Eqgtv68b3seiIcqo,Hell and High Water - Acoustic,Black Stone Cherry,edgy,https://open.spotify.com/track/0e73j0Eqgtv68b3seiIcqo
4ds0jDOHIX3QeK3zFmTLlv,Iris - Acoustic,The Goo Goo Dolls,edgy,https://open.spotify.com/track/4ds0jDOHIX3QeK3zFmTLlv
7mhPoPnBx4gX1qFQXEVGzx,In the Meantime,Spacehog,edgy,https://open.spotify.com/track/7mhPoPnBx4gX1qFQXEVGzx
1q397TG6H6LNMre917DXo6,In the Meantime,Spacehog,edgy,https://open.spotify.com/track/1q397TG6H6LNMre917DXo6
3gRQrpBWdLGHNQvgbZfBJk,Hold My Hand - Radio Edit,Hootie & The Blowfish,edgy,https://open.spotify.com/track/3gRQrpBWdLGHNQvgbZfBJk
0Bqfb5NoLmuRMlSVuKRY0b,Something in Your Mouth,Nickelback,edgy,https://open.spotify.com/track/0Bqfb5NoLmuRMlSVuKRY0b
025AeWIbG8y5N31DeJZpat,Old Man & Me,Hootie & The Blowfish,edgy,https://open.spotify.com/track/025AeWIbG8y5N31DeJZpat
7mlh2cykkEMQo37UaS3tSG,Good,Better Than Ezra,edgy,https://open.spotify.com/track/7mlh2cykkEMQo37UaS3tSG
1RYfJYoRAOTXsQsOjoTZDk,Champagne,Cavo,edgy,https://open.spotify.com/track/1RYfJYoRAOTXsQsOjoTZDk
0dVpe10nNFnC13UmvGS6gN,Hell and High Water - Acoustic,Black Stone Cherry,edgy,https://open.spotify.com/track/0dVpe10nNFnC13UmvGS6gN
1HRd0jmSbGXk614JFUZtfL,She's So Mean - Ralphi Rosario Radio Edit,Matchbox Twenty,edgy,https://open.spotify.com/track/1HRd0jmSbGXk614JFUZtfL
014lx04IYX4k4ebEawWMPt,"Edgy, Alternative Rock-Pop",John Bradley,edgy,https://open.spotify.com/track/014lx04IYX4k4ebEawWMPt
3YoiKS7ZA1ovXTzqSD5Hbb,edgy,luvwillow,edgy,https://open.spotify.com/track/3YoiKS7ZA1ovXTzqSD5Hbb
6j4hcR47O4fgH5WGJslpWq,"Edgy, Alternative Pop-Rock",Steven Fernsby,edgy,https://open.spotify.com/track/6j4hcR47O4fgH5WGJslpWq
1Jd6IUFKPnCpZubMGyBoPV,Edgy - Slowed,luvwillow,edgy,https://open.spotify.com/track/1Jd6IUFKPnCpZubMGyBoPV
1fihskAVEewtKEuHTMrFT7,Phai,Microwave,edgy,https://open.spotify.com/track/1fihskAVEewtKEuHTMrFT7
1xoWZzBiFDM3bIeMuC3nri,Edge of Elegance,Venomous Sin,edgy,https://open.spotify.com/track/1xoWZzBiFDM3bIeMuC3nri
4MQhFsfVcVcxajl1qg028p,Hammer Border,The Rocksters,edgy,https://open.spotify.com/track/4MQhFsfVcVcxajl1qg028p
2gGt3f7XNzFne5Up3BYTHx,Who Cut Class,The Rocksters,edgy,https://open.spotify.com/track/2gGt3f7XNzFne5Up3BYTHx
6Qb1faRGdordU0jHGwfiPe,3 The Hard Way,Beastie Boys,edgy,https://open.spotify.com/track/6Qb1faRGdordU0jHGwfiPe
3iucL3C1XZjfjdviChThVr,Moz'Art District,Art District,edgy,https://open.spotify.com/track/3iucL3C1XZjfjdviChThVr
2Y9ByhEx6NmW9z1Tfdrmmy,An Alternative,tcr!,edgy,https://open.spotify.com/track/2Y9ByhEx6NmW9z1Tfdrmmy
042QwWvtFc4GhlKmqGAkho,Implementor,The Rocksters,edgy,https://open.spotify.com/track/042QwWvtFc4GhlKmqGAkho
0xVHc4X3XXjGRHwy4VShQN,Esteem,The Rocksters,edgy,https://open.spotify.com/track/0xVHc4X3XXjGRHwy4VShQN
3aiEGsq6jFR3MuZ1VFQivF,I Cant Believe,The Rocksters,edgy,https://open.spotify.com/track/3aiEGsq6jFR3MuZ1VFQivF
0R0pNx5MhhagIkSQRiAM0v,Gái Anime,Nắc Core,edgy,https://open.spotify.com/track/0R0pNx5MhhagIkSQRiAM0v
2fiXDAxacnkEowe8PfbRoz,Em Đéo Biết Nữa Anh Ơi,7UPPERCUTS,edgy,https://open.spotify.com/track/2fiXDAxacnkEowe8PfbRoz
63YhJr8RAVLx5DyIdSYiEU,EDGE OF INPHINITY,boggio,edgy,https://open.spotify.com/track/63YhJr8RAVLx5DyIdSYiEU
1LfdCSQUrVe9JZuDvrVJWs,Ancap,eF HAVoc,edgy,https://open.spotify.com/track/1LfdCSQUrVe9JZuDvrVJWs
5dHBIMaQU2KkLtDNpZYsCH,Pantera Fans In Love,Nerf Herder,edgy,https://open.spotify.com/track/5dHBIMaQU2KkLtDNpZYsCH
5R9BSocQez7Xub94Z6bIBK,Rockin' Radio,Freedom Call,edgy,https://open.spotify.com/track/5R9BSocQez7Xub94Z6bIBK
6VT4Dnjd2OgBpwpzGMwo58,WE ON GO III (feat. TiaCorine),BIA,edgy,https://open.spotify.com/track/6VT4Dnjd2OgBpwpzGMwo58
06X0d455hnFcLuUgSlbaSX,Frogy,The Rocksters,edgy,https://open.spotify.com/track/06X0d455hnFcLuUgSlbaSX
27qyI5SkTV8obBCIEtH2XA,Large Pebble,The Rocksters,edgy,https://open.spotify.com/track/27qyI5SkTV8obBCIEtH2XA
4ECJTR4EY1hfrcAL0mH2Vr,Pacifist,The Rocksters,edgy,https://open.spotify.com/track/4ECJTR4EY1hfrcAL0mH2Vr
15x72lfejU1pUVncwyFlgm,Alright,Lý Bực,edgy,https://open.spotify.com/track/15x72lfejU1pUVncwyFlgm
6nW1wvBh8Na357TJYyTk5z,The Same Thrill - 2015 - Remaster,Scorpions,edgy,https://open.spotify.com/track/6nW1wvBh8Na357TJYyTk5z
6xNEBtz12SIk7C7rkfr5iG,Say,Microwave,edgy,https://open.spotify.com/track/6xNEBtz12SIk7C7rkfr5iG
4m4FQftEbfHSuhEx7X8M1O,Nhu Mì,Jaigon Orchestra,edgy,https://open.spotify.com/track/4m4FQftEbfHSuhEx7X8M1O
6nbbjtXYPGI4waHHb7FbrP,EFFIGY,Dalexis,edgy,https://open.spotify.com/track/6nbbjtXYPGI4waHHb7FbrP
2207yh6O2F2a6VrQzeBt6u,Bad Thing,Steven Rodriguez,edgy,https://open.spotify.com/track/2207yh6O2F2a6VrQzeBt6u
3jPIQdzCzc9EE5U3JQsSwI,Last Night,The Rocksters,edgy,https://open.spotify.com/track/3jPIQdzCzc9EE5U3JQsSwI
0rgvCxgZst5toIM1wRZbbK,Little That You Know,The Rocksters,edgy,https://open.spotify.com/track/0rgvCxgZst5toIM1wRZbbK
2S1JGEgfrgYybTfVZypCe3,Extreme Teen,Plan 8,edgy,https://open.spotify.com/track/2S1JGEgfrgYybTfVZypCe3
0edin70aYLZJStllgIEQWA,Cruise Board,Plan 8,edgy,https://open.spotify.com/track/0edin70aYLZJStllgIEQWA
5029J89FLVDPz4mC89gapZ,Bay 2,Microwave,edgy,https://open.spotify.com/track/5029J89FLVDPz4mC89gapZ
4jdvoFwVAMZkV3T2De7G5X,Frustrating,7UPPERCUTS,edgy,https://open.spotify.com/track/4jdvoFwVAMZkV3T2De7G5X
06z62UqZgGMV3ECbQWEe8W,alt girl summer,Dongu the Rat,edgy,https://open.spotify.com/track/06z62UqZgGMV3ECbQWEe8W
6eKWlWbPGKwuhn95PCUe0o,Steal My Sunshine,Eve 6,edgy,https://open.spotify.com/track/6eKWlWbPGKwuhn95PCUe0o
3uIeUQDVAnjZkLo0in5axH,Beat of Life,DJ Tomekk,edgy,https://open.spotify.com/track/3uIeUQDVAnjZkLo0in5axH
3cpMfY4vRVVVUZQUoe71XT,3 The Hard Way,Beastie Boys,edgy,https://open.spotify.com/track/3cpMfY4vRVVVUZQUoe71XT
0hSG3tCGUzUhdk7mi4QSuN,No Internet,7UPPERCUTS,edgy,https://open.spotify.com/track/0hSG3tCGUzUhdk7mi4QSuN
0mXGCO82SlzvWLIonFxzGL,Getting Out,Plan 8,edgy,https://open.spotify.com/track/0mXGCO82SlzvWLIonFxzGL
47kgvzrbcT3ZBpVBLYey3l,Falling Out,Plan 8,edgy,https://open.spotify.com/track/47kgvzrbcT3ZBpVBLYey3l
0OnUnCv09spiGjyS2x0XWL,Bittersweet Memories,Plan 8,edgy,https://open.spotify.com/track/0OnUnCv09spiGjyS2x0XWL
2e5tOjgd5sSi7z4lvIBfkr,Do It (Đừng Đú),9xacly,edgy,https://open.spotify.com/track/2e5tOjgd5sSi7z4lvIBfkr
4awOJibHPCA37lNUFQIsUT,in-trô,Phuc海福,edgy,https://open.spotify.com/track/4awOJibHPCA37lNUFQIsUT
23v58lHSrXHuKtyded0qyU,Money,Ke'lyn the Artist,edgy,https://open.spotify.com/track/23v58lHSrXHuKtyded0qyU
23dAsNnhbFwEFd2txOjFxJ,Rockin' Radio (Killerbilly Version),Freedom Call,edgy,https://open.spotify.com/track/23dAsNnhbFwEFd2txOjFxJ
2tA8X7V66rkCha44SNYjWc,Rockin' Radio - Killerbilly Version,Freedom Call,edgy,https://open.spotify.com/track/2tA8X7V66rkCha44SNYjWc
5GBENeZ1JX1mbj1dwLWQ7g,Know It All,Lagwagon,edgy,https://open.spotify.com/track/5GBENeZ1JX1mbj1dwLWQ7g
0PVvO3Q3LE8ChTg16R2RDs,DỐI GIAN - Metal Rock,Tiến võ,edgy,https://open.spotify.com/track/0PVvO3Q3LE8ChTg16R2RDs
42aD42jl7ieuIJXuEP3ysP,Rage Quit,Plan 8,edgy,https://open.spotify.com/track/42aD42jl7ieuIJXuEP3ysP
1vBtT71HJfCl2YEAdwTojw,Transformation,Plan 8,edgy,https://open.spotify.com/track/1vBtT71HJfCl2YEAdwTojw
5y7zNYM17L3UEr9hMoRfDb,Crazy Game,Plan 8,edgy,https://open.spotify.com/track/5y7zNYM17L3UEr9hMoRfDb
2jLIMiInDXiJrJtDPA3hpi,AI GIEO QUẺ HÔNGGGGG???,PONNIE,edgy,https://open.spotify.com/track/2jLIMiInDXiJrJtDPA3hpi
6AIClvZIRbKZdXW9QvyAim,Lý Ngựa Ô (Ride The Darkness),Dzung,edgy,https://open.spotify.com/track/6AIClvZIRbKZdXW9QvyAim
1AQieDIb1XmV74MNyB5OBe,Hip Hop Baby,Bone Brothers,edgy,https://open.spotify.com/track/1AQieDIb1XmV74MNyB5OBe
3MQgF49we1BJi3O4aKBtU9,Drone Song,Edgehill,edgy,https://open.spotify.com/track/3MQgF49we1BJi3O4aKBtU9
5CUyeaez4LqNBCK1l4Ikrg,Tanka Mantra,Cargo Qell,edgy,https://open.spotify.com/track/5CUyeaez4LqNBCK1l4Ikrg
7oY6Vte9x2SZVMgpDNmjfb,Mad for It,Shootyz Groove,edgy,https://open.spotify.com/track/7oY6Vte9x2SZVMgpDNmjfb
2uwZZ2gNWATJOeX6TPGSnq,Alternative Rock Songwars,fzxr,edgy,https://open.spotify.com/track/2uwZZ2gNWATJOeX6TPGSnq
2WSP3p77fqoz16kab3ebge,Ruined Android,Gamma Rock,edgy,https://open.spotify.com/track/2WSP3p77fqoz16kab3ebge
7CYe985locf1I2VCh51evB,Hyper Assault,Gamma Rock,edgy,https://open.spotify.com/track/7CYe985locf1I2VCh51evB
4DQNgMcG0iPyVHjmbacvnT,Us Against The World,Plan 8,edgy,https://open.spotify.com/track/4DQNgMcG0iPyVHjmbacvnT
4pJrE4qX28odQV7Tby8cSW,Rebel Cause,Plan 8,edgy,https://open.spotify.com/track/4pJrE4qX28odQV7Tby8cSW
35WfnuxfvPpWVzl8VwaXeK,Quơi!,9xacly,edgy,https://open.spotify.com/track/35WfnuxfvPpWVzl8VwaXeK
5oljX7DbvMROsZLaoM0Nui,Bay,Microwave,edgy,https://open.spotify.com/track/5oljX7DbvMROsZLaoM0Nui
1CdRSpjd7eRJVhCHjfisPV,Hale Bop (She Bop),Dean Friedman,edgy,https://open.spotify.com/track/1CdRSpjd7eRJVhCHjfisPV
6rgqAfW9PyUo9Jp1KsvnrD,3 The Hard Way,Beastie Boys,edgy,https://open.spotify.com/track/6rgqAfW9PyUo9Jp1KsvnrD
2tv370T2mJjAXgEsW9xJyV,Chickenshit Conformist,Dead Kennedys,edgy,https://open.spotify.com/track/2tv370T2mJjAXgEsW9xJyV
0q3aTc80o7S6yFUzwjISCN,Bushwhacker,Gamma Rock,edgy,https://open.spotify.com/track/0q3aTc80o7S6yFUzwjISCN
01joRkdlNGxoQiE6QS7bsZ,Smells Like Zen,Gamma Rock,edgy,https://open.spotify.com/track/01joRkdlNGxoQiE6QS7bsZ
5EjjcYRtFPLmzm8onVaxLA,Heroic Stampede,Gamma Rock,edgy,https://open.spotify.com/track/5EjjcYRtFPLmzm8onVaxLA
3IXGqaWKfr07sreXgJt5UX,Lola - Alternate Version,Cá Hồi Hoang,edgy,https://open.spotify.com/track/3IXGqaWKfr07sreXgJt5UX
4SsxWI6nBlrVPqLprLlY57,SAIGON PUNK,WAZZ MUSIC,edgy,https://open.spotify.com/track/4SsxWI6nBlrVPqLprLlY57
7wE6fXvh1CD5UUQILGxDxd,Selfish,Edging,edgy,https://open.spotify.com/track/7wE6fXvh1CD5UUQILGxDxd
1VY7hojP0bZRPuILZ6LUPA,i want to wear your shirt,mikemike,edgy,https://open.spotify.com/track/1VY7hojP0bZRPuILZ6LUPA
3LakzwAUIaVuKdecwUPfu4,Tattoo,Layto,edgy,https://open.spotify.com/track/3LakzwAUIaVuKdecwUPfu4
4qvoGvWtCnqBd2bxC1ComX,Hale-Bop She-Bop,Dean Friedman,edgy,https://open.spotify.com/track/4qvoGvWtCnqBd2bxC1ComX
5EXpk5WZcWsuICBSaiwNUL,Your Asterisk,The Halo Benders,edgy,https://open.spotify.com/track/5EXpk5WZcWsuICBSaiwNUL
3hmwp3dBpsqRZpSCaNrDRX,Green Blossoms,Gamma Rock,edgy,https://open.spotify.com/track/3hmwp3dBpsqRZpSCaNrDRX
192hc9UEL9XIjwOJ1fwKY7,Whats so Funny,Gamma Rock,edgy,https://open.spotify.com/track/192hc9UEL9XIjwOJ1fwKY7
0CHIdkblU8IlP0LI0p3xsi,Lets Try Again,Gamma Rock,edgy,https://open.spotify.com/track/0CHIdkblU8IlP0LI0p3xsi
57lh53PMGL8tNBU4gjUcRV,Cell Kills Gunman,Bruce Faulconer,edgy,https://open.spotify.com/track/57lh53PMGL8tNBU4gjUcRV
0HN9Hs1Ec9GG8ZPv0ze4po,Stuck,Edging,edgy,https://open.spotify.com/track/0HN9Hs1Ec9GG8ZPv0ze4po
1dIYMgRFGsuTdsB9831lo5,Ái Ái Ái (Reimagine),Mèow Lạc,edgy,https://open.spotify.com/track/1dIYMgRFGsuTdsB9831lo5
0fQHd4InXdi3gs2lGw8yEa,Onix the Rock Snake,Random Encounters,edgy,https://open.spotify.com/track/0fQHd4InXdi3gs2lGw8yEa
1cQ7g3MJajONRS12zE4iJF,When Things Turn Around,Edging,edgy,https://open.spotify.com/track/1cQ7g3MJajONRS12zE4iJF
33JDQXDoInvQ6XyTOQxAhj,Kill Rock Stars,NOFX,edgy,https://open.spotify.com/track/33JDQXDoInvQ6XyTOQxAhj
5rEqkbI5kaU2D1YsyC5Yah,Not Enough Rocks,The Edge Lords,edgy,https://open.spotify.com/track/5rEqkbI5kaU2D1YsyC5Yah
41YbrtVfWhexDUa4hfNeTE,Extreme Alternative Rock,MagpieMusic,edgy,https://open.spotify.com/track/41YbrtVfWhexDUa4hfNeTE
58R0N1OJZMmSBwbg7oGG91,Acid Crow,Gamma Rock,edgy,https://open.spotify.com/track/58R0N1OJZMmSBwbg7oGG91
7iUKz0ZnXAB87E25xeXHey,Deli Meat Tray,Gamma Rock,edgy,https://open.spotify.com/track/7iUKz0ZnXAB87E25xeXHey
4lSa4jsgKuR2oiMHiESl8s,TremorVenus,Gamma Rock,edgy,https://open.spotify.com/track/4lSa4jsgKuR2oiMHiESl8s
2IxVOgzYGZfoZPTD2MIbnf,Arcadian Interrupt,Gamma Rock,edgy,https://open.spotify.com/track/2IxVOgzYGZfoZPTD2MIbnf
6lXmwf3s5Zs3aDNaqI52au,RAPID FIRE,CYCLONE,edgy,https://open.spotify.com/track/6lXmwf3s5Zs3aDNaqI52au
2nRQpZmQOQ5wAr5LdPA3Um,Rối Ren,Truant Fu,edgy,https://open.spotify.com/track/2nRQpZmQOQ5wAr5LdPA3Um
6IcMMGcHYwqVeGONby8zew,On My Own,7UPPERCUTS,edgy,https://open.spotify.com/track/6IcMMGcHYwqVeGONby8zew
6a0M7hpK910b7hzfc7MiCM,Drivin Around (And Around and Around),Egil Olsen,edgy,https://open.spotify.com/track/6a0M7hpK910b7hzfc7MiCM
2MEhNDfXHSywj83LRhGkze,Knuckledragger,Hothpark House Band,edgy,https://open.spotify.com/track/2MEhNDfXHSywj83LRhGkze
4VrJHRHxy3PmSNV0sxLcGj,Sulfur Lung Heat - Dark Industrial Phonk,HypHEN,edgy,https://open.spotify.com/track/4VrJHRHxy3PmSNV0sxLcGj
0AZW2hX8nvJWB9EVrlZfpD,Fossil Glide Path - Dark Industrial Phonk,HypHEN,edgy,https://open.spotify.com/track/0AZW2hX8nvJWB9EVrlZfpD
4pk3HufRIsU37vwqK7Cy5g,Industry of darkness,EDM METAVERSE,edgy,https://open.spotify.com/track/4pk3HufRIsU37vwqK7Cy5g
37Y7z4bpTzpnzP40SRm9jZ,Industrial Is As Industrial Does,Roastmane,edgy,https://open.spotify.com/track/37Y7z4bpTzpnzP40SRm9jZ
6a5L7SWngeKoZ8ilvbaHTZ,Industrial bloodline,EDM METAVERSE,edgy,https://open.spotify.com/track/6a5L7SWngeKoZ8ilvbaHTZ
5HzwTYZpz6rJevsLHUBR6y,Crunch Time,Chris Travis,edgy,https://open.spotify.com/track/5HzwTYZpz6rJevsLHUBR6y
4fxY236FutXMANhOuOhpCL,TOO FAST TO DIE - 2nd Version,American Boy,edgy,https://open.spotify.com/track/4fxY236FutXMANhOuOhpCL
4ryqTFSUPDzRxYFBtY2URE,Phonk U,Extize,edgy,https://open.spotify.com/track/4ryqTFSUPDzRxYFBtY2URE
1QaA9nOzkA7rGxZ6R5vHuV,NEON BONES & BROKEN SPEAKERS - 2nd Version,American Boy,edgy,https://open.spotify.com/track/1QaA9nOzkA7rGxZ6R5vHuV
1zIwCKLdOcdpW3YrkmTHOH,Yasuo The Unforgiven,Willburd,edgy,https://open.spotify.com/track/1zIwCKLdOcdpW3YrkmTHOH
6fNpcoa3lnS3xRb4fZkUN2,NEO INDUSTRIAL,Trashiii,edgy,https://open.spotify.com/track/6fNpcoa3lnS3xRb4fZkUN2
1VNmCrdgDFgl1ThXHgNXpi,Industrial Space,Trx Music,edgy,https://open.spotify.com/track/1VNmCrdgDFgl1ThXHgNXpi
4XCrAcdYvkFOgqQcamnV52,IRON GHOST - Industrial Gym Phonk Mix,OTB Studio Soundscapes,edgy,https://open.spotify.com/track/4XCrAcdYvkFOgqQcamnV52
3kg9Gj2vMh6GAd0NVc3ne3,INDUSTRIAL SIRIUS,Extreme Hybrid Wrestling,edgy,https://open.spotify.com/track/3kg9Gj2vMh6GAd0NVc3ne3
6rvwIdJtzvpfU7Gt3AY4nk,Check This Out - Boost,Voplica,edgy,https://open.spotify.com/track/6rvwIdJtzvpfU7Gt3AY4nk
2k8t5isQy2OalYELuAvkDS,TOO FAST TO DIE,American Boy,edgy,https://open.spotify.com/track/2k8t5isQy2OalYELuAvkDS
01AbtBwi1EiFzIEPXQQP0e,NO SLEEP IN HELL CITY - 2nd Version,American Boy,edgy,https://open.spotify.com/track/01AbtBwi1EiFzIEPXQQP0e
3NXi5TeZcCrxIPu7OtnZ71,Playas Rage,Lord Lorenz,edgy,https://open.spotify.com/track/3NXi5TeZcCrxIPu7OtnZ71
1cXO6LYHm2VUmY9hQ860UM,Industrial Void,DJ AVN,edgy,https://open.spotify.com/track/1cXO6LYHm2VUmY9hQ860UM
3BqQdX1CO7lrCmqJ9HgQUc,industrial revolution,the tofu paradigm,edgy,https://open.spotify.com/track/3BqQdX1CO7lrCmqJ9HgQUc
3UUDbLADalRBRiuTad8V59,Industrial Bass,Dj Maison,edgy,https://open.spotify.com/track/3UUDbLADalRBRiuTad8V59
4Qb7T2WDxPclXHcn8VWonk,Industrial Plague,ZYNTHX,edgy,https://open.spotify.com/track/4Qb7T2WDxPclXHcn8VWonk
2tRjGNBYm615IQwgtQBmwK,Industrial bomb,Jackpot Records,edgy,https://open.spotify.com/track/2tRjGNBYm615IQwgtQBmwK
1Vivc5ZeD7UhPf44z6LbtY,Bezan Berim / بزن بریم,MEHRXO,edgy,https://open.spotify.com/track/1Vivc5ZeD7UhPf44z6LbtY
3iHUgUGCD0YzDZOTUGy25R,When We Ride (feat. Amber London),Chris Travis,edgy,https://open.spotify.com/track/3iHUgUGCD0YzDZOTUGy25R
1FCjP7dQuPOkfMOMU1UvDC,DEVIL’S CASSETTE TAPE,American Boy,edgy,https://open.spotify.com/track/1FCjP7dQuPOkfMOMU1UvDC
16AGSeJGp0ixsvSC57n6pb,DEVIL’S CASSETTE TAPE - 2nd Version,American Boy,edgy,https://open.spotify.com/track/16AGSeJGp0ixsvSC57n6pb
2N5qduo8RbH5sv0yz6g7mJ,INDUSTRIAL PHONK,APOCALIPSE,edgy,https://open.spotify.com/track/2N5qduo8RbH5sv0yz6g7mJ
68Sgt4YCoMfgePDfuIIpdr,INDUSTRIAL STRENGTH (MANUFACTURING ELECTRIC),Extreme Hybrid Wrestling,edgy,https://open.spotify.com/track/68Sgt4YCoMfgePDfuIIpdr
0eUjXKAtIkIGZJDSbwHOag,industrial,loopisms,edgy,https://open.spotify.com/track/0eUjXKAtIkIGZJDSbwHOag
5JDNhAIFsyY2c9cafAqFSB,Industrial 2,loopisms,edgy,https://open.spotify.com/track/5JDNhAIFsyY2c9cafAqFSB
0gTNNzepZcMFTjzdUa9may,Sick Machines,Rapid Noize,edgy,https://open.spotify.com/track/0gTNNzepZcMFTjzdUa9may
430y7nbYeH1tno28prZKb9,Weather Phonk,weatherman,edgy,https://open.spotify.com/track/430y7nbYeH1tno28prZKb9
7vmz3YYXeeVnA5TcvMswXz,ANIME VILLAIN ENERGY - 2nd Version,American Boy,edgy,https://open.spotify.com/track/7vmz3YYXeeVnA5TcvMswXz
6dQktFxpj0Dz29GcaUaDvU,FUNK FUEL INJECTION - 2nd Version,American Boy,edgy,https://open.spotify.com/track/6dQktFxpj0Dz29GcaUaDvU
18aTdgwubN05IO2fOTa9d0,Lust For Hate,Baker Ya Maker,edgy,https://open.spotify.com/track/18aTdgwubN05IO2fOTa9d0
5ynO8cYFjDwELIZfFHHeYe,Synchronicity II,The Police,edgy,https://open.spotify.com/track/5ynO8cYFjDwELIZfFHHeYe
5UQ4rWL0xseRbYt55u2i8U,Industrial 3,loopisms,edgy,https://open.spotify.com/track/5UQ4rWL0xseRbYt55u2i8U
7ItKAxfRToc7X2P3V9U0Ht,Industrial 1,loopisms,edgy,https://open.spotify.com/track/7ItKAxfRToc7X2P3V9U0Ht
4GV5EgYzfnH47dh9pKzPOp,Industrial Nerve Center,SILICA,edgy,https://open.spotify.com/track/4GV5EgYzfnH47dh9pKzPOp
5uBtVra3ayYwJVrSkArvTC,Industrial Silence,AVIATOR,edgy,https://open.spotify.com/track/5uBtVra3ayYwJVrSkArvTC
1szg5gwPLK29x5nlRkZQ8i,disregarded,Cold Cypher,edgy,https://open.spotify.com/track/1szg5gwPLK29x5nlRkZQ8i
1HaoDkxeGlnnkfiNsdl7ky,NIGHTMARE!,SNOWGOTHAM,edgy,https://open.spotify.com/track/1HaoDkxeGlnnkfiNsdl7ky
52adcbHCNqFqh1o9I50RSk,BASS IN THE REARVIEW,American Boy,edgy,https://open.spotify.com/track/52adcbHCNqFqh1o9I50RSk
4CH8jxH462RbKbN0CZ5YY3,NO SLEEP IN HELL CITY,American Boy,edgy,https://open.spotify.com/track/4CH8jxH462RbKbN0CZ5YY3
0hIBAOAZxlpGaHXX7fKdYD,NEON BONES & BROKEN SPEAKERS,American Boy,edgy,https://open.spotify.com/track/0hIBAOAZxlpGaHXX7fKdYD
0Dgr9RNqd97DLPZzlXbIBE,MIDNIGHT DEMON II,Absolute Terror,edgy,https://open.spotify.com/track/0Dgr9RNqd97DLPZzlXbIBE
20TKyZHq9Ikxa9kZ7EkvYD,INDUSTRIAL STRENGTH (MANUFACTURING STRINGS),Extreme Hybrid Wrestling,edgy,https://open.spotify.com/track/20TKyZHq9Ikxa9kZ7EkvYD
1BotZ0t6sSW1ICvD5yYZMY,Industrial,loopisms,edgy,https://open.spotify.com/track/1BotZ0t6sSW1ICvD5yYZMY
5Yty6OyyBqv9ANCwvR0IUQ,Industrial Strings,Nocturne Echoes,edgy,https://open.spotify.com/track/5Yty6OyyBqv9ANCwvR0IUQ
5kcGUlsNfBI46ccA8n3vyf,Industrial 4,loopisms,edgy,https://open.spotify.com/track/5kcGUlsNfBI46ccA8n3vyf
084pKRDKJ5E79Bq4Jf11Rp,GHOSTS,MEHRXO,edgy,https://open.spotify.com/track/084pKRDKJ5E79Bq4Jf11Rp
4ALcfPsIloG14dQMW58ak4,SINGULARiTY ∴ OBLiTERANT,ShinoBiWan,edgy,https://open.spotify.com/track/4ALcfPsIloG14dQMW58ak4
4x1lwr4xK7oeOZGsAahkt2,A Vampire's Creed,Noctiflex,edgy,https://open.spotify.com/track/4x1lwr4xK7oeOZGsAahkt2
0cd4ncWUTUfgnqdehMfUmK,Check This Out - Dream,Voplica,edgy,https://open.spotify.com/track/0cd4ncWUTUfgnqdehMfUmK
7AT90W18TmTriHmNU5nUgs,SYNTHS & SKRRRT - 2nd Version,American Boy,edgy,https://open.spotify.com/track/7AT90W18TmTriHmNU5nUgs
4zAvwwPmBr2KzWRoYLigka,Industrial Horror,Alaska,edgy,https://open.spotify.com/track/4zAvwwPmBr2KzWRoYLigka
5xsEXGoMQVmL76eLZY0am6,Industrial,Magnus Deus,edgy,https://open.spotify.com/track/5xsEXGoMQVmL76eLZY0am6
0CH19F683ST6093PHR2XIj,Industrial Tekk,5XD,edgy,https://open.spotify.com/track/0CH19F683ST6093PHR2XIj
22Yj61ouNJVvpHCdpv6asC,Industrial Arts - Lo-Fi,The McCluer Brothers,edgy,https://open.spotify.com/track/22Yj61ouNJVvpHCdpv6asC
1kZr6x82l7dNdE7706SnJD,Industrial Jam - Corembient Mix,Gunrunner,edgy,https://open.spotify.com/track/1kZr6x82l7dNdE7706SnJD
7bWxRpNEzfj29uH46YKhdm,MY JEANS ARE BLUE - SWEENEYCORE RAGEPHONK EDIT,DRIFTGØD,edgy,https://open.spotify.com/track/7bWxRpNEzfj29uH46YKhdm
0YWxrL5TEV0qeFR1PRuYEz,Shadxws.,Scarlxrd,edgy,https://open.spotify.com/track/0YWxrL5TEV0qeFR1PRuYEz
5Th9qaNjPHxphMYz6WU7UN,BASSLINE NECROMANCY - 2nd Version,American Boy,edgy,https://open.spotify.com/track/5Th9qaNjPHxphMYz6WU7UN
4U6IHOcli9HD259WWu6Mj9,MIDNIGHT DRIFT SYNDICATE - 2nd Version,American Boy,edgy,https://open.spotify.com/track/4U6IHOcli9HD259WWu6Mj9
3SpjqqJu2ByOQgpQKZvqtG,Industrial,Bu 2xx3,edgy,https://open.spotify.com/track/3SpjqqJu2ByOQgpQKZvqtG
4nMKlHcMtjpSRTkMp4gI4v,Dark Industrial Pollution,Genocide Organ,edgy,https://open.spotify.com/track/4nMKlHcMtjpSRTkMp4gI4v
46eJgQtcORnUfGSFUnwlTh,INDUSTRIAL STRENGTH,KRYZ,edgy,https://open.spotify.com/track/46eJgQtcORnUfGSFUnwlTh
2WiwQjIpw7uIQQGQfvFMoT,Industrializer,Alien Vampires,edgy,https://open.spotify.com/track/2WiwQjIpw7uIQQGQfvFMoT
4gtXJGw6949THaVbZkDSy4,SO LOW,KiddCriz,edgy,https://open.spotify.com/track/4gtXJGw6949THaVbZkDSy4
6BiOkILG2AdAkfo2X2Pq4C,Yasuo The Unforgiven - Sped Up,Willburd,edgy,https://open.spotify.com/track/6BiOkILG2AdAkfo2X2Pq4C
46SPltgbqtDjJoun0kyncS,PHONK OF THE DEAD,American Boy,edgy,https://open.spotify.com/track/46SPltgbqtDjJoun0kyncS
6KOMEXjvqyp0PGRl8fJsTY,CHROME HEARTS & COWBELLS,American Boy,edgy,https://open.spotify.com/track/6KOMEXjvqyp0PGRl8fJsTY
3xio67iX0KaovHT3kViY4d,Heart,Kleo,edgy,https://open.spotify.com/track/3xio67iX0KaovHT3kViY4d
6pwhNcE8FtsyTxwkPtBOOd,KILL THEM ALL,Undead Ronin,edgy,https://open.spotify.com/track/6pwhNcE8FtsyTxwkPtBOOd
0XH1Ww9hLS8oz12KwpXLFw,Industrial Pulse,Numerøprimø,edgy,https://open.spotify.com/track/0XH1Ww9hLS8oz12KwpXLFw
4cfCsCpcYH2ZMa5GDkapPG,Industrial Blood,Nikø Gallø,edgy,https://open.spotify.com/track/4cfCsCpcYH2ZMa5GDkapPG
0FvnYcCUvsO72dRKZzvoO7,Industrial Mirage,Darkela,edgy,https://open.spotify.com/track/0FvnYcCUvsO72dRKZzvoO7
6ifisZGBqPZtzPbIimnGtl,Industrial Dust,Blytron,edgy,https://open.spotify.com/track/6ifisZGBqPZtzPbIimnGtl
0LWUzd9sZ1zAvuWx7cWMSS,Interview with the Devil (Industrial/Dark Alt Metal),Phantom Lounge,edgy,https://open.spotify.com/track/0LWUzd9sZ1zAvuWx7cWMSS
2OfLtUBLXVNQssnBonpIka,EDGERUNNER,ZeroSchulz,edgy,https://open.spotify.com/track/2OfLtUBLXVNQssnBonpIka
49VyJDeeV7v88BFwcfPEZm,808 Skidmarks,American Boy,edgy,https://open.spotify.com/track/49VyJDeeV7v88BFwcfPEZm
4STSTYgwTGDuXHLvEJXEa9,VHS HEARTBREAKER,American Boy,edgy,https://open.spotify.com/track/4STSTYgwTGDuXHLvEJXEa9
5LsUOqZi04vnV3ph8zoEVX,Names,Too Yugan,edgy,https://open.spotify.com/track/5LsUOqZi04vnV3ph8zoEVX
3vMM4pNEVcGpdx4Nq4jlao,Industry,KIMTrang,edgy,https://open.spotify.com/track/3vMM4pNEVcGpdx4Nq4jlao
6CoCj3jhg29XNRO0Vr9l1i,INDUSTRIAL SYMPHONY II,KAHAN,edgy,https://open.spotify.com/track/6CoCj3jhg29XNRO0Vr9l1i
4QlN5P32em0x5hi2xj8akB,Industrial Snow World,lolrust,edgy,https://open.spotify.com/track/4QlN5P32em0x5hi2xj8akB
0si8Gpa5xirKRhJ2hLGRAT,INDUSTRIAL FAIRYTALE II,SAS,edgy,https://open.spotify.com/track/0si8Gpa5xirKRhJ2hLGRAT
3P6gpdXKYj8BunWJE35vk2,Industrial Hood,Skurvii,edgy,https://open.spotify.com/track/3P6gpdXKYj8BunWJE35vk2
2TWdrmEoCYlJyGSzjDDUfO,DRIFT KING OF THE DAMNED,American Boy,edgy,https://open.spotify.com/track/2TWdrmEoCYlJyGSzjDDUfO
2vXamFTX9VfWu2PVJ6tyDX,Pressure (feat. Guapdad 4000 & Buddy),Jay Worthy,edgy,https://open.spotify.com/track/2vXamFTX9VfWu2PVJ6tyDX
1OZ0nTKLutMUSIPybMLa7N,FUNK IN THE FAST LANE - 2nd Version,American Boy,edgy,https://open.spotify.com/track/1OZ0nTKLutMUSIPybMLa7N
6LUQXKmtZCgu3cqNgk8ZXH,HELLFUNK FM - 2nd Version,American Boy,edgy,https://open.spotify.com/track/6LUQXKmtZCgu3cqNgk8ZXH
6dgo6TMEzhxgQcfVbfJd3Z,DRIFT KING OF THE DAMNED - 2nd Version,American Boy,edgy,https://open.spotify.com/track/6dgo6TMEzhxgQcfVbfJd3Z
